member_id,uplift_score,churn_risk,t_uplift_score,s_uplift_score,rank
29146,0.889654406550526,0.8947197311856336,0.889654406550526,0.1038536456037949,1
24472,0.8518701486739504,0.9293239519723017,0.8518701486739504,0.038014713340462025,2
26652,0.8302520289606972,0.8349899976654409,0.8302520289606972,0.05898814246581069,3
28477,0.8067582969879423,0.8420054863147657,0.8067582969879423,0.013544443477292445,4
23142,0.7980884594434549,0.8488258863946612,0.7980884594434549,0.03078416971854303,5
25957,0.7813179754836261,0.8562109523008684,0.7813179754836261,0.045036894208398626,6
29354,0.774649882800946,0.8817649772878465,0.774649882800946,0.019169890083889696,7
20466,0.7736329288905596,0.9736872870228076,0.7736329288905596,0.026520501674806907,8
21284,0.7674374810341287,0.7747748325317244,0.7674374810341287,0.1616531829879781,9
27186,0.7641899532741108,0.7836225646705979,0.7641899532741108,-0.004872991808514637,10
20260,0.7599295983824965,0.9411656124927515,0.7599295983824965,0.029487340330040634,11
26729,0.7577088400879178,0.8969437091040842,0.7577088400879178,0.006097404273046614,12
22356,0.7537547082786878,0.8352754415177445,0.7537547082786878,0.04118671209683278,13
20569,0.7442069560108422,0.8995798234883177,0.7442069560108422,0.0,14
28985,0.7436602343418603,0.7948147897413076,0.7436602343418603,0.001096271671705229,15
26197,0.7341271765349424,0.7888603614114844,0.7341271765349424,0.05068957026258358,16
25274,0.733044427335286,0.8304785194794694,0.733044427335286,0.032732777108637645,17
25676,0.7281309529850463,0.7753779548075254,0.7281309529850463,0.03257712779804561,18
22984,0.7248041588844577,0.7470102539608212,0.7248041588844577,0.019335653950403486,19
29806,0.7222477941688846,0.7315401782568259,0.7222477941688846,0.0,20
27223,0.7185103567179555,0.7679807840638412,0.7185103567179555,0.019700391777059956,21
29171,0.708913427524043,0.8237657132991596,0.708913427524043,0.03944045787985795,22
22409,0.7077425309738111,0.7571371416497382,0.7077425309738111,0.14686662634947384,23
28234,0.7076487750818445,0.9085935937689439,0.7076487750818445,0.019864274999083942,24
20390,0.7053573716604987,0.8875527246651731,0.7053573716604987,0.03852176140181862,25
21036,0.7005345553666932,0.75429845583275,0.7005345553666932,0.015012269463945072,26
29609,0.6994572721240985,0.7469589105616574,0.6994572721240985,0.007703444128987491,27
21594,0.6994453581784967,0.8278121600877242,0.6994453581784967,0.004967035472912773,28
21466,0.6916761456516237,0.7765536300148189,0.6916761456516237,0.011186205943123528,29
22530,0.6888317866380453,0.7094290154928912,0.6888317866380453,0.0179388605959786,30
23378,0.6851312178651295,0.7276697898187882,0.6851312178651295,0.0506845607022417,31
26037,0.6817119327401773,0.7592754361075457,0.6817119327401773,0.032467263446487316,32
28295,0.6804695020407712,0.7999138747378074,0.6804695020407712,0.01027039594084811,33
27043,0.6782939560648075,0.8933258386173292,0.6782939560648075,-0.002214736954128216,34
26380,0.6769129819538657,0.8856727740587762,0.6769129819538657,0.026938343108803275,35
27664,0.6763526158805742,0.7157697728231444,0.6763526158805742,0.0324481599524159,36
22494,0.6760014327486864,0.7407333972825063,0.6760014327486864,0.0,37
22903,0.6744727500737038,0.821437862963538,0.6744727500737038,0.02129324986013481,38
23455,0.6737782331338721,0.7340236015665219,0.6737782331338721,0.03410447766486219,39
26375,0.6736650346212854,0.6925574692115215,0.6736650346212854,0.008571077542215588,40
27993,0.671827402764454,0.6967270167443187,0.671827402764454,0.23170064169088708,41
23366,0.6717048417865017,0.8377461336736286,0.6717048417865017,0.02688788163063538,42
21554,0.6687024959693603,0.6959770963117548,0.6687024959693603,0.049452376321358016,43
22522,0.6681467339810712,0.8543966438774349,0.6681467339810712,0.034386832822702496,44
23508,0.6673314107717601,0.7220870757429194,0.6673314107717601,0.042285129652624265,45
29754,0.6657239508819303,0.6761818780214983,0.6657239508819303,0.2431813549169448,46
23050,0.6653396380645692,0.8422569315033301,0.6653396380645692,0.03742948730403384,47
22705,0.6631570598769642,0.7192674752132705,0.6631570598769642,0.038849218699434696,48
27577,0.6606527278734623,0.7517880780968096,0.6606527278734623,0.003194258087325208,49
20738,0.6606060823945834,0.6934223380110908,0.6606060823945834,0.09991272803172169,50
26854,0.6602483468006076,0.7380057053859118,0.6602483468006076,0.007789459494974393,51
29240,0.6599654249616475,0.8264014833733235,0.6599654249616475,0.010955110357060982,52
28168,0.6597212824646864,0.795975196480392,0.6597212824646864,0.019055835789331677,53
22533,0.6584276268204005,0.7809016784392739,0.6584276268204005,0.0,54
23592,0.6554904554514867,0.7856109425017151,0.6554904554514867,0.0,55
26336,0.65462447772707,0.7474970642988534,0.65462447772707,0.0702127883262173,56
28775,0.6544096266633422,0.6598319547930372,0.6544096266633422,0.04301510617266635,57
28346,0.6541886989254646,0.8096177531638075,0.6541886989254646,0.015497510900683964,58
25411,0.6540692615960222,0.6956462931239763,0.6540692615960222,0.039518817226141034,59
23910,0.651636294559628,0.8182414422457811,0.651636294559628,0.038211332579339286,60
27954,0.6504997444537031,0.6873902131071364,0.6504997444537031,0.0032836531844265826,61
22612,0.649017576317091,0.6555388038904465,0.649017576317091,0.15908596411737724,62
23074,0.6484053282777246,0.6505140331292096,0.6484053282777246,0.17055555518539206,63
22802,0.6483591099690106,0.6947983814174765,0.6483591099690106,0.018427488823412053,64
29374,0.648127176614347,0.7854854878148947,0.648127176614347,0.03785257952494603,65
22341,0.6448414054213063,0.6666735686788531,0.6448414054213063,0.023545077140183723,66
22156,0.6421389419913645,0.7138589892272206,0.6421389419913645,-0.0017257513378110545,67
22733,0.6395690228721231,0.91727401853444,0.6395690228721231,0.0,68
24836,0.6384196530571591,0.702653946138581,0.6384196530571591,0.027113049472025086,69
22786,0.6379090020585455,0.6521364267724203,0.6379090020585455,0.2711620242266579,70
23707,0.637431125628936,0.7577020654372314,0.637431125628936,0.23078538532424017,71
26164,0.6363019401829233,0.8015161445332317,0.6363019401829233,0.002418770120028446,72
22086,0.6362291750256978,0.7454229292261698,0.6362291750256978,0.019120682944303913,73
24190,0.635396442761289,0.7360022756175231,0.635396442761289,0.0763197926778334,74
21124,0.6351310090782113,0.6806559736466834,0.6351310090782113,0.040143274062587386,75
22297,0.634285327193842,0.723292584687346,0.634285327193842,0.1293122005425929,76
21506,0.6342216218181872,0.6380350294987799,0.6342216218181872,0.18597755147728343,77
29831,0.6327530192939694,0.7353404696831458,0.6327530192939694,0.0053993116553909815,78
24182,0.6322881592722377,0.7905004538988325,0.6322881592722377,0.014334764514874254,79
24715,0.6321084539585672,0.7888033848377658,0.6321084539585672,0.052148725756582026,80
29435,0.6311104218804187,0.6579016265892101,0.6311104218804187,0.04095294029833557,81
27500,0.6284121653347104,0.7285977941096174,0.6284121653347104,0.0010860652656943248,82
22427,0.6280705447757426,0.721001767353851,0.6280705447757426,0.05093829972869501,83
21690,0.6279706924930917,0.6690837615314258,0.6279706924930917,-0.0024016129405495246,84
20922,0.6275044010121,0.6789913729307506,0.6275044010121,0.07658666267881592,85
26702,0.6274408734903617,0.7660022240861203,0.6274408734903617,0.0012467376563282118,86
21624,0.6242446545141609,0.6531856082342966,0.6242446545141609,0.021609069843752604,87
21788,0.6235761493313147,0.6989030369997222,0.6235761493313147,0.0058837980520368705,88
25775,0.623309770740128,0.741664269858432,0.623309770740128,0.010524245815549116,89
22749,0.6232334765620524,0.6343627272393542,0.6232334765620524,0.015534038860435917,90
21808,0.6220574539039239,0.6697810151328717,0.6220574539039239,0.05932021061914938,91
27303,0.6218333288344908,0.7015928384376735,0.6218333288344908,-0.00033057875311870433,92
22552,0.6213568354343176,0.6998859701499874,0.6213568354343176,0.07120897031552997,93
22235,0.6210021906547998,0.6710691871861195,0.6210021906547998,0.05739077993883024,94
24333,0.6207620017098269,0.7752049881750503,0.6207620017098269,0.002419948142470929,95
29473,0.6192422910437787,0.8442510075863245,0.6192422910437787,-0.001729085843596212,96
20468,0.6190102649442716,0.6435709625187346,0.6190102649442716,0.02945122932255373,97
21293,0.6180863551992707,0.6709503420429419,0.6180863551992707,0.021659456163793167,98
26265,0.615554527210808,0.6902082747816018,0.615554527210808,0.023458277499428748,99
27845,0.6141822326525367,0.6701412193623468,0.6141822326525367,0.06094917774886077,100
22221,0.6139022543028728,0.6390247488632753,0.6139022543028728,0.043958418434702384,101
27939,0.6100721332451297,0.6468522142458353,0.6100721332451297,0.018639701953563792,102
25691,0.6099900902406091,0.8189030022990477,0.6099900902406091,0.02626956397724689,103
22810,0.6085534675500459,0.749061119345734,0.6085534675500459,0.003715305513287026,104
26082,0.6057865981150219,0.6210907465417161,0.6057865981150219,0.045456315401474046,105
20590,0.6046186123910386,0.6354513521559771,0.6046186123910386,0.1533591720766741,106
22199,0.603717075825088,0.6917760339387587,0.603717075825088,0.03297949716188775,107
20166,0.6035188729024412,0.6537523572914672,0.6035188729024412,0.10928567749070117,108
28508,0.6011247093338492,0.6649474222803944,0.6011247093338492,0.011982400381544411,109
29097,0.6005752216727687,0.8221008181445224,0.6005752216727687,-0.0022464340555713447,110
29803,0.6003128416280225,0.6273043238393242,0.6003128416280225,0.010988758344489424,111
25809,0.6000767964872074,0.6722209130731556,0.6000767964872074,0.011662973622472927,112
21025,0.5985266971335047,0.619964182034495,0.5985266971335047,0.1195691710640919,113
20641,0.5984679880497003,0.6021390985684412,0.5984679880497003,0.11029244443686326,114
23468,0.598334539585586,0.6148306101904464,0.598334539585586,0.031190035547136563,115
28101,0.5980482273763983,0.6894527744448073,0.5980482273763983,0.0690125817752631,116
22869,0.5974058450721669,0.6952170514987851,0.5974058450721669,0.04513851790238266,117
26204,0.595142780985578,0.6359175283069919,0.595142780985578,0.03591011713052328,118
23966,0.5936439803271735,0.7415767662771863,0.5936439803271735,0.007755031366641685,119
28929,0.5911860374026567,0.6114078931551621,0.5911860374026567,-0.0024256173093677447,120
28878,0.5895006680149237,0.6617349976179666,0.5895006680149237,0.0,121
29870,0.5894112087009693,0.6290189563617544,0.5894112087009693,0.07271884211029883,122
23699,0.5888481987238994,0.7441833371391148,0.5888481987238994,0.031162708787034754,123
25081,0.587145291709365,0.5980938440222426,0.587145291709365,0.12440465671534931,124
24789,0.5867101673918077,0.6092252722276915,0.5867101673918077,0.11727282539001191,125
25488,0.5855211488533786,0.6322587031168135,0.5855211488533786,0.13473633832364795,126
23519,0.5849466328636654,0.7690285857495307,0.5849466328636654,0.03956149989635105,127
29669,0.5841904454599223,0.5888051874223611,0.5841904454599223,0.15733531217218208,128
24163,0.5841254666443747,0.6543881458756328,0.5841254666443747,0.021720600526330625,129
24617,0.5838605471919692,0.8390740903784372,0.5838605471919692,0.03069588011631863,130
23616,0.5835223422512568,0.5966842874009184,0.5835223422512568,0.22261568463454673,131
29940,0.5806447549904945,0.6294090378346175,0.5806447549904945,0.057802877765463945,132
29286,0.5796052976715104,0.7849372914759143,0.5796052976715104,0.020429657751773633,133
22804,0.5795562844250389,0.5897324407390574,0.5795562844250389,0.03239267170342547,134
22422,0.5787927956975292,0.6303307043999298,0.5787927956975292,0.021441070476776014,135
27382,0.5779677595260211,0.7344490807372948,0.5779677595260211,-0.002415397786293627,136
20743,0.577104934660225,0.8746098181870493,0.577104934660225,0.0,137
29738,0.576300375469632,0.736907006104024,0.576300375469632,0.0016868490496538824,138
26913,0.5759526591596487,0.7405169574634142,0.5759526591596487,0.020388397199804342,139
20270,0.5757938152800413,0.6813877923838119,0.5757938152800413,0.013269099364491499,140
24559,0.5742489972255125,0.6527191086286379,0.5742489972255125,0.02124068447999461,141
27753,0.5741235102553668,0.8778626930397384,0.5741235102553668,0.01736942739886238,142
26078,0.5736518854907832,0.5879536959844851,0.5736518854907832,0.059560372747172186,143
27928,0.5726320959816125,0.7061907023702981,0.5726320959816125,0.007152705294795558,144
24425,0.5716575638581424,0.5744692299100718,0.5716575638581424,0.20015974641852702,145
20284,0.5708495409027037,0.690666651774792,0.5708495409027037,0.046447085743611005,146
26609,0.5703170317521178,0.5853596413133018,0.5703170317521178,0.04907987055639279,147
22559,0.5692716154282055,0.5757971656175365,0.5692716154282055,0.12566007011231783,148
26460,0.5688476315592322,0.6041409057500314,0.5688476315592322,0.03457265235423962,149
26669,0.5686079067444864,0.7633448244587262,0.5686079067444864,0.0,150
20859,0.5673040019034064,0.6863748197116781,0.5673040019034064,0.00902967367426133,151
27041,0.5671113543113979,0.6697781567032208,0.5671113543113979,0.1669162852596089,152
25495,0.567077156806713,0.596703454715957,0.567077156806713,0.04293798039063812,153
21433,0.5667238332423029,0.743258943383122,0.5667238332423029,0.0,154
28370,0.5664644496988539,0.7040837330914329,0.5664644496988539,0.058063870607936385,155
23853,0.5658054062177071,0.5847532337894679,0.5658054062177071,0.013633906710666222,156
29680,0.5655450287913136,0.6065738141753806,0.5655450287913136,0.03518356411033219,157
28103,0.5654928891590382,0.6098770783234084,0.5654928891590382,0.11420745178692487,158
27520,0.5643704030173816,0.6408478145781012,0.5643704030173816,0.101352963401042,159
27490,0.5638125703383359,0.7735743173241091,0.5638125703383359,0.02837205429982903,160
28360,0.5638071703136412,0.7041681712718072,0.5638071703136412,0.0,161
29495,0.5633576375708012,0.7651989017215809,0.5633576375708012,0.04275448203474641,162
29620,0.5631530123077411,0.6927383203783019,0.5631530123077411,-0.009744848355052516,163
26413,0.5619789495226888,0.6346252385965647,0.5619789495226888,0.018889230429354198,164
20905,0.5610922316953376,0.5722460638330799,0.5610922316953376,0.019744971404692058,165
24170,0.5608205104203766,0.5881484531759515,0.5608205104203766,0.10320477245197168,166
28317,0.560267134815834,0.5961344549173521,0.560267134815834,0.027297609974710813,167
22452,0.560047810570987,0.7050472977225513,0.560047810570987,0.10086641923916906,168
20014,0.5597285150748745,0.8578522564625788,0.5597285150748745,0.04829208921651362,169
21836,0.5590471125520214,0.6167809346493314,0.5590471125520214,0.05364002931055434,170
28399,0.557485564243223,0.6862183315418957,0.557485564243223,0.007884845596947354,171
26719,0.5567617627868474,0.6086721821307071,0.5567617627868474,0.17779231726913952,172
24368,0.5563930204677283,0.7833222778080279,0.5563930204677283,0.05316646154229898,173
23603,0.5563688737253738,0.6030136149263664,0.5563688737253738,-0.002393673033987742,174
21242,0.5554395260868794,0.621224924470834,0.5554395260868794,0.07616624672109629,175
22295,0.5551417144357058,0.6141811671901731,0.5551417144357058,0.03814361715097758,176
23697,0.5548958177423594,0.6441886255199724,0.5548958177423594,0.0070847435643268675,177
25692,0.5545979801991527,0.8476584744938102,0.5545979801991527,0.023673956530498197,178
22469,0.5543179028346195,0.5587893988067612,0.5543179028346195,0.01993117783239512,179
23026,0.5538265168904487,0.6425715396013583,0.5538265168904487,0.02455855931836537,180
25971,0.5534047629032751,0.7215049315960459,0.5534047629032751,0.0020703097324751285,181
21626,0.5521909903255912,0.6373967978418394,0.5521909903255912,-0.001762281847217051,182
24590,0.5514575298827938,0.6238051699593551,0.5514575298827938,0.004026378435152522,183
27247,0.5514404167916844,0.6501944193977738,0.5514404167916844,0.03953158864848927,184
22928,0.5505760385010716,0.7692018171827313,0.5505760385010716,0.016563394232574913,185
29135,0.550409117163505,0.5794361702002067,0.550409117163505,0.04500366428514574,186
24203,0.5503976997075717,0.5844458331755925,0.5503976997075717,0.0,187
29839,0.5496472181007116,0.5937286238344303,0.5496472181007116,0.05086981932285889,188
27414,0.5489770827725542,0.5707901758092031,0.5489770827725542,0.0764991514754419,189
20174,0.5487823542201609,0.9065509222704555,0.5487823542201609,-0.0006432254119156378,190
22947,0.5485024366345305,0.6278233978803136,0.5485024366345305,0.0407725084844508,191
25835,0.5482934012926022,0.6290908597808464,0.5482934012926022,0.01921019964934545,192
22273,0.5471204240946733,0.6114442263771783,0.5471204240946733,0.055290428492365706,193
20288,0.5462377653064412,0.9286622203258083,0.5462377653064412,0.04809564920170262,194
26941,0.5461857506136883,0.5989811734855143,0.5461857506136883,0.017800136964138735,195
23474,0.546149800340277,0.7429377078846601,0.546149800340277,-0.0051821977729485935,196
22887,0.5457287271658562,0.6218567802035564,0.5457287271658562,0.010462962839232315,197
26575,0.5455420521705294,0.8350951092121319,0.5455420521705294,0.0007146420819508226,198
28031,0.5443477303099687,0.6016608405143866,0.5443477303099687,0.03990247080052334,199
27162,0.5438843887953191,0.7452794847553824,0.5438843887953191,0.08470143435810928,200
25732,0.5432309785215744,0.5736838647538637,0.5432309785215744,-0.014089731883227374,201
27909,0.5426793700770659,0.6196889497724622,0.5426793700770659,0.0019223601338829166,202
23491,0.5425448823596755,0.5465738348218478,0.5425448823596755,0.06725338661305258,203
20431,0.5420461236770072,0.7439663336201137,0.5420461236770072,0.06355690581987994,204
26475,0.5418602709507907,0.7787200649364082,0.5418602709507907,0.03345432131909154,205
23785,0.5416216629737844,0.6489901984720542,0.5416216629737844,0.021707445347040166,206
29833,0.5408401086859499,0.6106418997598775,0.5408401086859499,0.014656859077282758,207
21358,0.5403797282864993,0.731445389125673,0.5403797282864993,0.01351836907146986,208
20064,0.5402508265021577,0.8854543801149575,0.5402508265021577,0.01696097186848733,209
24408,0.5397673786065988,0.7116155216276974,0.5397673786065988,0.012724736657600821,210
22430,0.5389406359206493,0.5726679852177256,0.5389406359206493,-0.001780966895423064,211
22511,0.5383389175843163,0.7013485848218777,0.5383389175843163,0.015491650990986483,212
25376,0.5373086884526312,0.56234511811907,0.5373086884526312,-0.004635279664728376,213
25259,0.5368571625229981,0.5457971057526407,0.5368571625229981,0.08699437565306517,214
21294,0.5362542914864351,0.5626134841830024,0.5362542914864351,-0.0024230724887106536,215
26014,0.5357418967057562,0.6666601194011121,0.5357418967057562,0.024832076528811586,216
22316,0.535716355346703,0.7752398057918883,0.535716355346703,0.004117222781304775,217
21859,0.5353146967943745,0.8147119248732123,0.5353146967943745,0.010873383170082018,218
27531,0.5349590676773907,0.5645093244988965,0.5349590676773907,0.0718997766714225,219
27095,0.5346794707075717,0.7069848510730622,0.5346794707075717,0.0,220
23870,0.5345834035803011,0.6556085277170036,0.5345834035803011,0.0003996205335339287,221
27381,0.5344615589500593,0.5900288356310571,0.5344615589500593,0.05050831639264458,222
25663,0.5344288019665946,0.7617530035808172,0.5344288019665946,0.027763233604127247,223
21389,0.5330544717499958,0.6023835596861125,0.5330544717499958,0.054592325208416004,224
20052,0.5328370970967906,0.568771314278416,0.5328370970967906,0.050323658838779595,225
20695,0.5325162027677623,0.588569531571038,0.5325162027677623,0.04884606611989489,226
25810,0.532416572520882,0.8031364519481203,0.532416572520882,0.0,227
22978,0.5300010585826178,0.5408539751642164,0.5300010585826178,0.02445069830483687,228
24865,0.5299298251430835,0.6310754805830365,0.5299298251430835,0.00271842271449263,229
26877,0.5294034411356644,0.7855000955759891,0.5294034411356644,0.04040613926007974,230
22355,0.5293615439321833,0.5327721683528086,0.5293615439321833,0.15203227467077826,231
22216,0.5291759612440659,0.5792509576724222,0.5291759612440659,0.037922890826662226,232
28671,0.5287790449195601,0.5624121875387108,0.5287790449195601,0.11353989980872647,233
21726,0.5275469934614975,0.5384846095532183,0.5275469934614975,0.051586848974711996,234
27181,0.5272980783376425,0.6061767128863643,0.5272980783376425,0.03129745336261808,235
22807,0.5260411273770043,0.633678707369905,0.5260411273770043,0.011597537464467733,236
23641,0.5260362759344952,0.674869236777713,0.5260362759344952,0.01802097374627465,237
26582,0.525464995199921,0.7081728495540248,0.525464995199921,0.07803329306054335,238
25832,0.5252965420953899,0.5392896377901549,0.5252965420953899,0.07377562976532781,239
20115,0.5242424165579784,0.5466961718773089,0.5242424165579784,0.02886694763265435,240
25582,0.5241197600658478,0.7486318679269036,0.5241197600658478,0.005672657125401992,241
27741,0.5238440317658891,0.6503005351416471,0.5238440317658891,0.02181646895560241,242
28489,0.5235934866981833,0.6935180884739411,0.5235934866981833,0.02564469295255145,243
20411,0.5235468466497516,0.8693392710815955,0.5235468466497516,0.003175998237914701,244
24145,0.522971994164639,0.6893811909119505,0.522971994164639,-0.0003375192734145216,245
22126,0.5223967259877885,0.6051692163358204,0.5223967259877885,0.023640134799957635,246
27671,0.5217822175250014,0.6845961483674875,0.5217822175250014,0.005895403741301153,247
27302,0.521697801296024,0.5639668571007116,0.521697801296024,0.05767217552416587,248
27356,0.521113384837257,0.5914682937944115,0.521113384837257,0.0652247518340835,249
26000,0.5207750549660747,0.5817912275710642,0.5207750549660747,-0.0104338187845196,250
29934,0.5207696733120923,0.5936129275995664,0.5207696733120923,0.0092385773252176,251
21987,0.5205740399237173,0.7979758300803795,0.5205740399237173,0.01054763858937846,252
24011,0.5202508698401794,0.8205902214341253,0.5202508698401794,0.013148646834618138,253
20167,0.5187839176387056,0.5903125593171974,0.5187839176387056,0.01532090598476632,254
24871,0.5187795587051778,0.5307592670425284,0.5187795587051778,0.043105769166803476,255
20093,0.5184057154589672,0.5385751925752441,0.5184057154589672,0.1706926965591179,256
26311,0.5183964987804724,0.5553977992888218,0.5183964987804724,0.05299011921575486,257
28711,0.517893839503251,0.5837101101372479,0.517893839503251,0.04233167695341461,258
21640,0.5178571099999134,0.681748508732386,0.5178571099999134,0.03870614510686354,259
23958,0.5178450530384446,0.5809928466505085,0.5178450530384446,0.022693402050813882,260
21450,0.517680641036156,0.5684501452292231,0.517680641036156,0.00272795765401479,261
24721,0.5171887213140671,0.5577620453949873,0.5171887213140671,0.03412023977888057,262
23554,0.5170378398390191,0.5920854998148105,0.5170378398390191,-0.0017949032764585926,263
24526,0.5163278361399397,0.5475167549420209,0.5163278361399397,0.003490847147904652,264
25967,0.5158562020180067,0.5501849054126536,0.5158562020180067,0.03822819427908608,265
22096,0.5158147185781586,0.7394308979584836,0.5158147185781586,0.03944466389803003,266
24390,0.5150661654308555,0.551417354098368,0.5150661654308555,0.04395878313811191,267
28416,0.5145829431248368,0.5364936399116421,0.5145829431248368,0.046909284934823936,268
26228,0.5136566117852036,0.6079229606293474,0.5136566117852036,0.02106397273088889,269
22566,0.5132931624948316,0.8426595095477889,0.5132931624948316,0.02588828542378374,270
21488,0.5132136693617948,0.6501277917214722,0.5132136693617948,0.029543957090016504,271
27475,0.5132081492243501,0.7307569695651834,0.5132081492243501,0.012422045959311512,272
21169,0.5130435951525466,0.5442632900861838,0.5130435951525466,0.03267800466463866,273
23060,0.5129381205728714,0.5883531524280496,0.5129381205728714,0.0196919010816628,274
22446,0.5126723731541671,0.7509678678226713,0.5126723731541671,0.02739237127856442,275
28056,0.5117297053410274,0.5974031859864227,0.5117297053410274,0.015279032799995762,276
21663,0.5112273365157928,0.637734247177657,0.5112273365157928,0.04163338606349343,277
20106,0.5105447857405314,0.6710722098610084,0.5105447857405314,0.03886202782914566,278
27050,0.5104788130711753,0.5268001788965826,0.5104788130711753,0.02318522092817943,279
24278,0.5102326070237811,0.5573993647929909,0.5102326070237811,0.026825536867245647,280
28318,0.5101917939887828,0.57361092139964,0.5101917939887828,0.028117634260621027,281
27935,0.5097396987026845,0.5180269560548286,0.5097396987026845,0.08134611035151429,282
28701,0.509211035479286,0.5672172488206281,0.509211035479286,0.03132864156759152,283
29890,0.5090799601007467,0.8947140833453087,0.5090799601007467,0.034965282868378744,284
23794,0.5065731209210225,0.6006670632205282,0.5065731209210225,-0.00782820100681203,285
27289,0.5057484647142978,0.6598364133612363,0.5057484647142978,-0.007485005262453548,286
20720,0.505307122206735,0.7354463217733692,0.505307122206735,0.0382360268143912,287
26065,0.5040880594424446,0.51096636780351,0.5040880594424446,0.1462885198821237,288
23001,0.50403813254217,0.6470314200675994,0.50403813254217,-0.008112529787085099,289
26583,0.5038216236593621,0.5735144012930223,0.5038216236593621,0.010471552911079318,290
20350,0.5032568939254022,0.529574548075772,0.5032568939254022,0.05926294358091677,291
27884,0.5030992388540798,0.635659704301565,0.5030992388540798,0.005839670834430932,292
28897,0.5030305278636598,0.6894621400709937,0.5030305278636598,-0.0023329832784927396,293
27323,0.5029481148165762,0.5781284336020781,0.5029481148165762,0.08815052182092187,294
27900,0.5028638347299732,0.5511090326581796,0.5028638347299732,0.16340418248326893,295
23771,0.5026397483815748,0.7361187425312933,0.5026397483815748,0.027657254959010558,296
27476,0.5016773767022928,0.8283335579453623,0.5016773767022928,0.02244373110509601,297
24651,0.5016248729441192,0.5731495138553755,0.5016248729441192,0.03858029055826517,298
23566,0.501611552868132,0.5558998724946058,0.501611552868132,0.03083364708271108,299
20326,0.5010904693953028,0.52176637987424,0.5010904693953028,0.05343334826816126,300
27755,0.5004516496933614,0.6007205637926748,0.5004516496933614,0.008349658764337686,301
20746,0.5004500459750395,0.5187896349750509,0.5004500459750395,0.20762073501957923,302
27675,0.5003505761200882,0.6519062805233643,0.5003505761200882,0.0018717424887338963,303
20423,0.5001673974902646,0.6865691238859725,0.5001673974902646,-0.00260939139502836,304
29983,0.4995470036734524,0.673271220891732,0.4995470036734524,0.017765243392684593,305
22116,0.4992642974931354,0.541674812414053,0.4992642974931354,0.09462348870703907,306
22003,0.4992456486954112,0.6785556259460968,0.4992456486954112,0.00863180394929458,307
28155,0.49910984596852076,0.5448603708828585,0.49910984596852076,0.06902147772646544,308
20295,0.4981374321465001,0.6047486520855253,0.4981374321465001,0.0035364808640542256,309
28863,0.497733601226268,0.5812881811431801,0.497733601226268,0.11128971931958237,310
27842,0.4974839724885955,0.7121006816529941,0.4974839724885955,0.015440423966705863,311
21829,0.4972528179352504,0.7150426131502375,0.4972528179352504,0.004231317572941262,312
23960,0.4969898327100658,0.5327767216724969,0.4969898327100658,-0.002420930222440165,313
22598,0.49663354420411066,0.8575236114854263,0.49663354420411066,0.009668398198933281,314
21731,0.49624058084138645,0.5828163453412113,0.49624058084138645,0.002484757770341517,315
28687,0.496221593410862,0.5716024864400627,0.496221593410862,0.022308892206117648,316
25330,0.49569277832348435,0.5311738801952135,0.49569277832348435,0.03234216881290969,317
23564,0.49558214512445875,0.6654582220402803,0.49558214512445875,-0.002280374675158625,318
24443,0.4953765851638913,0.5088577967404211,0.4953765851638913,0.016694110428848496,319
24629,0.4951125000813447,0.7664273471625392,0.4951125000813447,0.012655119885386923,320
21026,0.4950851262409659,0.58457359482889,0.4950851262409659,0.020993667951262118,321
26281,0.4939919734215184,0.6660888765137312,0.4939919734215184,0.05126704037471064,322
29236,0.4937899567384813,0.5089146434486495,0.4937899567384813,0.015340795319661371,323
29386,0.4937736614573899,0.6144367157163941,0.4937736614573899,0.0016103948546333235,324
25126,0.4935428607986113,0.5896858556997022,0.4935428607986113,0.01167862675749809,325
23467,0.49306034244555796,0.6066721183757349,0.49306034244555796,0.04834308494696182,326
27635,0.4928740532770223,0.6989053398253682,0.4928740532770223,0.02781652589835759,327
21864,0.49248894257489206,0.7444368441727301,0.49248894257489206,0.02711019714004137,328
29642,0.4923797329069074,0.6705884860741536,0.4923797329069074,0.01374924706806191,329
26304,0.4923557548260924,0.5394403126809597,0.4923557548260924,0.10253120566737783,330
29085,0.4923446459463774,0.6111840365464839,0.4923446459463774,0.023886138719972916,331
20742,0.4923143414155404,0.6127093141677005,0.4923143414155404,0.016093679108029835,332
28437,0.49220781044268513,0.6542900233535451,0.49220781044268513,0.023766975345745567,333
21601,0.4918356234261973,0.6810256069763174,0.4918356234261973,0.08118755497197916,334
20622,0.4916508383643069,0.5141254477151166,0.4916508383643069,0.16339527966161738,335
21944,0.49155791927062215,0.615251828556313,0.49155791927062215,0.014528682771353219,336
22390,0.4911463141202872,0.8855608379715851,0.4911463141202872,0.0027969358307849967,337
20226,0.49089684203249845,0.7557270887974328,0.49089684203249845,0.06304156337858369,338
21774,0.49049665254701474,0.517558912516526,0.49049665254701474,0.02326971044101972,339
29578,0.49038138051375685,0.8770508102730772,0.49038138051375685,0.030922294715900356,340
29248,0.49023503747297065,0.59453764758932,0.49023503747297065,-0.007825605904648314,341
20250,0.4901387681031577,0.6026235767732648,0.4901387681031577,0.04734726650565352,342
22309,0.4890359129042397,0.49090036642837415,0.4890359129042397,0.053845071497106045,343
27481,0.4889030822092338,0.499313876197762,0.4889030822092338,0.05051968092552417,344
24232,0.48831081421685424,0.8412426311630746,0.48831081421685424,2.9979000723545646e-05,345
26223,0.488192408609446,0.7023241365597385,0.488192408609446,0.01388993095144686,346
27177,0.48734089539738057,0.5872223119341278,0.48734089539738057,0.14044203251965987,347
26853,0.48698506362859645,0.5242124450290689,0.48698506362859645,0.053938236421673724,348
26794,0.4865670484128937,0.6193567714327688,0.4865670484128937,0.02014533954084141,349
23789,0.48655291848939664,0.6455880869688677,0.48655291848939664,0.008353422464600135,350
22394,0.4861501958737205,0.5009878938863682,0.4861501958737205,0.05456319593707115,351
28176,0.4854744727478635,0.6194059753083343,0.4854744727478635,0.0160223711895352,352
22408,0.48545468128629277,0.5245762907517185,0.48545468128629277,0.0401222945873172,353
26807,0.4854058316674431,0.5827623057778623,0.4854058316674431,0.0020677906845812943,354
25643,0.4851428458790109,0.6077811411983299,0.4851428458790109,0.0,355
29982,0.4850226199811402,0.551360798043851,0.4850226199811402,0.046015369316994736,356
23726,0.4849993510590216,0.6180064107155918,0.4849993510590216,0.01602309273364777,357
29566,0.48484017695018433,0.4908264501174646,0.48484017695018433,0.06894585034647657,358
27701,0.4847421672282424,0.8660585628021154,0.4847421672282424,0.0029286524549617665,359
29568,0.48471640744626093,0.49791458266596383,0.48471640744626093,0.10940398491821973,360
20675,0.4844686012237631,0.5067783634091556,0.4844686012237631,0.024212867138213412,361
25543,0.4843007789469165,0.5050435007142884,0.4843007789469165,0.005183065713960877,362
28188,0.48395826618152227,0.6702575270139686,0.48395826618152227,0.006457234172687287,363
20934,0.483643992334934,0.5814927155884766,0.483643992334934,0.007731707651628894,364
22063,0.4827072930701245,0.7664071868661078,0.4827072930701245,0.009997090969616318,365
26422,0.4825686149772359,0.717520561747469,0.4825686149772359,0.01680847472395719,366
29167,0.4823184960628798,0.6059211449515304,0.4823184960628798,0.014601143842089881,367
29698,0.48225883110220175,0.6025926656310092,0.48225883110220175,-0.0024011195251523176,368
23717,0.48184414554794597,0.6111071946943284,0.48184414554794597,0.01846892733806721,369
24501,0.4817666454783093,0.7039716437224804,0.4817666454783093,0.0,370
27885,0.48153444348257574,0.49920998861012833,0.48153444348257574,0.10570257056615517,371
25960,0.48152619670562724,0.6457179782145555,0.48152619670562724,0.0,372
28661,0.4814818394397251,0.7260703724578891,0.4814818394397251,-0.018679535716837004,373
22120,0.4811449133534214,0.5361776875889293,0.4811449133534214,0.06062137653374172,374
22700,0.4804339415735196,0.5487496275553532,0.4804339415735196,0.05640013042651715,375
29470,0.48041468411466054,0.6122356336803976,0.48041468411466054,0.004609809510048191,376
21119,0.4801464613137438,0.8221670828940603,0.4801464613137438,0.0,377
24456,0.47996110907830264,0.5570825038494364,0.47996110907830264,0.013128965100120404,378
25846,0.4796156160669502,0.5078267167903362,0.4796156160669502,0.011593140714669659,379
24870,0.47945626296255506,0.5044645474376283,0.47945626296255506,0.06272696208191308,380
20685,0.47904517771816213,0.6037940422343936,0.47904517771816213,0.033675560975973906,381
24805,0.4787764397793523,0.6822082828548381,0.4787764397793523,-0.0012182467812229536,382
26613,0.47874313849241057,0.6814042601955398,0.47874313849241057,0.033396328941965536,383
24723,0.47846853117241284,0.49506865729191196,0.47846853117241284,0.17430049482756124,384
29733,0.4781161902699179,0.881439058719197,0.4781161902699179,0.03101264744444232,385
22767,0.47793101356857964,0.5076445935911411,0.47793101356857964,0.08519832729442833,386
27072,0.47782274912584344,0.6658546597836633,0.47782274912584344,0.0698367879341894,387
20239,0.47744813230768773,0.5949069133191346,0.47744813230768773,0.00342171607930164,388
24768,0.4774405015069381,0.5401557873691699,0.4774405015069381,0.15112428253254515,389
20491,0.47728582101594613,0.49612811435883275,0.47728582101594613,0.1794196229641803,390
23882,0.476902931389985,0.5837096410856032,0.476902931389985,0.009461740105425553,391
27010,0.4764894283567282,0.5126612841768361,0.4764894283567282,0.0341954012960623,392
24432,0.4763331253372686,0.7433433685653477,0.4763331253372686,0.03218362401724317,393
26268,0.47622540676479574,0.5006726518139254,0.47622540676479574,0.084414741933307,394
28471,0.47607649065130087,0.48307664560981955,0.47607649065130087,0.04186909579015269,395
21971,0.4760341642886457,0.5703842454413566,0.4760341642886457,0.0016735157610578977,396
28112,0.47594245972179045,0.6534481913272814,0.47594245972179045,0.011144548928480935,397
27958,0.47561312384210686,0.4863224782037539,0.47561312384210686,0.013352930167910837,398
23636,0.4755007130031064,0.5269849745666254,0.4755007130031064,0.056930367063666276,399
23403,0.47502332841352235,0.5411456767490602,0.47502332841352235,0.0514822059677168,400
23873,0.47501433785770836,0.5469809505822131,0.47501433785770836,0.0014681708482360278,401
29092,0.47472340557909193,0.5404115676658412,0.47472340557909193,0.011087017871847071,402
28050,0.4742617815052913,0.6341304039975455,0.4742617815052913,0.004435524059175799,403
25384,0.47423209794074894,0.5540636183668453,0.47423209794074894,0.0014062843689361948,404
27879,0.4738391040209467,0.5375419071463835,0.4738391040209467,0.17643155390511084,405
26332,0.47337419891488763,0.6252136591464896,0.47337419891488763,-0.0013271956548503994,406
20080,0.4728676302835596,0.5942786205521501,0.4728676302835596,-0.006291312930012394,407
28134,0.4725112171115884,0.5123859438413114,0.4725112171115884,0.04216203047140582,408
28584,0.47222924701814395,0.8512632755824096,0.47222924701814395,0.021761875261726238,409
20537,0.47170150720500437,0.5402036036031894,0.47170150720500437,0.026965515795414396,410
29424,0.47162286773321827,0.6049571932865785,0.47162286773321827,0.01700152399987198,411
27799,0.4715793693982194,0.5232429248084003,0.4715793693982194,0.05163032569808468,412
23548,0.47152716212829254,0.5243710587381891,0.47152716212829254,0.2286405279681916,413
22560,0.4712912964020487,0.6699427777138072,0.4712912964020487,0.026363924837172592,414
26857,0.47123411634231716,0.6565528292926319,0.47123411634231716,0.019684159016695013,415
27456,0.4707257334663282,0.49280163585461445,0.4707257334663282,0.026553669702210958,416
29952,0.4703823008709762,0.5067237658025447,0.4703823008709762,0.005913205584509029,417
29411,0.4703057706051025,0.6399841422505871,0.4703057706051025,0.001954427362393818,418
21958,0.470070455607082,0.5851514782129144,0.470070455607082,0.0,419
25263,0.46984977628949404,0.7329714014304407,0.46984977628949404,0.0,420
20504,0.4697351261847753,0.6437996287469854,0.4697351261847753,-0.0032383467682131073,421
20249,0.46928726010710015,0.6358022475190958,0.46928726010710015,0.06853609404099337,422
28394,0.4691162351920017,0.5092657391098109,0.4691162351920017,0.04228793582481499,423
22918,0.4687912404151693,0.47943716220876637,0.4687912404151693,0.051828761190391315,424
25114,0.46867685386407776,0.6059430189391085,0.46867685386407776,0.013414566656016702,425
26789,0.4683925409902165,0.4871158992171371,0.4683925409902165,0.21281374931596253,426
27362,0.4682139034287622,0.9020649058162222,0.4682139034287622,0.0,427
25623,0.4680396403119673,0.5306323420009252,0.4680396403119673,0.012828924451278478,428
29296,0.4675484618479598,0.516971955201058,0.4675484618479598,0.010867267918713397,429
26023,0.46727162602754085,0.6176278692475999,0.46727162602754085,0.01373718369990895,430
21959,0.4668701540791098,0.5643759302063663,0.4668701540791098,0.013533869275458243,431
24621,0.4666232579500674,0.5687371700429608,0.4666232579500674,0.12464482292553941,432
28992,0.4663208049238689,0.7191350637385253,0.4663208049238689,0.010857705629248482,433
28582,0.4662895064356146,0.7933450974335214,0.4662895064356146,0.03381940686367996,434
21775,0.4662659856093126,0.715725240427411,0.4662659856093126,0.015861894580247338,435
24839,0.46597941381231583,0.5515220250898674,0.46597941381231583,0.01936266023672295,436
25655,0.46593013377102466,0.8787452961882453,0.46593013377102466,0.0,437
20591,0.4658509798142361,0.46704797343721716,0.4658509798142361,0.1649562121201111,438
20944,0.4657602588675301,0.4920569911201716,0.4657602588675301,0.15317114948538613,439
23410,0.46562221141365656,0.5830026218524523,0.46562221141365656,0.006425909363630744,440
24888,0.46560427260311865,0.6065321087643039,0.46560427260311865,0.023437186487754502,441
20666,0.46546586026832143,0.782987477532817,0.46546586026832143,0.003555184265377931,442
21717,0.4653334284997138,0.5615525317107655,0.4653334284997138,0.018267372574962637,443
24840,0.4653285192471161,0.7748932419070407,0.4653285192471161,0.029723957629941178,444
22971,0.46503211794706395,0.4921806351810264,0.46503211794706395,0.02899635815008489,445
29846,0.46424955401968987,0.4652079551564685,0.46424955401968987,0.1467853716564102,446
22349,0.4639759226653948,0.7085524635120136,0.4639759226653948,-0.0003454288334012734,447
22149,0.46395091534261523,0.7215220350107978,0.46395091534261523,-0.001521333395939406,448
25202,0.4639044245461898,0.4656241497749835,0.4639044245461898,0.08466199114425399,449
25713,0.4637906756355009,0.5211276001064259,0.4637906756355009,0.06923315051561263,450
21307,0.46345540421166453,0.6716637498876085,0.46345540421166453,0.005997096298041016,451
28802,0.46297183886020776,0.5167453115480612,0.46297183886020776,0.027115078658804415,452
28397,0.4627756318262543,0.4988967312300988,0.4627756318262543,-0.02633421268265107,453
27730,0.46266136816621833,0.5152484752506342,0.46266136816621833,0.07354994771985124,454
21845,0.46243183414653977,0.5171784283903439,0.46243183414653977,0.017187554068167632,455
28874,0.46207984631583154,0.6218884154997403,0.46207984631583154,0.04306610463781213,456
29793,0.4619538338758641,0.6109731046727488,0.4619538338758641,0.030630270872420318,457
23164,0.4615608984156535,0.5051132050222814,0.4615608984156535,0.029561305796072967,458
21862,0.46144543462965465,0.7082536522341997,0.46144543462965465,0.02785837782135614,459
25546,0.4613669538908616,0.6576592073099364,0.4613669538908616,0.014212663384743474,460
26900,0.4613256238813813,0.5116808185607905,0.4613256238813813,0.032314078332104146,461
23327,0.4611506382321722,0.49926095578905166,0.4611506382321722,0.062350105974669,462
29888,0.4610712013513336,0.559810731602728,0.4610712013513336,0.019392830010320994,463
22051,0.46102083746400535,0.48532761458420687,0.46102083746400535,0.0626539663936726,464
22200,0.4606037413728544,0.6794957124404606,0.4606037413728544,0.07698603990420705,465
23774,0.46022182584566407,0.6262121184322619,0.46022182584566407,-0.002132625327037063,466
23119,0.46010882838154893,0.7421743010776303,0.46010882838154893,0.02638036173605851,467
22655,0.4597928416161469,0.46650102032410895,0.4597928416161469,0.04506812279143374,468
27540,0.45897469223839604,0.5543463412513655,0.45897469223839604,0.045890212141745046,469
29906,0.45872510756944723,0.5241117159504876,0.45872510756944723,-0.004664949258377404,470
25578,0.4585611992512718,0.6820611626728257,0.4585611992512718,0.023153123250440832,471
22609,0.4584120749222154,0.5850973804443819,0.4584120749222154,0.03298169136529333,472
27921,0.4573473547595552,0.5600148208960665,0.4573473547595552,0.04975144150679944,473
22493,0.45726566105135535,0.5463421778737029,0.45726566105135535,0.038399923029925676,474
25949,0.457198152001258,0.5178030919575402,0.457198152001258,0.012818328565232462,475
21923,0.4570903270633545,0.49845753578973506,0.4570903270633545,0.03164591392395483,476
27066,0.4567292682189565,0.5020627651375967,0.4567292682189565,0.06445678519154407,477
26232,0.45610596533464626,0.7448498859791953,0.45610596533464626,0.0018356359400969469,478
29031,0.4560956989820625,0.5567072238394213,0.4560956989820625,0.11817807539192043,479
29884,0.4559476986705929,0.5715516090078414,0.4559476986705929,0.0027531032330786465,480
29461,0.45563357726214937,0.5079865267418117,0.45563357726214937,0.0423419615562583,481
21015,0.4552352143873845,0.518044381732796,0.4552352143873845,0.0011336226402292038,482
24611,0.45511705996169005,0.5641382921099865,0.45511705996169005,0.03946816682661747,483
29084,0.4545473397516943,0.7610425026944836,0.4545473397516943,0.018093294196748322,484
20345,0.45452866845484896,0.5048391927097975,0.45452866845484896,0.0035528103276188383,485
25793,0.4540352570239937,0.6274010485694564,0.4540352570239937,0.013273065642895765,486
22102,0.4539983041347196,0.4557218770415462,0.4539983041347196,0.18977690259386357,487
23749,0.45382804199532645,0.5738952450580176,0.45382804199532645,0.05433205443696215,488
26116,0.45367899362309044,0.7816046092497086,0.45367899362309044,0.014941726738625372,489
25432,0.4533701639531248,0.4617880735554926,0.4533701639531248,0.05785324778979295,490
29987,0.4533381385863161,0.5638445631953353,0.4533381385863161,0.05435880758926881,491
24445,0.4531564469525091,0.5857561848372155,0.4531564469525091,0.011855709336879017,492
29837,0.4526971754796608,0.5866366863799528,0.4526971754796608,0.04416540883754727,493
21966,0.4525706410977998,0.545278534253515,0.4525706410977998,-0.000946993562688625,494
23420,0.4520514007236971,0.5338886299959316,0.4520514007236971,0.006675746073612265,495
27182,0.45199644497874136,0.49129289366666157,0.45199644497874136,0.11992279392078911,496
21205,0.45163475189333585,0.7417167985805447,0.45163475189333585,0.036621897869990094,497
26303,0.45128090523466396,0.47265610526465246,0.45128090523466396,0.03529821845505887,498
21127,0.4510372177926387,0.4960598580293342,0.4510372177926387,0.051137981902741825,499
22028,0.4508968335578092,0.5556025993923542,0.4508968335578092,0.047019766980991196,500
26461,0.4502030252008157,0.4879805178010713,0.4502030252008157,0.01692154406797064,501
29330,0.45019039111616027,0.5035076570834276,0.45019039111616027,0.029929687546252415,502
20761,0.45008652047944836,0.8839634528747387,0.45008652047944836,-0.006419755194725374,503
29149,0.44991735349820866,0.4739377573729336,0.44991735349820866,-0.002203721729400143,504
23256,0.4498380256676814,0.6277506732339412,0.4498380256676814,0.016056854558457956,505
25527,0.4497258052417836,0.6079808931709898,0.4497258052417836,0.009186825339024152,506
24642,0.44955606003054616,0.47474242378492926,0.44955606003054616,0.05325003107804921,507
26819,0.449538571228406,0.5748336598681801,0.449538571228406,0.09982224469898127,508
29357,0.4494896013209667,0.6056899722080302,0.4494896013209667,0.00906342486313183,509
20053,0.44948437736288094,0.744021156374862,0.44948437736288094,0.03122601844623274,510
29428,0.44920195388789197,0.7630805964470064,0.44920195388789197,0.001766346769395799,511
22078,0.44846323385271414,0.5665101482276573,0.44846323385271414,0.0812350145084435,512
26212,0.44733592987151843,0.4882478463579856,0.44733592987151843,0.057472363933532666,513
28692,0.44702899089848647,0.46935167002040357,0.44702899089848647,0.1803992063370055,514
29737,0.44700673692429016,0.5076541273211347,0.44700673692429016,0.014727827012777917,515
23012,0.44687881583337885,0.65069355885244,0.44687881583337885,0.0,516
27397,0.4466410784553524,0.599711495344328,0.4466410784553524,0.022409506177988314,517
21782,0.44636286159948957,0.47919403548164263,0.44636286159948957,0.01529358358647881,518
21800,0.44600696021555064,0.6200373348603765,0.44600696021555064,0.00698706125473969,519
24700,0.4459512969700834,0.49932072171811775,0.4459512969700834,0.02477475281637459,520
22399,0.44570792574526774,0.5243363704512286,0.44570792574526774,0.012515135070548244,521
22398,0.44564440019096985,0.7845354362467976,0.44564440019096985,0.01769702493158032,522
27562,0.44560771559188966,0.7314398945122511,0.44560771559188966,0.028201086523223173,523
21768,0.4449935042596709,0.4602010583033336,0.4449935042596709,-0.019697060287553636,524
26578,0.44487494201685474,0.6926031816721931,0.44487494201685474,0.007324237372407838,525
20407,0.4446577170802843,0.4948921942914159,0.4446577170802843,0.015929440620682633,526
28596,0.44453562935583907,0.47978503747126816,0.44453562935583907,0.07919088343214314,527
21897,0.4443727940129081,0.5280759306790587,0.4443727940129081,0.006999761283620509,528
29464,0.4441345052275859,0.575321390399593,0.4441345052275859,0.002713421107614744,529
20123,0.4440892457809226,0.4907161091950764,0.4440892457809226,0.07912332070066952,530
27185,0.44401440209371623,0.499456746218219,0.44401440209371623,0.026072014617264272,531
24900,0.4438850673320477,0.7932277305200979,0.4438850673320477,0.0017753701725862214,532
23533,0.44371176442947924,0.5067895805622898,0.44371176442947924,0.1599448089335106,533
26516,0.44367212520615207,0.580826314146518,0.44367212520615207,0.031904907271072314,534
21258,0.4436228277781096,0.5025122786675367,0.4436228277781096,0.08466176517180374,535
22347,0.4435922902295855,0.5009641848116507,0.4435922902295855,0.04748524344271032,536
24550,0.4434480823862791,0.906100213666774,0.4434480823862791,0.011945184664663433,537
24100,0.44326452277853545,0.6164172276313128,0.44326452277853545,0.0223734080082727,538
23694,0.44292952721085954,0.7647943000212409,0.44292952721085954,0.0,539
27331,0.44282552794169117,0.5580327298870685,0.44282552794169117,0.012978201634315178,540
26760,0.44260950304023183,0.6088295092395865,0.44260950304023183,-0.0012115407708758186,541
28566,0.4425875728223533,0.4594807719916958,0.4425875728223533,0.04296015485064453,542
24707,0.4425026499404385,0.6006301952935653,0.4425026499404385,0.01583314412814074,543
24213,0.4415842430930787,0.8151445885874449,0.4415842430930787,0.03633433808895392,544
27726,0.4412715833648609,0.5795340129066507,0.4412715833648609,0.03151352896183063,545
23670,0.4412693820787901,0.49519137481556835,0.4412693820787901,-0.004784362897810812,546
21054,0.44111255139744787,0.45013852472654947,0.44111255139744787,0.14789894353853483,547
20477,0.44101331827769474,0.5073192242879331,0.44101331827769474,0.009246961540760767,548
24689,0.44098569029537127,0.4823926962495393,0.44098569029537127,0.15658569932103766,549
23125,0.4409540300746505,0.5814810219088689,0.4409540300746505,0.019675929650647683,550
23993,0.4404558513500401,0.535812350253371,0.4404558513500401,0.010475562696288576,551
28621,0.44036942688269165,0.45427559022763536,0.44036942688269165,0.20946998145572732,552
28453,0.44030947211095756,0.536710220809819,0.44030947211095756,0.01242233327176212,553
23739,0.44029834582736094,0.5655623612659716,0.44029834582736094,0.0,554
25446,0.4402053806472235,0.4621791291559444,0.4402053806472235,0.2222084854775559,555
28529,0.4400425415091515,0.5888833932821939,0.4400425415091515,0.006134980411294122,556
21588,0.4397043167610553,0.5827190450730328,0.4397043167610553,0.031315477764864874,557
27878,0.4395791990517449,0.6558992614701616,0.4395791990517449,0.0219141500090122,558
22675,0.43940381394188055,0.9284174519615362,0.43940381394188055,0.0,559
23136,0.4393599810182832,0.4525969283898724,0.4393599810182832,0.001148817557563686,560
23987,0.43930579261048147,0.5352335897881427,0.43930579261048147,-0.0024283302399187856,561
26648,0.4391301460870907,0.7177369887159908,0.4391301460870907,0.024191671703634676,562
22117,0.43908173250073584,0.44887356836755227,0.43908173250073584,0.22111850872989275,563
27517,0.4389914639725977,0.7043107178444037,0.4389914639725977,-0.0010446800961914082,564
21522,0.4389056234414608,0.48017889728523555,0.4389056234414608,0.11195978605875007,565
24142,0.4388624665068679,0.8508984665961438,0.4388624665068679,0.028257695267707827,566
28812,0.4381856316970692,0.5399416165363731,0.4381856316970692,0.01730964050306949,567
23422,0.4381426336887102,0.44954335565582043,0.4381426336887102,0.1316884106260492,568
26321,0.43810296420760897,0.8476606082583353,0.43810296420760897,0.0,569
21301,0.4380106766884987,0.512173164317841,0.4380106766884987,0.0034382387655762514,570
25074,0.43774268870169736,0.49300511749614606,0.43774268870169736,0.033573504937817855,571
25819,0.43756449113865453,0.5239576004680511,0.43756449113865453,-0.002390567474428673,572
27896,0.4369486656720155,0.6409448032836591,0.4369486656720155,0.033068078821298474,573
28943,0.4368329618747625,0.49606832244098403,0.4368329618747625,0.031223360859576832,574
24485,0.43672987550340353,0.4849595230114883,0.43672987550340353,0.15721099869310753,575
26430,0.4365019153763603,0.6353845617584637,0.4365019153763603,0.016431174267680593,576
26603,0.43647253405407666,0.5799080171558074,0.43647253405407666,0.012737553364902232,577
25939,0.4361097987367885,0.680944657739379,0.4361097987367885,0.0,578
26715,0.43597149923120676,0.5085820095218336,0.43597149923120676,0.017760714510358322,579
24682,0.4357453988599844,0.5992187074660468,0.4357453988599844,0.016534673919248788,580
23975,0.43540873319084444,0.4900424736206023,0.43540873319084444,0.03781056221483026,581
26061,0.435224781271356,0.46725350081975264,0.435224781271356,0.07082081142484914,582
21509,0.4351346154132296,0.7343896086297179,0.4351346154132296,0.02725595241673484,583
26607,0.43464197344963496,0.5486547227007431,0.43464197344963496,0.03271306115837114,584
27719,0.43401634855519555,0.8960313181174182,0.43401634855519555,0.003423096079625876,585
23495,0.43389030954049396,0.4569735525813741,0.43389030954049396,0.005924518331526962,586
22150,0.43382838823318404,0.4973397173347768,0.43382838823318404,0.0421012620948073,587
29260,0.4337941918336868,0.7224236234278809,0.4337941918336868,0.008265531646397206,588
22486,0.43369737309416634,0.6437864176290395,0.43369737309416634,0.017191271037049205,589
21287,0.4336855668499402,0.6396531521098491,0.4336855668499402,0.020478314571198863,590
29526,0.433330363096581,0.5882229836461724,0.433330363096581,0.04395984665502295,591
28693,0.4332103493476905,0.47026709974088954,0.4332103493476905,0.0,592
20036,0.4323772606359359,0.5624115813052055,0.4323772606359359,-0.0003450495015414612,593
23954,0.431616908582075,0.5520953533176501,0.431616908582075,0.027834262443468594,594
28018,0.43138570024915646,0.6929849853958083,0.43138570024915646,0.02724165113119903,595
21928,0.4311878006716911,0.5052529780455473,0.4311878006716911,0.04657544631788013,596
26479,0.43115579633288925,0.47791806119099434,0.43115579633288925,0.02026275356619267,597
29571,0.43090247775588597,0.4968665570936775,0.43090247775588597,0.00302507913469241,598
23671,0.4308517035855042,0.77912592866388,0.4308517035855042,0.004495824378824231,599
28363,0.4307343720739478,0.6376504859317804,0.4307343720739478,0.02556527077953552,600
27723,0.43054357853049424,0.7389697823835818,0.43054357853049424,-0.0009827678367517745,601
26490,0.43023536105487725,0.4778173324365856,0.43023536105487725,0.025259278142507224,602
25629,0.4301295259015717,0.7011920809639919,0.4301295259015717,0.01921505277319535,603
24329,0.4300365080057984,0.5122960492648314,0.4300365080057984,0.004937687909815858,604
27742,0.4300250221495623,0.5264869651036728,0.4300250221495623,0.003181651663125895,605
26672,0.4296265965896291,0.7069017052126655,0.4296265965896291,0.021631996484557492,606
23637,0.4291066703747989,0.5125172027410306,0.4291066703747989,0.04641975586482111,607
27231,0.4281928193605821,0.4481801948682271,0.4281928193605821,0.09320528973553377,608
22328,0.42782661129431604,0.4406603868414117,0.42782661129431604,0.03870596608986826,609
25650,0.4275836405058157,0.6987931018025557,0.4275836405058157,0.0,610
24314,0.4274645677389619,0.4853576230178905,0.4274645677389619,0.030366596396779078,611
29229,0.427056288134156,0.5171804538522276,0.427056288134156,0.044639082299852806,612
28655,0.42694358891902046,0.483325482718467,0.42694358891902046,0.04821075734035568,613
27064,0.4268337958989906,0.5969950614613286,0.4268337958989906,0.015435700051610102,614
28282,0.42593346633056733,0.5031943656166894,0.42593346633056733,0.027597194507515577,615
26987,0.4252520797919819,0.43918241910754613,0.4252520797919819,0.03613486833300361,616
20470,0.42517785051143986,0.7270219807950312,0.42517785051143986,-0.0024286537743115066,617
27009,0.4250069834177944,0.6907578349246448,0.4250069834177944,0.06504969439916031,618
27485,0.4250061316683627,0.8633380115941258,0.4250061316683627,0.03375832867025774,619
27190,0.42498400150563564,0.4369588639826265,0.42498400150563564,0.14448938773408093,620
23334,0.424808243029253,0.5743489891374618,0.424808243029253,0.0444408607747554,621
28502,0.4247499591758489,0.4458794956055599,0.4247499591758489,0.05233615028075189,622
24685,0.424528783855911,0.5028223007280088,0.424528783855911,0.03293489376828984,623
23457,0.4244063020854357,0.5361886578627238,0.4244063020854357,-0.009188851994662017,624
27492,0.4243825704489512,0.4544113423190986,0.4243825704489512,0.042805031923856596,625
29622,0.4240445304671578,0.642917452831431,0.4240445304671578,0.011987291266514877,626
24048,0.42356049292965375,0.6797860962490512,0.42356049292965375,0.05103766450458752,627
22945,0.42306372367667394,0.49534957587534945,0.42306372367667394,0.02247423641301738,628
29873,0.4228779155954727,0.7710816700385819,0.4228779155954727,0.0,629
20871,0.4222519017357358,0.5384855864447841,0.4222519017357358,0.037531778931628845,630
27385,0.42221807217756335,0.6339889505307177,0.42221807217756335,-0.01634106126200091,631
29842,0.42211882131226935,0.6378642367680286,0.42211882131226935,0.008931086631242535,632
27816,0.42208480050622493,0.43780947417797916,0.42208480050622493,0.21996010770187363,633
29761,0.4219554403069699,0.44038628128806556,0.4219554403069699,0.024701087324053794,634
24411,0.4218807097228573,0.5395600421761795,0.4218807097228573,0.023985696812961643,635
21745,0.4215617649347281,0.4588939852140154,0.4215617649347281,0.04774755265551561,636
28629,0.4214576951640547,0.4538252586823733,0.4214576951640547,0.1113650529319255,637
24864,0.4213782867168801,0.4661823621797908,0.4213782867168801,0.04058367403065882,638
21171,0.42109177423162064,0.4262051251090134,0.42109177423162064,0.05842789885477845,639
29164,0.42104537725155966,0.4849041059142415,0.42104537725155966,0.015202556539561984,640
21271,0.42087033502552856,0.8187617217438664,0.42087033502552856,0.0,641
25008,0.42046532983959484,0.7626356004478018,0.42046532983959484,0.08267389405074566,642
20124,0.4204646666282781,0.4972570494163257,0.4204646666282781,0.014949430844174882,643
28685,0.41976699368258275,0.6207672053399429,0.41976699368258275,-0.0012232915184500204,644
24569,0.4196328368739938,0.43597815355831504,0.4196328368739938,0.1173654661699518,645
28314,0.41938714738848826,0.5291219749891383,0.41938714738848826,0.03621248365461255,646
24381,0.41931835430752784,0.6185438370109347,0.41931835430752784,0.02778182761569037,647
29024,0.4193143763789489,0.736692453221673,0.4193143763789489,0.0035940396843506806,648
23809,0.4192807727312694,0.4500638500305288,0.4192807727312694,0.17316886566145812,649
22692,0.4191214879652257,0.6890619111319941,0.4191214879652257,0.025554044115850716,650
25774,0.41895998388234545,0.5698007926061917,0.41895998388234545,0.007377173503160528,651
21487,0.41895934996584827,0.47093436350606155,0.41895934996584827,0.01596135061513887,652
25058,0.4189001927799994,0.42990088315159003,0.4189001927799994,0.06448552136374636,653
22604,0.41868479366485417,0.5019898680107993,0.41868479366485417,0.03916093694576728,654
23296,0.418380775774337,0.7186755437826797,0.418380775774337,-0.0015273927947946353,655
21991,0.4183267933460928,0.6417680078597024,0.4183267933460928,0.011657584684623079,656
21092,0.4182993778532508,0.6173164136636059,0.4182993778532508,0.08339908330905121,657
20396,0.4182320527089583,0.6016918285970663,0.4182320527089583,0.01580837911909816,658
29986,0.41800873592296406,0.48311476253511754,0.41800873592296406,0.11828881142817538,659
22106,0.41786362403547406,0.45448473168769854,0.41786362403547406,0.0318417456634566,660
28280,0.4176399929647514,0.7092856883951455,0.4176399929647514,0.026691991552114824,661
23683,0.4174909359010372,0.7244727820476784,0.4174909359010372,0.03860562498182729,662
29054,0.41742214244824105,0.5658055061531274,0.41742214244824105,0.044037136666160714,663
21549,0.4174102753450838,0.6353785719166671,0.4174102753450838,-4.9320671931196713e-05,664
22232,0.41714418261333397,0.42037797638130814,0.41714418261333397,0.21727283783050227,665
29183,0.4170768489475712,0.4292668062955087,0.4170768489475712,0.11476533891333468,666
27812,0.41706949690312256,0.4424335308965811,0.41706949690312256,0.18516824766196632,667
26401,0.41706430496780367,0.455208670840378,0.41706430496780367,-0.00011524805991935949,668
29717,0.41680073517934585,0.5929497913067053,0.41680073517934585,0.019817929345116614,669
21228,0.4167641482769823,0.4482531484344488,0.4167641482769823,0.07718186775277774,670
29692,0.41651499223535166,0.7061686717857341,0.41651499223535166,0.007478225765414459,671
28330,0.4164572433233562,0.7040972122419987,0.4164572433233562,0.0018836442178949975,672
22731,0.41641008125228474,0.46518343800426637,0.41641008125228474,0.19273527368400822,673
25331,0.41620654298634924,0.5574073683689144,0.41620654298634924,0.035838500059679146,674
21415,0.4157630029974007,0.5253620518388371,0.4157630029974007,0.024615428422830432,675
24295,0.4154576043050038,0.672346127947025,0.4154576043050038,0.03592981422442443,676
20022,0.41538341177480165,0.5674847655774969,0.41538341177480165,0.05938045790034696,677
25261,0.4146071868814394,0.442093764109848,0.4146071868814394,0.030380415783698433,678
26515,0.4144815102222613,0.5862038840523306,0.4144815102222613,0.022360135979843432,679
24294,0.41419706060165934,0.4629296003394096,0.41419706060165934,0.07685922433327658,680
23752,0.41415798121904523,0.4958408873273762,0.41415798121904523,-0.0012116177232078806,681
20253,0.41394356116108394,0.4330648817039198,0.41394356116108394,0.07072737090304246,682
22197,0.4136369044397391,0.6599590537137922,0.4136369044397391,0.2258847647791717,683
27093,0.41353693033552785,0.43910073462973964,0.41353693033552785,0.038875641775798775,684
20461,0.41340430712432324,0.5080380143429629,0.41340430712432324,0.04742044574377274,685
20339,0.4133677074696688,0.6870965900648257,0.4133677074696688,0.00028861173272298757,686
27068,0.4130434229852513,0.4702365579627213,0.4130434229852513,0.07323779691938825,687
20830,0.41274279011371884,0.5343006913034382,0.41274279011371884,0.01828260138433313,688
29077,0.41271915924847913,0.5750776408215091,0.41271915924847913,0.02242163587785545,689
20077,0.4124434672236994,0.6564987872804385,0.4124434672236994,0.024811585609237463,690
22148,0.41241708525577747,0.6469209279128801,0.41241708525577747,0.020146531936134582,691
26944,0.4123753680314659,0.47520828053902286,0.4123753680314659,0.05347113736393316,692
21217,0.41211664234253165,0.4961311047935957,0.41211664234253165,0.0050409689867201846,693
20693,0.41210840729416465,0.661148590524377,0.41210840729416465,0.02907643131951243,694
25564,0.4120453927150392,0.4545802555853091,0.4120453927150392,0.006172399055234146,695
21716,0.4115545685540552,0.7528079647486432,0.4115545685540552,0.009361044949963926,696
28257,0.4114037434060239,0.5026686566365928,0.4114037434060239,0.0529481402688613,697
26482,0.4113633278303619,0.4360398272239518,0.4113633278303619,0.02987849517452401,698
26285,0.4112487413301235,0.5394730603497705,0.4112487413301235,0.021266555480952187,699
22885,0.411048769222087,0.5910489068616019,0.411048769222087,-0.002376782827947399,700
21831,0.41076520694685553,0.46225643940866734,0.41076520694685553,0.00951588843151635,701
21038,0.41068088164042843,0.45671131511688906,0.41068088164042843,0.012039008703396525,702
23860,0.4105959316110563,0.41465202881964813,0.4105959316110563,0.20042179128354853,703
24265,0.41050593250897466,0.5692343495070401,0.41050593250897466,0.011786523012902506,704
24022,0.4102928726977012,0.6292292649717294,0.4102928726977012,0.10747853801251261,705
21376,0.410003420565848,0.7013106897375048,0.410003420565848,0.00897306081344107,706
23480,0.41000223349703735,0.45561651251033575,0.41000223349703735,0.18161975386944482,707
23703,0.4099613883315344,0.43320883274870625,0.4099613883315344,0.21942869428902784,708
22317,0.40988520223801694,0.47660382303867577,0.40988520223801694,-0.0023852413766904945,709
23237,0.4093303173133245,0.48084777647173066,0.4093303173133245,0.04921561494950133,710
20586,0.40898733693797995,0.5999811096683343,0.40898733693797995,-0.00032957569845271095,711
27445,0.40897946640924543,0.7769089165679092,0.40897946640924543,0.0,712
28747,0.40896105582371256,0.5825054968239899,0.40896105582371256,0.010833320402614643,713
28178,0.4089594337586434,0.8559088187726606,0.4089594337586434,0.0009571032365770504,714
26625,0.408884737085916,0.5601913233041483,0.408884737085916,0.06683790714932591,715
22735,0.40875759138792345,0.4285679580365683,0.40875759138792345,0.04101688923759794,716
22518,0.4087291815918995,0.6034871954313207,0.4087291815918995,-0.006415786581164706,717
22302,0.4087042002992125,0.5740255861529612,0.4087042002992125,0.01244475736015499,718
20125,0.4087040847515619,0.4531950701757382,0.4087040847515619,0.1490341367018867,719
29652,0.4086902903537411,0.41637331812079703,0.4086902903537411,0.10715489244325849,720
27689,0.4084120955370299,0.7576348363418235,0.4084120955370299,0.018435797819431388,721
26408,0.40839749791493307,0.48719446353748047,0.40839749791493307,0.02856771786622614,722
22643,0.40827129582911237,0.5624552729253506,0.40827129582911237,0.01659437657991014,723
28433,0.4080154149545963,0.8121728692131666,0.4080154149545963,0.010034248567078574,724
28108,0.40782012617145014,0.5229516871658817,0.40782012617145014,0.026313193946262692,725
22505,0.4077773644353297,0.43343697081083843,0.4077773644353297,-0.0010961002085344007,726
27107,0.4077095269946728,0.6613460047664173,0.4077095269946728,0.019839376781310536,727
20508,0.4074980488939061,0.6094122222353279,0.4074980488939061,0.007881967784465371,728
25974,0.40746063583894493,0.4631131888733889,0.40746063583894493,0.17306696402873506,729
21053,0.40737585025987977,0.473870892614057,0.40737585025987977,0.1426544517687612,730
21733,0.4073505343044845,0.42799604185707213,0.4073505343044845,0.010529125715425636,731
24424,0.40723241012102773,0.5352164604208159,0.40723241012102773,0.0074941685460958585,732
28185,0.4071151148909606,0.45718197809586186,0.4071151148909606,0.012072311423555249,733
28794,0.40692485895151864,0.4433997904860223,0.40692485895151864,0.00832203062227832,734
27026,0.40648732921377917,0.6405229692893699,0.40648732921377917,0.015153788031459725,735
28313,0.4061902693161405,0.49471128103175566,0.4061902693161405,0.04994207713074311,736
27488,0.40612171744361664,0.46045295704074335,0.40612171744361664,-0.008464596457746276,737
26225,0.4060447919545471,0.7110232336903456,0.4060447919545471,0.004206894813649442,738
28746,0.40600172102532045,0.4893244351154022,0.40600172102532045,0.012331894146397127,739
20878,0.4058012792802643,0.5078244980435581,0.4058012792802643,0.011079929016557744,740
28933,0.40558755333426966,0.4982336263558892,0.40558755333426966,0.03921595145951384,741
27787,0.40552019362161695,0.455726299471767,0.40552019362161695,-0.010325794061107396,742
29610,0.4054924223639275,0.43704205263615475,0.4054924223639275,0.046857275574955004,743
25299,0.40542636885256195,0.5652448158329544,0.40542636885256195,-0.009206559043435036,744
27529,0.405354497660954,0.5384994151462841,0.405354497660954,0.030256585311314865,745
21255,0.4049737199827727,0.5039588815509415,0.4049737199827727,0.015050165231630608,746
25288,0.4048880858319499,0.6833228476474563,0.4048880858319499,-0.011708222179745209,747
25409,0.40465378816894565,0.4133977321068195,0.40465378816894565,0.14691021822950093,748
22728,0.40465170045250065,0.421545609030472,0.40465170045250065,0.052585678067404884,749
24532,0.4044531915975615,0.5536287793831699,0.4044531915975615,0.04882417607656797,750
29567,0.40434098405406377,0.5957322990200737,0.40434098405406377,0.018182195851617622,751
27008,0.40428206832376595,0.430721743103433,0.40428206832376595,0.05004259880836964,752
25166,0.4042245988241007,0.4279705508878769,0.4042245988241007,0.20148825261140343,753
23358,0.40419702491402576,0.5066983929788493,0.40419702491402576,0.024954294842537084,754
23013,0.40336275793187293,0.6157841940181861,0.40336275793187293,0.05253188798333741,755
29410,0.4031057530054072,0.6491975381694444,0.4031057530054072,0.0,756
22354,0.402981726110238,0.41683765074337825,0.402981726110238,0.0797707813525026,757
20035,0.4029359154045843,0.5156130647170774,0.4029359154045843,0.01275258117905298,758
20149,0.4028783956466178,0.4838585032887239,0.4028783956466178,0.010059576935132264,759
24031,0.4028624010123088,0.4670653597067276,0.4028624010123088,0.09228872327415902,760
28083,0.40252357571614567,0.6614422210872116,0.40252357571614567,0.01907455877933073,761
26491,0.4023759722276626,0.8171123415186865,0.4023759722276626,0.017555954828208264,762
23080,0.4020445980992362,0.4673120986946799,0.4020445980992362,0.0021350504560408434,763
21975,0.40201458947666807,0.5532202945911717,0.40201458947666807,0.012304212230449973,764
25673,0.40200481648170355,0.8078715473574797,0.40200481648170355,0.005401248555918947,765
24471,0.4019762590174458,0.4120736442701436,0.4019762590174458,0.10531388645114678,766
24068,0.4014433385250225,0.48776828626440605,0.4014433385250225,0.014837486687999779,767
25076,0.40134112306838926,0.7085049514321645,0.40134112306838926,0.005109450260776971,768
23093,0.4012045624639192,0.4513122343592849,0.4012045624639192,0.013708157260883702,769
27460,0.4012009054073002,0.7547702839105666,0.4012009054073002,0.0017360137418330757,770
21732,0.4008960625043031,0.6212460664331366,0.4008960625043031,0.0,771
24419,0.40082117110859794,0.5451706624366313,0.40082117110859794,0.013244225601551585,772
26536,0.40069535150791025,0.4276795490587432,0.40069535150791025,0.03805572649263966,773
23804,0.4006630643486899,0.4933296860488368,0.4006630643486899,0.04837386425806345,774
23977,0.40061658369358694,0.5117343365095989,0.40061658369358694,-0.0013149345251884936,775
29627,0.40054138729895356,0.6567233616215215,0.40054138729895356,0.0,776
26886,0.4003654957897151,0.4370468651225744,0.4003654957897151,0.05161942448910578,777
20793,0.4003268730538869,0.669899873336099,0.4003268730538869,0.032330855100797806,778
22344,0.4003052184286509,0.5156810815300261,0.4003052184286509,-0.0036491502945883436,779
21694,0.4001573213307331,0.4104244183832275,0.4001573213307331,0.17431700314755302,780
20880,0.4001158789844937,0.436464510625601,0.4001158789844937,0.21066941321271335,781
26993,0.39984050561392154,0.5011180776115041,0.39984050561392154,0.13549470837619526,782
20195,0.3997925779845151,0.8342752668004476,0.3997925779845151,0.01430277283666781,783
20991,0.399640693599268,0.4861854009412348,0.399640693599268,0.0038416816608046744,784
24756,0.3993718313731441,0.42475488523811894,0.3993718313731441,0.15864176844041786,785
20058,0.39932977699372463,0.5187598152334222,0.39932977699372463,0.04574200199348177,786
25875,0.3992716396341487,0.6630728359614456,0.3992716396341487,0.009328706446739332,787
26366,0.3991308334079959,0.4127200794837586,0.3991308334079959,0.03087867255262322,788
24426,0.3989940714359408,0.4582786879858701,0.3989940714359408,0.005853354338738348,789
21370,0.398825584855276,0.40945049033073155,0.398825584855276,0.011274340274452288,790
28575,0.3987940065514466,0.506180120244145,0.3987940065514466,0.033411112475151605,791
28678,0.3987505731044649,0.8704980516171958,0.3987505731044649,0.018632677248905827,792
22293,0.3985085669480266,0.5549627649662368,0.3985085669480266,0.01545740304950205,793
22661,0.39845344815220923,0.4188230672507593,0.39845344815220923,0.01357209297990919,794
27451,0.3983413980335114,0.4868314009127825,0.3983413980335114,-0.010468332567131755,795
27570,0.39828228115095693,0.4281059358573373,0.39828228115095693,0.0030830303789068925,796
21357,0.3980991249235787,0.4215939865777136,0.3980991249235787,-0.012971273223440716,797
22883,0.39801678384250605,0.41890306503753955,0.39801678384250605,0.1671778910491146,798
23381,0.397706480427198,0.6355587826914163,0.397706480427198,0.01541342186701733,799
28972,0.3976719668086163,0.4419436972841985,0.3976719668086163,0.04685625041341912,800
22837,0.3972145173990388,0.4388420014421388,0.3972145173990388,0.0007131054590648889,801
20189,0.3970075292059305,0.5462770083048837,0.3970075292059305,0.007544597023055655,802
20127,0.39690606227578784,0.42997560065817336,0.39690606227578784,0.06267164787623375,803
28329,0.3968605232526213,0.40480703370768484,0.3968605232526213,0.008829213383035495,804
29465,0.39680757288749197,0.8003802410900623,0.39680757288749197,0.02177073014149733,805
23011,0.39665495830273373,0.5024486108971844,0.39665495830273373,0.02021822666325046,806
21672,0.3964221927591073,0.6929366573379824,0.3964221927591073,0.023729997350810716,807
20592,0.3962269373857489,0.6097657649609532,0.3962269373857489,0.07411029067702835,808
22497,0.39622516131977725,0.40302119910003253,0.39622516131977725,0.16478904231376937,809
23152,0.3960057813518209,0.4112171502332519,0.3960057813518209,0.16192890931304554,810
24507,0.395995002196411,0.7421262098355732,0.395995002196411,0.031023728457144517,811
24175,0.3959346761152085,0.5607764160778322,0.3959346761152085,0.00641229152048739,812
28997,0.39584767717450253,0.92825774561566,0.39584767717450253,0.009391044392294434,813
28538,0.39555740877615236,0.505489766141341,0.39555740877615236,0.019114011522118335,814
25285,0.39539651313236746,0.665016287763242,0.39539651313236746,0.0,815
22475,0.39504985224465716,0.541636834169013,0.39504985224465716,0.01215832991929916,816
25535,0.3948851720149073,0.5091205637496512,0.3948851720149073,0.03989394678335023,817
28619,0.3948380461952316,0.5503897648379259,0.3948380461952316,0.010531982283065622,818
28246,0.39477621617061553,0.5137240474340203,0.39477621617061553,0.0,819
22218,0.394678947792356,0.6479978068290143,0.394678947792356,-0.006997250255333709,820
27178,0.39448712651336065,0.4578698530370596,0.39448712651336065,0.073064620378888,821
27224,0.3944152814459403,0.559526965691565,0.3944152814459403,0.036534729403336796,822
27616,0.39424894995453974,0.4185633290786461,0.39424894995453974,0.0029434386857944417,823
28071,0.3939942629317615,0.6045788909521083,0.3939942629317615,0.01977224738192951,824
20332,0.39384399648426094,0.6658168589872566,0.39384399648426094,0.027154217542059156,825
29063,0.3937803979961254,0.46216123269653814,0.3937803979961254,0.01330078637645793,826
23974,0.39370927185283083,0.5127609772219951,0.39370927185283083,0.05170082464830994,827
21236,0.39370515867640554,0.6984362186418577,0.39370515867640554,0.004261575363248227,828
27838,0.3931214812222261,0.45368728846968875,0.3931214812222261,0.09222239297035723,829
29483,0.3930624197639658,0.8010874106463323,0.3930624197639658,-0.00034054114677994907,830
22762,0.39298669601891334,0.6917305789819875,0.39298669601891334,0.014175132141161506,831
23088,0.39288063901962006,0.4670290545367549,0.39288063901962006,0.020888118016889,832
29668,0.3928754206126835,0.5894955531789896,0.3928754206126835,0.02046308322384005,833
25216,0.3927723328668061,0.5173424344051543,0.3927723328668061,0.004836606660343301,834
21179,0.39252930035206285,0.7105608601289248,0.39252930035206285,0.02840341180275041,835
27494,0.39246983737070373,0.6654440902675571,0.39246983737070373,0.022005872628695577,836
21681,0.39242047537914476,0.5291108139570817,0.39242047537914476,0.015581902194924835,837
23820,0.3923798159330467,0.4608049892961989,0.3923798159330467,0.1365942980843627,838
23282,0.3916280219135457,0.43846594197021166,0.3916280219135457,0.006345390616520286,839
25290,0.39161023440272835,0.40544186805928684,0.39161023440272835,0.013028695981363081,840
20285,0.39152782248156875,0.6818172817499089,0.39152782248156875,0.08165724176544997,841
23765,0.3915009277202943,0.4307010495967067,0.3915009277202943,0.15616962512610494,842
27810,0.3912374547034284,0.7199243640217953,0.3912374547034284,0.0,843
29898,0.39120648093123933,0.5633459467343747,0.39120648093123933,0.019477390953769658,844
28110,0.39111896573113564,0.6988141236322373,0.39111896573113564,0.0017350086094186645,845
27613,0.3911179105935347,0.44703498601978575,0.3911179105935347,0.006465811182161052,846
21984,0.3908240312771034,0.6959896550163809,0.3908240312771034,0.02235732285669967,847
21972,0.3906820782852738,0.6591266612225204,0.3906820782852738,0.01032579273857348,848
26752,0.39067295997892504,0.42846248501308115,0.39067295997892504,0.042679112000191755,849
22699,0.3905654905608575,0.39588558262566226,0.3905654905608575,0.09308452377713505,850
23359,0.39048966118630013,0.4664703559701051,0.39048966118630013,0.014725398651082133,851
26251,0.3904732271723832,0.6625256059427346,0.3904732271723832,0.015992417324037556,852
25528,0.3903949921835571,0.42615548644386525,0.3903949921835571,0.05106008690508168,853
22687,0.3902004227579056,0.4367065938236673,0.3902004227579056,0.01260168107335724,854
28400,0.3899813665223061,0.5858500510966521,0.3899813665223061,-0.009338148235486843,855
24500,0.3898898711398159,0.42754038919976795,0.3898898711398159,0.03439906547575866,856
21622,0.38967888650069266,0.5694624048374158,0.38967888650069266,0.007252928820259186,857
24843,0.389502709667941,0.48346136479407104,0.389502709667941,0.03451026621409781,858
22380,0.38899432618646845,0.6308444856081445,0.38899432618646845,0.07442104531436478,859
26559,0.38882473343993806,0.5986947000520735,0.38882473343993806,0.011929587715105439,860
29193,0.3887949944649006,0.7458977252716491,0.3887949944649006,0.024919720708489357,861
29052,0.3887864237645379,0.8053499041638773,0.3887864237645379,0.007076363368947569,862
23506,0.3887670543445002,0.9420488428139685,0.3887670543445002,0.012072318068568122,863
23404,0.38828475870631524,0.531457863275269,0.38828475870631524,0.004287328797221435,864
29616,0.38813747392891484,0.5313182017657334,0.38813747392891484,0.13711839996492697,865
28708,0.3881259074219066,0.5856699856554568,0.3881259074219066,0.04299630611946653,866
25178,0.3879817020838296,0.4551678731968611,0.3879817020838296,0.17829797336161257,867
20473,0.3873017580451356,0.4422150645227732,0.3873017580451356,0.07399179272789352,868
24181,0.38712125255585467,0.461549590542253,0.38712125255585467,0.02165890489369482,869
24185,0.3868341519553554,0.42129597561704357,0.3868341519553554,0.01920514130962281,870
27054,0.38635824505582705,0.6168289599149018,0.38635824505582705,0.02897568582718074,871
22376,0.38630435197633933,0.4858150407133227,0.38630435197633933,0.006246082826933896,872
22544,0.38629148748887576,0.45295225224045077,0.38629148748887576,0.008545264565983146,873
23362,0.3861610520547926,0.7050335344183534,0.3861610520547926,0.034830536803307055,874
26795,0.3861178374798582,0.398042988411008,0.3861178374798582,0.026098209496705327,875
23434,0.38590981311930794,0.6020382345935277,0.38590981311930794,-0.0022633026838366765,876
24030,0.3857813430881055,0.4576472418255378,0.3857813430881055,0.03916204383865618,877
23484,0.3857572542605718,0.6456648279631282,0.3857572542605718,-0.0043728945610034264,878
22435,0.38572606921613095,0.5128647410923209,0.38572606921613095,0.03385740025899059,879
25364,0.38571724915490546,0.6350145406656272,0.38571724915490546,0.03534826473319991,880
21683,0.3855595543402894,0.8162236828544809,0.3855595543402894,0.0382712963257964,881
21901,0.3854247201646247,0.4230119056934297,0.3854247201646247,0.03966629887843365,882
21784,0.38525855127811515,0.46107214005145725,0.38525855127811515,0.019075333056105315,883
21510,0.38509991749908196,0.6208575061886975,0.38509991749908196,0.005847157471498332,884
23902,0.38463346577220486,0.7534108114501479,0.38463346577220486,0.017523095829137025,885
24549,0.38453265438970036,0.5042205494734613,0.38453265438970036,0.08816544982941243,886
20526,0.3844560773010782,0.4660335166086859,0.3844560773010782,0.013905536211317182,887
21082,0.38426292536173334,0.38755226102388063,0.38426292536173334,0.014208275375259927,888
27108,0.38422966523639085,0.8074786600149383,0.38422966523639085,0.0034461003676125035,889
28270,0.38422784362458595,0.6185720688161648,0.38422784362458595,0.018014199236226713,890
21742,0.38415942121337915,0.39778240187414443,0.38415942121337915,0.03766382079733965,891
29361,0.38415458814529224,0.5541128030557708,0.38415458814529224,0.019380785963786118,892
20181,0.38379676111606253,0.6179220598510411,0.38379676111606253,0.02155063295641446,893
26352,0.38375283035113966,0.4126672402584391,0.38375283035113966,0.15444060624462225,894
26598,0.3836988126554699,0.4161427589226233,0.3836988126554699,-0.0024284806002228265,895
20038,0.3835496018313963,0.44743944389113594,0.3835496018313963,0.023153102625935618,896
26149,0.38318369497657784,0.3934324034002015,0.38318369497657784,0.03218983735288447,897
28817,0.38317651315651924,0.5311693550148762,0.38317651315651924,0.0,898
22717,0.38312742154719737,0.4116465895155805,0.38312742154719737,0.08221555757787358,899
23328,0.3825522262550633,0.6162274096207042,0.3825522262550633,0.007612988690091971,900
21259,0.38251336240519235,0.49723792008018874,0.38251336240519235,-0.005725148918952261,901
20798,0.3822086113927311,0.570683628091188,0.3822086113927311,0.02772605320151833,902
28523,0.3820801263493343,0.3854882944619646,0.3820801263493343,0.08190892161953589,903
20823,0.3817407229245739,0.4022745985641586,0.3817407229245739,0.0522823242161603,904
28028,0.3815772923373068,0.7435717082985958,0.3815772923373068,0.030130396190931663,905
21736,0.3812351477900172,0.40169724964092063,0.3812351477900172,0.08219931527251045,906
25916,0.38107824299871157,0.3953988901072972,0.38107824299871157,0.18702716055926444,907
20969,0.3806479669175863,0.45520139010367777,0.3806479669175863,0.06333053140522915,908
26984,0.380594661349402,0.5237233671282784,0.380594661349402,0.1405438604806835,909
27261,0.38050821237544746,0.41467360970218864,0.38050821237544746,0.042939159141127003,910
24367,0.3804043763973665,0.41144298488973713,0.3804043763973665,0.04706339766179196,911
21718,0.3803796042826703,0.7884901379876142,0.3803796042826703,0.022084156767176566,912
25329,0.3803312455958675,0.43840626305083014,0.3803312455958675,0.026054160594651266,913
27286,0.3802607311595275,0.6097977596528995,0.3802607311595275,-0.0023536533302451756,914
25568,0.38005139568577095,0.5867065487185341,0.38005139568577095,0.03948037121052789,915
24587,0.3800049047103765,0.7402316584575204,0.3800049047103765,0.006755953514867463,916
27316,0.38000331834529866,0.45073275701201493,0.38000331834529866,-0.0014795667521016465,917
28237,0.38000081529666513,0.4020197327777611,0.38000081529666513,0.12926106159422218,918
23822,0.3798204398890766,0.4137233556498469,0.3798204398890766,-0.002997461642714472,919
23165,0.3796893403901473,0.4160589202275461,0.3796893403901473,0.16787786247145053,920
27920,0.379539413618363,0.44281358088565703,0.379539413618363,0.044670702908651494,921
22004,0.3792294389395455,0.47236515268439294,0.3792294389395455,0.0,922
26633,0.37914070767022834,0.46119424911151485,0.37914070767022834,0.00263105408463693,923
28536,0.3790617473064703,0.4322299024034269,0.3790617473064703,0.21466110578452946,924
28871,0.3790482957955238,0.4051199237028862,0.3790482957955238,0.019115989697961078,925
27796,0.37898168692433587,0.5321179700796175,0.37898168692433587,-0.0003464891232765055,926
20107,0.3789670057918997,0.46930088855374674,0.3789670057918997,0.04725664635221616,927
26501,0.37881918386975305,0.40087544049476354,0.37881918386975305,0.1158926541483836,928
20768,0.37866242317524745,0.43856968127919443,0.37866242317524745,-0.003790101657443312,929
25283,0.3786268797263319,0.5422206147554376,0.3786268797263319,0.03060414286068336,930
23062,0.37846105361715615,0.3999063817670386,0.37846105361715615,0.06556312216448906,931
23970,0.37838048695364185,0.46641614601436043,0.37838048695364185,0.0033671278600621024,932
22677,0.37819952610732066,0.5023868222361463,0.37819952610732066,-0.016217484936383753,933
20948,0.3781438191958654,0.38618774728945426,0.3781438191958654,0.08756263157430305,934
20547,0.3780770755842243,0.4335654699921357,0.3780770755842243,0.01892275870704324,935
26779,0.37792638133845435,0.563547903792318,0.37792638133845435,0.03541296833676455,936
21190,0.3778182518467261,0.7121810203456448,0.3778182518467261,-0.00226662409413414,937
28439,0.3777680206662656,0.4093293707809293,0.3777680206662656,0.0015196427189677064,938
20918,0.37769802475218406,0.4199462539492709,0.37769802475218406,0.018359535649937475,939
23919,0.37766277798355724,0.41174526574194037,0.37766277798355724,0.014944507796900153,940
20135,0.3775013931124969,0.3959203295283307,0.3775013931124969,-0.003325300621377758,941
29889,0.37736164361291724,0.5408146256636435,0.37736164361291724,0.003389209418803274,942
26986,0.3771292215205674,0.5563145276574558,0.3771292215205674,0.0666279488182378,943
20118,0.377028724111151,0.6574377460015387,0.377028724111151,0.004902111729403025,944
24672,0.37697367685440775,0.42958435834321584,0.37697367685440775,0.05619195409361627,945
26141,0.3766732720287143,0.7890919661433549,0.3766732720287143,0.013106948503969873,946
25237,0.37636419763010825,0.3987309711073508,0.37636419763010825,0.21051656010805866,947
27189,0.37635260814119154,0.8123189559248265,0.37635260814119154,0.0,948
20393,0.3763335179666176,0.4256634274256572,0.3763335179666176,0.010076179323182333,949
21737,0.37632750474976073,0.594487287140261,0.37632750474976073,0.005185992248377624,950
27858,0.37632634427033074,0.7898149869307953,0.37632634427033074,0.03829714173841281,951
23872,0.3763206997049358,0.5911265928570851,0.3763206997049358,0.01568516312885726,952
24028,0.3763139782885625,0.573673836255083,0.3763139782885625,0.011224343779160262,953
29746,0.3760717280703815,0.5089085079191448,0.3760717280703815,-0.002336376818368846,954
21696,0.3760276757334678,0.48328660380034943,0.3760276757334678,0.0,955
20657,0.37559212258187336,0.5353747415731358,0.37559212258187336,0.011450401562133283,956
29507,0.3752119953435272,0.432276263022083,0.3752119953435272,0.22496589929228605,957
29651,0.37517534155001164,0.5362599075474767,0.37517534155001164,-0.011147405889020856,958
21777,0.3751401014420438,0.7753980910092203,0.3751401014420438,-0.003592735459752805,959
21416,0.37432913394669426,0.3884332797089564,0.37432913394669426,0.023770473395663072,960
29924,0.3738406299940222,0.8373620635013399,0.3738406299940222,0.016528470300186227,961
22847,0.37382547751219364,0.40050820073708265,0.37382547751219364,0.057400038993682956,962
21930,0.3736479911456061,0.5984280668684271,0.3736479911456061,-0.010722903129098293,963
25314,0.3734955601152831,0.7301886871600282,0.3734955601152831,0.0409089968469607,964
25746,0.37317367516810934,0.6476751017330549,0.37317367516810934,0.016853982285587765,965
24996,0.3731326613468065,0.560952585119059,0.3731326613468065,0.07316289944855947,966
20573,0.3729722419815141,0.6286252637753591,0.3729722419815141,0.0425347899579992,967
27260,0.37295479327426667,0.40621568740390973,0.37295479327426667,0.029843352902159725,968
25393,0.3729521610891834,0.8768035243239697,0.3729521610891834,0.0028680263581538634,969
27285,0.37289966972482586,0.4307076903886774,0.37289966972482586,-0.00034673481515290483,970
23499,0.37288261430628344,0.4227731306584905,0.37288261430628344,0.10956074504947311,971
26558,0.3728673627563358,0.4430792459836745,0.3728673627563358,0.02099804568190633,972
24370,0.37285687803411593,0.4294313319949683,0.37285687803411593,0.15825683594468545,973
25531,0.37285377361569816,0.6361475921969144,0.37285377361569816,0.01809412820030276,974
25181,0.3727904083068706,0.6148390069473176,0.3727904083068706,0.025715481307809984,975
25547,0.37278116296619124,0.9125050487070682,0.37278116296619124,0.022012653793104797,976
28890,0.37273139028781654,0.4667530296948893,0.37273139028781654,0.016777520203035134,977
28013,0.37267020284080776,0.7579854284350155,0.37267020284080776,0.0,978
26153,0.37221261598940797,0.548408407465441,0.37221261598940797,0.026779367811753718,979
28642,0.37214407134391164,0.46231763075300414,0.37214407134391164,0.015897282639429355,980
29968,0.37195076753213485,0.6172433126658309,0.37195076753213485,0.03760075870694213,981
23402,0.37190535413935166,0.4350516467803715,0.37190535413935166,0.05600451703043624,982
26678,0.37182413882820503,0.40261440834134143,0.37182413882820503,-0.0027599601631637105,983
21596,0.37172334641234095,0.40611617229452845,0.37172334641234095,0.16663661414370534,984
24503,0.3716419983848068,0.3869509803647041,0.3716419983848068,0.149141208083647,985
22523,0.3715824073319939,0.4183802418352425,0.3715824073319939,0.005543031847259849,986
20048,0.37140427000197124,0.3833196708971556,0.37140427000197124,0.035624315883338864,987
23666,0.37136681483515666,0.4185638351132743,0.37136681483515666,0.06955881104146211,988
20581,0.3713553969123944,0.5129624042891214,0.3713553969123944,0.1575826126345487,989
28765,0.3713325183326656,0.43918751825604874,0.3713325183326656,0.20489696427076892,990
26423,0.37125089780128545,0.6581402610229665,0.37125089780128545,0.01567018398863873,991
26390,0.37092637393142536,0.3927101781182016,0.37092637393142536,0.004242446227738006,992
22875,0.3707427613683998,0.6076671422874166,0.3707427613683998,0.05213925724771218,993
29499,0.3707275428829479,0.38561149468121003,0.3707275428829479,0.03509638012833827,994
27322,0.37065537152031,0.4321687677161538,0.37065537152031,0.04398921328434918,995
29452,0.3706184529066971,0.4319896972735027,0.3706184529066971,-0.01607200073456888,996
20088,0.370357965639556,0.40411259712047265,0.370357965639556,0.2011510537789718,997
26527,0.37020699414210306,0.4004701172373356,0.37020699414210306,0.16442581294419992,998
27315,0.37014889110935795,0.4268958743633731,0.37014889110935795,0.03203254504090919,999
20040,0.36992978190562253,0.4161717709479564,0.36992978190562253,0.028869654047065596,1000
22015,0.36982260990872434,0.7196769004018655,0.36982260990872434,0.0152947195062908,1001
21877,0.36964986273034184,0.5095741700959273,0.36964986273034184,0.019964206878508972,1002
23389,0.3696157373902026,0.4604705542683433,0.3696157373902026,0.01606184787199849,1003
28640,0.3695536839632041,0.5974324637881466,0.3695536839632041,0.009257769078386602,1004
27672,0.369337843497858,0.4589028709897531,0.369337843497858,0.022495517251098773,1005
26222,0.36911005802430275,0.5229455011805614,0.36911005802430275,-0.001553669078928288,1006
21369,0.3690965201174333,0.5806303482507098,0.3690965201174333,0.09623689455270973,1007
28072,0.3689462239936403,0.4586820921103244,0.3689462239936403,0.012553136824643985,1008
26751,0.368641132179312,0.4832367967196996,0.368641132179312,0.052005676870043926,1009
22515,0.36860012564377465,0.38284624764310826,0.36860012564377465,0.013102147688146881,1010
25100,0.3684710922131249,0.42882746136219346,0.3684710922131249,0.03996968013468183,1011
21330,0.36830297189620537,0.5018290501212279,0.36830297189620537,0.029833785233585708,1012
27807,0.3682080460067032,0.6379808452912955,0.3682080460067032,0.036660875010701255,1013
25931,0.3681477243951796,0.4977536172768731,0.3681477243951796,0.24347612359555695,1014
21766,0.36743801919336094,0.5551731361191202,0.36743801919336094,0.056033240304966925,1015
26166,0.3672608027181933,0.5755658421523506,0.3672608027181933,0.004495310053854729,1016
22720,0.3670895828911592,0.5368656666590583,0.3670895828911592,0.0,1017
21323,0.3666791897581475,0.6518936370587698,0.3666791897581475,0.002458682724602368,1018
22124,0.3665114840028752,0.42056964574949535,0.3665114840028752,0.1161728148470535,1019
24138,0.3661727303368627,0.4397956703119382,0.3661727303368627,0.0,1020
22263,0.366139732257747,0.5658922754657727,0.366139732257747,0.02158324721656557,1021
24958,0.36611884611765205,0.6183786215034437,0.36611884611765205,0.01600905399055158,1022
28944,0.3660571695558713,0.467715696351082,0.3660571695558713,0.02466907312473887,1023
28533,0.365987448015267,0.4044564763719293,0.365987448015267,0.057681088825687454,1024
23583,0.3656840864523978,0.6929645716363362,0.3656840864523978,0.007552061517847486,1025
28988,0.3656320704892031,0.8294719296930628,0.3656320704892031,0.0017602826886349288,1026
29241,0.36549250591753074,0.4678196267311626,0.36549250591753074,0.045862396563652486,1027
29922,0.3654735663063714,0.37999508835474743,0.3654735663063714,0.12084928622231111,1028
26201,0.36543322737978573,0.38823566612751703,0.36543322737978573,0.14629468446474478,1029
22133,0.3653780449155115,0.4600183398255023,0.3653780449155115,0.022455291426465185,1030
23947,0.36530516342151403,0.627467590601139,0.36530516342151403,0.0,1031
22503,0.36528844161716423,0.5866007150688629,0.36528844161716423,0.0036006549097317153,1032
20272,0.3651014865385902,0.7066061566192221,0.3651014865385902,0.040007452143987376,1033
20897,0.36506993097785345,0.48636558216330456,0.36506993097785345,0.006973944615521754,1034
23556,0.3650580780060574,0.3849228975293868,0.3650580780060574,0.05235355588730012,1035
27786,0.3649385865520091,0.5911881793949196,0.3649385865520091,0.03287588576274292,1036
24239,0.36485139264201893,0.6803814618141353,0.36485139264201893,0.025112160742981227,1037
24925,0.36479897766386926,0.8425032055159603,0.36479897766386926,0.013448742822070536,1038
28801,0.3647882653703245,0.6513516529387983,0.3647882653703245,0.010777207570847436,1039
28032,0.3647513412353845,0.4681352676432402,0.3647513412353845,0.03853951592921678,1040
28096,0.364571455062739,0.5081487876391605,0.364571455062739,0.029510646019333953,1041
29490,0.3643947834116853,0.42831736452552693,0.3643947834116853,0.04752165009296172,1042
25055,0.3641704895630664,0.44522832829550635,0.3641704895630664,0.05619206129085602,1043
21210,0.3641055051064464,0.37075337061136343,0.3641055051064464,0.012026805585337585,1044
26898,0.3640772811514581,0.4485357092347195,0.3640772811514581,-0.001247864002034138,1045
21638,0.3640366251191177,0.59189095472268,0.3640366251191177,0.03376819633175038,1046
29318,0.36392373829788693,0.4238910794010312,0.36392373829788693,0.050414396095604386,1047
20346,0.3638966565394972,0.3998919670220761,0.3638966565394972,0.04856736924398991,1048
23087,0.36381883323638076,0.4044004587752514,0.36381883323638076,0.09802034336638643,1049
26688,0.36375100915433106,0.429081367781835,0.36375100915433106,0.0615304544166127,1050
21361,0.363735625006113,0.7008013753748353,0.363735625006113,0.011437175680499179,1051
21462,0.3637084755805392,0.6634654104786148,0.3637084755805392,0.006683384048054797,1052
20860,0.3635872738138055,0.3846620489074992,0.3635872738138055,0.04630977107905071,1053
25900,0.3634345876715707,0.40512723804480893,0.3634345876715707,0.01888920051266152,1054
20435,0.36315970841236933,0.39702467966639066,0.36315970841236933,0.019042292298926067,1055
20804,0.3626910862867127,0.3753275815150567,0.3626910862867127,0.018192479575393217,1056
23116,0.36252920984999665,0.46065132323980384,0.36252920984999665,0.015807310477346126,1057
25053,0.36237713105294067,0.38157529691044245,0.36237713105294067,0.13906902549910372,1058
21807,0.36232973862686063,0.6316912932723087,0.36232973862686063,-0.002377715364217492,1059
22338,0.36225576971290063,0.7160782832900945,0.36225576971290063,0.019260516468561417,1060
28149,0.362165942944324,0.41858396741764775,0.362165942944324,0.06310987999055911,1061
28337,0.36208698328360817,0.43933218118250583,0.36208698328360817,0.07606914241300672,1062
21377,0.36203001983786987,0.5601397434708327,0.36203001983786987,0.024940785922030306,1063
24850,0.36197517348807134,0.7661546754620093,0.36197517348807134,0.010312804903235606,1064
21387,0.36195001165955165,0.40722861960869566,0.36195001165955165,0.005372383489037735,1065
21275,0.3618744544167846,0.4180826354020946,0.3618744544167846,0.02418578102621949,1066
27399,0.36149609734672494,0.593107550483342,0.36149609734672494,0.003216034646160937,1067
23433,0.3614452730278273,0.46692760662276156,0.3614452730278273,0.036697099436946545,1068
26980,0.3613353474645623,0.6293887609304601,0.3613353474645623,0.0037966408723192346,1069
22165,0.3610876247445651,0.8391915611290565,0.3610876247445651,0.0,1070
20292,0.3608056554064212,0.3972244775754703,0.3608056554064212,0.010028421678936139,1071
22208,0.36080446064694827,0.4078217814566642,0.36080446064694827,0.05477243689850053,1072
22784,0.36076536988802166,0.5690182075455049,0.36076536988802166,0.010989687376356527,1073
20086,0.3607176945084369,0.48976283920082175,0.3607176945084369,0.029382136846858642,1074
24498,0.3606000857603358,0.6135678565051541,0.3606000857603358,0.0012774342825083718,1075
20420,0.36051661231023086,0.503796729290551,0.36051661231023086,0.02355780602743951,1076
29335,0.360467047210085,0.5243231944377581,0.360467047210085,0.007523675143513264,1077
25222,0.36027569506849666,0.4176500353727672,0.36027569506849666,0.04130033156981322,1078
20894,0.36016749313259033,0.5217395109747232,0.36016749313259033,0.012015108299197053,1079
23905,0.35996262568377474,0.8059549150264185,0.35996262568377474,-0.0006294630152563485,1080
24292,0.3598888467268396,0.38834416070579336,0.3598888467268396,0.024271427177618154,1081
27565,0.3598384692116825,0.49369225512180626,0.3598384692116825,0.04942007013339661,1082
21879,0.3597493094981866,0.4508776214321815,0.3597493094981866,0.034712780012540634,1083
22989,0.3596754924352611,0.6258970334994305,0.3596754924352611,0.017935294592337336,1084
26123,0.35966431689126716,0.5561154418838141,0.35966431689126716,0.038266400786231225,1085
29033,0.3596483344344459,0.3837398909502374,0.3596483344344459,0.04227085768726635,1086
28638,0.35948991895365123,0.4813032664778353,0.35948991895365123,0.0,1087
21353,0.3593915760466494,0.49140117586729687,0.3593915760466494,0.03195861547736639,1088
20433,0.3592791271944931,0.40854697274477847,0.3592791271944931,0.006396966526722947,1089
24389,0.3592101933428291,0.5700674703239798,0.3592101933428291,0.0,1090
29432,0.3591409745809488,0.4989633320182201,0.3591409745809488,6.6135274164325075e-06,1091
22615,0.35913672493139903,0.5693216372243357,0.35913672493139903,0.023339906389458098,1092
25006,0.35911725895947627,0.43633752452852287,0.35911725895947627,0.04820373830014191,1093
22921,0.35903458688097833,0.46400448963547647,0.35903458688097833,0.009518390231447516,1094
26813,0.35898394498328057,0.4613507890560835,0.35898394498328057,0.048774306530239675,1095
20900,0.3588630134708999,0.37401050806704533,0.3588630134708999,0.029424303825619058,1096
21865,0.35876721957515556,0.43310311717879885,0.35876721957515556,0.09798334433424538,1097
27936,0.35858785435034735,0.7083527684626861,0.35858785435034735,0.03645936849048548,1098
21102,0.358479727254875,0.586249507405479,0.358479727254875,0.04531196252113434,1099
23547,0.3583877561338393,0.7438111805441213,0.3583877561338393,0.0,1100
20273,0.35830330201260474,0.4795522112455182,0.35830330201260474,0.0141066637890494,1101
25855,0.35823389762074426,0.5221134108378953,0.35823389762074426,0.046865634377754706,1102
25817,0.35822372917629464,0.5956676697485337,0.35822372917629464,0.01280238314904214,1103
27668,0.3582160245685524,0.36291841763887217,0.3582160245685524,0.2014912235021913,1104
22140,0.3580038315182696,0.4011320346991631,0.3580038315182696,0.03689906942063986,1105
28163,0.3579346079216443,0.428407537295253,0.3579346079216443,0.016524237033489986,1106
23310,0.3577635744565395,0.5723510143492968,0.3577635744565395,0.047507782686375344,1107
25458,0.35732492469103483,0.5254097532308553,0.35732492469103483,0.016265192615066093,1108
27598,0.3573017098970711,0.3762604063360195,0.3573017098970711,0.12214284792272712,1109
23343,0.35722924189514765,0.8014702861159697,0.35722924189514765,0.014448890193150543,1110
24143,0.35718339162786683,0.513737248222553,0.35718339162786683,0.022943978232794426,1111
22951,0.35713467938129984,0.40673667552772136,0.35713467938129984,0.05703963804373946,1112
23332,0.3570817985252095,0.4592676816242392,0.3570817985252095,-0.010004357141180809,1113
26539,0.3570590069628513,0.6189136911342891,0.3570590069628513,-0.0012405601191468607,1114
21227,0.3566927356256141,0.4821953119156998,0.3566927356256141,0.04002945033572808,1115
27846,0.3566154902029927,0.4694068073506535,0.3566154902029927,0.011627292297032021,1116
26283,0.3564045885864811,0.3737221817621797,0.3564045885864811,0.21642366679833203,1117
29708,0.35623599405416506,0.38025255051039825,0.35623599405416506,0.031495738022530306,1118
27504,0.355913127886765,0.49236309002212697,0.355913127886765,0.006506668523184711,1119
25824,0.35584446087102894,0.4777521471475317,0.35584446087102894,0.048098833914831274,1120
22334,0.35581498577874293,0.5959770887802421,0.35581498577874293,0.020778516941015845,1121
25425,0.35539670932565387,0.3808331317857052,0.35539670932565387,-0.0021653285717651016,1122
29148,0.3553659999693208,0.36869053124908235,0.3553659999693208,0.008986563984807683,1123
22178,0.35527948593853326,0.4247142927287236,0.35527948593853326,0.04359908333132201,1124
25786,0.355172565109205,0.7449759086472586,0.355172565109205,0.00190691804806975,1125
25185,0.3550967256886956,0.36602218091638355,0.3550967256886956,0.16735311715863677,1126
27383,0.35502404843620927,0.5057608909971917,0.35502404843620927,0.026714154053874783,1127
20772,0.3548732784264934,0.5335939955156892,0.3548732784264934,0.042289608398688505,1128
23179,0.35483500231300164,0.5053512661245491,0.35483500231300164,0.0009322604818443603,1129
28984,0.35479278801518516,0.3967886481213902,0.35479278801518516,0.1961881682297271,1130
23863,0.3545437661038201,0.366390932144066,0.3545437661038201,0.0712015587737252,1131
26264,0.35452263958733066,0.5235166152194901,0.35452263958733066,0.020803253605631233,1132
27684,0.35435904804569607,0.48381395832784097,0.35435904804569607,0.0013631480686689956,1133
22892,0.3543363602934379,0.3630167882147086,0.3543363602934379,0.12850715154057882,1134
20145,0.35427296077329495,0.5715036541663077,0.35427296077329495,0.023420254559194387,1135
22527,0.35423755021477155,0.4262333666968385,0.35423755021477155,-0.0024252363897904194,1136
29076,0.3541170479949366,0.47265538232487647,0.3541170479949366,0.0,1137
29329,0.35409404663336164,0.44529011168666877,0.35409404663336164,0.0022169181649620007,1138
24442,0.3539239764931021,0.3962481884827325,0.3539239764931021,0.0043079858534575965,1139
25618,0.3537528723399441,0.4616140485567513,0.3537528723399441,0.027713867910128864,1140
27811,0.35338105175053025,0.6395760722409143,0.35338105175053025,0.0,1141
22944,0.35337104311765194,0.424002745819192,0.35337104311765194,-0.00736675277436899,1142
26185,0.3532785325408782,0.7425554374528096,0.3532785325408782,0.0,1143
28004,0.35321054070627056,0.47829818321277084,0.35321054070627056,0.06752944297139107,1144
20708,0.35318533640114325,0.7158663544375392,0.35318533640114325,0.04664692016882921,1145
29878,0.3530760069317683,0.6740377035892487,0.3530760069317683,0.01888613182247556,1146
24418,0.35302786900748584,0.5622224558256481,0.35302786900748584,0.031473756490996485,1147
20805,0.3528956143647389,0.40050051081393706,0.3528956143647389,0.07621988861612516,1148
27017,0.3526996473133428,0.5013785870647985,0.3526996473133428,0.022391972762883516,1149
21097,0.3526781173638125,0.4879174727416835,0.3526781173638125,0.04118026617264814,1150
20043,0.3525908136077892,0.4187473768727306,0.3525908136077892,-0.020372830828246813,1151
21280,0.3524723496596495,0.5015499011049654,0.3524723496596495,0.02880112759090897,1152
23573,0.3524365161764143,0.3899607552237761,0.3524365161764143,0.03424832469149591,1153
29551,0.3523666101455532,0.38582303785344446,0.3523666101455532,0.028275584154181854,1154
24497,0.3522343192932869,0.5131853618695388,0.3522343192932869,0.08648682781765987,1155
25457,0.352027584304784,0.408220407029875,0.352027584304784,0.028443355541606208,1156
20784,0.35196636656556785,0.369726921647475,0.35196636656556785,0.04169505299645304,1157
25947,0.3518089888819515,0.3769158989691476,0.3518089888819515,0.01835901567269782,1158
26190,0.35177354682613254,0.7293753046331913,0.35177354682613254,0.008996195384146755,1159
29200,0.35166010032119693,0.38233422117685895,0.35166010032119693,0.05041956115616514,1160
28813,0.3514850867208543,0.598900992988552,0.3514850867208543,0.031024024251356974,1161
29293,0.3513901431991696,0.4208944033634396,0.3513901431991696,0.014622075380372968,1162
23759,0.35135655002287414,0.5137020678511841,0.35135655002287414,0.029118490275227005,1163
29235,0.3510197434923904,0.6645657167706772,0.3510197434923904,0.0018186395191631677,1164
20986,0.3510088806699554,0.48310604983127914,0.3510088806699554,0.07746101648046036,1165
28075,0.35092848097737983,0.5126407586448225,0.35092848097737983,0.012755818984468315,1166
23575,0.3508895629292819,0.3828956777727706,0.3508895629292819,0.01057209719433716,1167
26534,0.3508672178994964,0.5261629266126608,0.3508672178994964,0.010119799685061381,1168
27065,0.35081658285328243,0.6217936599624202,0.35081658285328243,0.021799717799174223,1169
26227,0.35070205355904416,0.4296236504409693,0.35070205355904416,-0.0012452630387921881,1170
24084,0.3503853434032658,0.46029994650781003,0.3503853434032658,0.07634049046087871,1171
23605,0.35027560887718445,0.49682457844880945,0.35027560887718445,0.03563913674956315,1172
28819,0.3502511616965064,0.5984081752753535,0.3502511616965064,0.023687151948776686,1173
27533,0.35023143523631717,0.44506240410575254,0.35023143523631717,0.044400812618653474,1174
20173,0.35021805356306585,0.37853042133776155,0.35021805356306585,0.030310558002426546,1175
20521,0.3500457320613326,0.39585852278611333,0.3500457320613326,-0.0018287305476538673,1176
26260,0.3499707451580162,0.4474046069104914,0.3499707451580162,-0.0021481780238609693,1177
26824,0.34980182200646803,0.5374216833859053,0.34980182200646803,0.047207466762876904,1178
20642,0.34967364843532195,0.3995151320112364,0.34967364843532195,0.0043532075561426575,1179
21993,0.34930021407299083,0.5420617800183992,0.34930021407299083,0.014771502527608504,1180
22955,0.3490775208427433,0.6414270499030547,0.3490775208427433,0.03445201874535819,1181
28129,0.34898882962538513,0.6224625334101035,0.34898882962538513,0.014758639581570532,1182
21524,0.34891396375535655,0.5206969258632687,0.34891396375535655,0.015300194966347824,1183
27870,0.3487911614106622,0.3800781432342629,0.3487911614106622,0.02616346385362356,1184
22645,0.34815291492649114,0.5987878433834433,0.34815291492649114,0.060916933992438915,1185
20759,0.348105486960855,0.7148783369011907,0.348105486960855,0.016243534527288328,1186
21822,0.34775879598075743,0.47929997330939733,0.34775879598075743,0.016166808920274334,1187
23150,0.34774973454948416,0.7215314633358901,0.34774973454948416,0.06976374072361191,1188
23989,0.34774928507992897,0.46547623342295,0.34774928507992897,0.0022631520168429065,1189
28656,0.347616067714001,0.5965307511948104,0.347616067714001,0.05586108060078282,1190
26386,0.34746052308287445,0.6475944100513353,0.34746052308287445,0.05512545309188033,1191
24321,0.3471633866192477,0.40798310578563507,0.3471633866192477,0.0011499291881161278,1192
21529,0.3468210519362084,0.4766293703490708,0.3468210519362084,0.03923728249444952,1193
25534,0.3468209416884104,0.3744755241407677,0.3468209416884104,0.02960634394692474,1194
20483,0.3464786306287011,0.6078962234982225,0.3464786306287011,0.0,1195
23301,0.3464219504284992,0.466834107562962,0.3464219504284992,0.06249456335734099,1196
25511,0.34620186288524357,0.7240533558620124,0.34620186288524357,-0.0023432394965717807,1197
26532,0.34616517993930823,0.5355886668119036,0.34616517993930823,0.02276790596212741,1198
29577,0.3456417652420845,0.5180080068002141,0.3456417652420845,0.04748225162923392,1199
20990,0.34562975340086033,0.35317402932256065,0.34562975340086033,0.12390912530348103,1200
25382,0.3455195498528998,0.4204314961598729,0.3455195498528998,0.031592655094098754,1201
27941,0.345377912878076,0.3949591836753786,0.345377912878076,0.011857579598834878,1202
24725,0.34523871300633113,0.534033722582718,0.34523871300633113,-0.03965913732122994,1203
25944,0.34515893314196167,0.3793235402720515,0.34515893314196167,0.08407187477485867,1204
24029,0.34503178315372013,0.5110887704455709,0.34503178315372013,0.016656919775474233,1205
21151,0.344751744275101,0.357101788310696,0.344751744275101,0.03976289486335005,1206
22274,0.34463194591488094,0.6254549539029172,0.34463194591488094,0.0018728221193455852,1207
29402,0.3444835579945853,0.4688268291015151,0.3444835579945853,0.01035733404450645,1208
20902,0.34437062739391844,0.5864283098882732,0.34437062739391844,0.011156780229265917,1209
28350,0.3443374128178305,0.6845150081597814,0.3443374128178305,-8.560146035174743e-05,1210
23193,0.3442795770437922,0.6908542344876875,0.3442795770437922,0.03533401137088932,1211
22277,0.34413933279686504,0.5227034448799982,0.34413933279686504,0.006340646137872885,1212
22970,0.34395349150525784,0.39450308279437235,0.34395349150525784,0.20015253048322265,1213
29521,0.3439348831402872,0.3476201545943278,0.3439348831402872,0.23502429440371608,1214
24387,0.34379377271461053,0.460510499599271,0.34379377271461053,0.025324106188165108,1215
20610,0.34323484349548566,0.39614887853639763,0.34323484349548566,0.014254283257661093,1216
24917,0.3430164510894808,0.39397003808166065,0.3430164510894808,0.032514945430413444,1217
26171,0.3430043686965168,0.6755624949490868,0.3430043686965168,0.021727166129651088,1218
28410,0.3428426183745579,0.42460294193708364,0.3428426183745579,0.1250170054161469,1219
27435,0.3427370252070135,0.4027767873315742,0.3427370252070135,0.020166830325084317,1220
27018,0.342723521613704,0.8684186636564705,0.342723521613704,0.0,1221
24032,0.34268134471226075,0.48987367200922927,0.34268134471226075,0.032373711704543284,1222
26046,0.342665859626886,0.8459373874147089,0.342665859626886,0.021584669615049568,1223
27180,0.34261225542785795,0.6414844788661017,0.34261225542785795,0.02989794237216914,1224
27171,0.3426065698990977,0.3490863398851963,0.3426065698990977,0.14368602690279988,1225
24729,0.34253376419088233,0.48033318784876966,0.34253376419088233,-0.0024282784807759805,1226
23086,0.3423186008594975,0.4368933856286003,0.3423186008594975,0.01063083885395244,1227
27365,0.34194514194381054,0.46224060424371394,0.34194514194381054,0.03982047443265324,1228
24118,0.34168993776505097,0.633023596859795,0.34168993776505097,0.010978932414200226,1229
24743,0.3416763983447106,0.37042982350174514,0.3416763983447106,0.04823569666623084,1230
26394,0.3415558802536335,0.3604153877266033,0.3415558802536335,0.13049058592422103,1231
29481,0.341493896905084,0.652758857718731,0.341493896905084,0.007449082978954746,1232
28182,0.34145733532434397,0.37988115829746905,0.34145733532434397,0.04502323209056025,1233
24521,0.3414444682637833,0.4179864254878891,0.3414444682637833,0.054171905778679086,1234
28125,0.3414046328332364,0.6782998234798053,0.3414046328332364,0.007471633306832981,1235
27421,0.3412372038920565,0.4474451043183202,0.3412372038920565,0.042914504700999334,1236
23429,0.3411460120216059,0.5414763725353593,0.3411460120216059,0.007969182374712558,1237
29404,0.34091704955899094,0.6369505912950946,0.34091704955899094,0.0,1238
20018,0.34083433093215526,0.6062685391893664,0.34083433093215526,0.012921180792644149,1239
27087,0.3405780613425422,0.5609465119327883,0.3405780613425422,0.0028456509005782005,1240
27715,0.3405540681688821,0.4064792264811247,0.3405540681688821,0.01568294584913421,1241
22217,0.3405063461774449,0.3852027172331043,0.3405063461774449,0.013101037466171972,1242
21085,0.3402436019801226,0.4541748403114125,0.3402436019801226,0.019244438147347664,1243
29532,0.3394811127927748,0.5781727970923839,0.3394811127927748,-0.0019905630930321383,1244
24252,0.3394761143133317,0.5527965593470087,0.3394761143133317,0.00092332538534734,1245
24990,0.339137255539693,0.4391943722902425,0.339137255539693,0.052323767976449276,1246
27156,0.33871929149923624,0.40687173586338793,0.33871929149923624,0.016092724465685437,1247
28954,0.3384742833949932,0.3512758052688899,0.3384742833949932,0.07254841816985969,1248
20836,0.33845945647695547,0.34917343061907485,0.33845945647695547,0.15913677594396322,1249
20091,0.33835372009772646,0.4321816370347901,0.33835372009772646,0.09712392112899121,1250
26557,0.3382060648606091,0.8136781300927269,0.3382060648606091,0.008005308667597522,1251
23649,0.33817326238822254,0.35357047614158316,0.33817326238822254,0.17369822518803257,1252
23466,0.3377973270350476,0.5823592191762559,0.3377973270350476,0.02259309799358833,1253
23169,0.3376514199950374,0.5233763657192126,0.3376514199950374,-0.002130387720966076,1254
25210,0.3375305697834261,0.5742578002156871,0.3375305697834261,-0.0011085933093981093,1255
27610,0.3375100646996656,0.514394951368153,0.3375100646996656,0.004102429980230582,1256
22997,0.3373156336357157,0.44820557733370225,0.3373156336357157,0.020014267336045943,1257
24171,0.33722552598964534,0.3875810964863241,0.33722552598964534,0.16778889319884832,1258
25529,0.3372118995578101,0.3773839475465657,0.3372118995578101,0.03599003688114688,1259
26818,0.33714061379299387,0.5517261899238131,0.33714061379299387,0.004013692225663612,1260
26001,0.33708152907496003,0.6516717378646154,0.33708152907496003,0.005907430899267485,1261
28935,0.3370192071099755,0.37844405043868995,0.3370192071099755,0.019302317433409044,1262
24988,0.33678628853153003,0.5215377539716562,0.33678628853153003,0.018851395981012598,1263
27734,0.33675427037031286,0.6550908824839748,0.33675427037031286,0.01749316737251705,1264
22933,0.33671524359907384,0.358248651637073,0.33671524359907384,-0.002425465769921753,1265
24384,0.336678135635362,0.450476488827336,0.336678135635362,0.031297191111756106,1266
25350,0.33667301349472767,0.542363182411079,0.33667301349472767,-0.004664452668258101,1267
23561,0.3366311870229105,0.646311384581279,0.3366311870229105,-0.008700944209906636,1268
25132,0.33660329688920865,0.37903150591081425,0.33660329688920865,0.00012935588665269337,1269
21429,0.33644634289635134,0.5323833304945947,0.33644634289635134,-0.00141553427811425,1270
29836,0.3364430277679481,0.36737514106159674,0.3364430277679481,0.010507834395688753,1271
26384,0.3364296304982803,0.34456597062026006,0.3364296304982803,0.08516333553891689,1272
26454,0.3362932519217611,0.6559220846086451,0.3362932519217611,0.032554271509295685,1273
20952,0.3361721822096595,0.397715629325085,0.3361721822096595,0.0447415316195382,1274
22710,0.33606122601873983,0.7789080025238797,0.33606122601873983,-0.00034318055063009556,1275
20232,0.335866580716943,0.4107893376396405,0.335866580716943,0.07639095863626849,1276
27938,0.3358399367221033,0.3799584840745387,0.3358399367221033,0.03658407098137839,1277
20311,0.33558042391955883,0.381142761580131,0.33558042391955883,0.07786761125628794,1278
23234,0.3354322879834063,0.44549672964336645,0.3354322879834063,0.053285794785331964,1279
20727,0.33538082127625635,0.8561553443295415,0.33538082127625635,-0.00032079723251465797,1280
25374,0.3353270133366562,0.3550948768226941,0.3353270133366562,0.031715126960827844,1281
28389,0.3352304025497395,0.350598649297019,0.3352304025497395,-0.012778660297493638,1282
28799,0.33522736559482447,0.4706614470578971,0.33522736559482447,-0.009214248188468,1283
27373,0.33522433346440583,0.5266393435879956,0.33522433346440583,0.015874157640883735,1284
29369,0.3350120050202165,0.4903307391586377,0.3350120050202165,0.024424163432225476,1285
28393,0.33497864735001975,0.6691763920710507,0.33497864735001975,0.02610268564331175,1286
29348,0.334954772977359,0.4945258687215493,0.334954772977359,0.04605192866224461,1287
27137,0.33483701782515946,0.35681494605525405,0.33483701782515946,-0.004219042287661123,1288
21639,0.3345400799990869,0.3778962947473203,0.3345400799990869,0.007816574614006533,1289
24564,0.33420544378197986,0.6087469591691339,0.33420544378197986,0.0031036105146947657,1290
28724,0.33408154263661366,0.7154771556301603,0.33408154263661366,0.0039612137075423215,1291
23308,0.33398872547184355,0.48253409101322353,0.33398872547184355,0.01970044469384058,1292
26696,0.3339597527995221,0.36458086970106673,0.3339597527995221,0.024628579981023857,1293
24176,0.3338651566057995,0.4920547568221663,0.3338651566057995,-0.013733340349490475,1294
26693,0.3338469731261834,0.45542315366547326,0.3338469731261834,0.012404239248563709,1295
29311,0.3337024554783021,0.7610800987172384,0.3337024554783021,0.04248041380102352,1296
27952,0.3336397315013513,0.6188976948873994,0.3336397315013513,0.016197816600279857,1297
29065,0.3333478740508361,0.5612037650634834,0.3333478740508361,0.007856915558050459,1298
25751,0.33318222125135133,0.3818636027740998,0.33318222125135133,0.027340598488115875,1299
21162,0.33311568070305964,0.42269802621003344,0.33311568070305964,0.039642426539212405,1300
29210,0.33292060889987973,0.6595171555058208,0.33292060889987973,0.01776718367943053,1301
20045,0.33282825275879846,0.5161687400016193,0.33282825275879846,-0.0070433563248432085,1302
28872,0.3327124505636777,0.34388236669223904,0.3327124505636777,0.18506551099961965,1303
22553,0.33267687419807873,0.3409164923816237,0.33267687419807873,0.08452641696345586,1304
22907,0.3323876590498377,0.477655789610753,0.3323876590498377,0.001273543378919051,1305
28016,0.33227825542665496,0.596500966725989,0.33227825542665496,0.02354697969620345,1306
26275,0.3321393259363625,0.6254367542050503,0.3321393259363625,0.011738426201724494,1307
24447,0.3321235677048434,0.39694266214991114,0.3321235677048434,0.0,1308
27911,0.33204821891704145,0.5516274926137952,0.33204821891704145,0.05209874998302205,1309
20333,0.33187757889273084,0.4450304143126535,0.33187757889273084,0.0025867180913344834,1310
25227,0.3318571410762489,0.5185660208645009,0.3318571410762489,0.018518991319549705,1311
25279,0.3317321645106648,0.3911653662146178,0.3317321645106648,0.03720765973104817,1312
20670,0.3317216543102539,0.4515560485139691,0.3317216543102539,0.028616374616467377,1313
29730,0.33170794021003314,0.5504561877311535,0.33170794021003314,0.008576356499460203,1314
20081,0.33160460679727577,0.45538465099063513,0.33160460679727577,0.0074534125351796154,1315
25898,0.3315972583157046,0.4545273744032203,0.3315972583157046,0.012260829738472478,1316
21380,0.33152943977793686,0.5030695255939122,0.33152943977793686,0.03302550235505608,1317
22985,0.3314008623241766,0.3696197583189559,0.3314008623241766,0.025544981074487827,1318
28869,0.3308675770850716,0.3525945251440631,0.3308675770850716,0.017919880748366646,1319
28094,0.33064852883641227,0.6835512862916401,0.33064852883641227,-0.001717774071943956,1320
25463,0.33064523786572964,0.8776179981107709,0.33064523786572964,0.033808357332646755,1321
27975,0.3304379222973725,0.3401610357424082,0.3304379222973725,0.19405262334898435,1322
24658,0.33024535880448475,0.38502898834060245,0.33024535880448475,0.025760249386261924,1323
20702,0.3302238461318082,0.5295062060836747,0.3302238461318082,0.006136860621757778,1324
22915,0.33012683853514935,0.4480435821431984,0.33012683853514935,0.044000248687321886,1325
28425,0.3300355044187662,0.3512066960064275,0.3300355044187662,0.07662729992295653,1326
22259,0.3299018570141492,0.6448980150506158,0.3299018570141492,0.036307874246671146,1327
26904,0.3298732041650096,0.33572873908968653,0.3298732041650096,0.052307891320953356,1328
26519,0.32952110923661265,0.3557482813925297,0.32952110923661265,0.032905111471599024,1329
20424,0.3294635658803296,0.33974606987754297,0.3294635658803296,0.23196487002235044,1330
20215,0.32932366709817457,0.5879878339263022,0.32932366709817457,0.02881750290825158,1331
24457,0.32931698523504593,0.6213385249220059,0.32931698523504593,-0.002318481539934636,1332
24975,0.3289989902633436,0.5082298390621566,0.3289989902633436,0.03021964867686222,1333
20819,0.3288633450577366,0.40622869464299455,0.3288633450577366,0.044925087307180145,1334
29536,0.3285074122494165,0.421477190276075,0.3285074122494165,0.2422061537834092,1335
26455,0.3284771149705764,0.5777532112329107,0.3284771149705764,0.02515668185110176,1336
20721,0.32819223786988916,0.7497423911866062,0.32819223786988916,0.023732810099804658,1337
23347,0.3280760241011862,0.375483119588641,0.3280760241011862,0.031670260583540555,1338
29544,0.32807129298577176,0.39181511836087896,0.32807129298577176,0.04089809317177673,1339
25904,0.3276377641641499,0.4679378786163606,0.3276377641641499,0.030431123940267868,1340
24869,0.3274598646854341,0.3452821754304802,0.3274598646854341,0.17204270127842605,1341
29593,0.3273924461964494,0.35648658465470584,0.3273924461964494,-0.005279544361066146,1342
28696,0.32723732540899164,0.5047687350134139,0.32723732540899164,0.02997349251526049,1343
29147,0.32719634183089724,0.41834220206128325,0.32719634183089724,-0.012582371383918767,1344
29979,0.327179435255882,0.4267066176208591,0.327179435255882,0.022761875934606712,1345
28123,0.32709473185020527,0.6479782386074044,0.32709473185020527,0.010501247742456754,1346
27926,0.3270540492970695,0.6550206217992034,0.3270540492970695,0.04316898930188573,1347
26735,0.3270021621682926,0.523767632967773,0.3270021621682926,0.007186664725556513,1348
20458,0.3269317983427815,0.740832159291573,0.3269317983427815,0.0,1349
24198,0.3268760484636207,0.3961107200829857,0.3268760484636207,0.005376658717888838,1350
24576,0.32687129191054765,0.4043009850497789,0.32687129191054765,0.056319758334525905,1351
29974,0.32677308224505747,0.35723240482839524,0.32677308224505747,0.03899253629185878,1352
25851,0.3266062115370595,0.6412382980810308,0.3266062115370595,0.011121793848893224,1353
29736,0.32655901343280896,0.6857363439352832,0.32655901343280896,0.03715463885640963,1354
28539,0.32648582974698614,0.5807452107261397,0.32648582974698614,0.03090606027683951,1355
25506,0.3264679522432107,0.4897235845269828,0.3264679522432107,0.02467990057676478,1356
26381,0.3259714522209252,0.8208413354464156,0.3259714522209252,0.016968419700395754,1357
26565,0.32545255482870866,0.33399094429576953,0.32545255482870866,0.08988062226005197,1358
27779,0.325404116824866,0.4919255482313059,0.325404116824866,0.002565061666494839,1359
21362,0.32531912348545916,0.4421169476076691,0.32531912348545916,0.019784559823443515,1360
29342,0.32520610854263643,0.3370384475790674,0.32520610854263643,0.15165615682070877,1361
26200,0.32512637865710947,0.5690352471581985,0.32512637865710947,0.025602241869873477,1362
24014,0.3250988000913752,0.4268474971724386,0.3250988000913752,0.014852950859651326,1363
29150,0.32493586582449213,0.3394951036312108,0.32493586582449213,0.18474627890586753,1364
24620,0.32482119886569344,0.5199037207886309,0.32482119886569344,0.010155967603547755,1365
26399,0.3247873647997685,0.36232711892252134,0.3247873647997685,0.04541009300987453,1366
20139,0.32463451226897344,0.4217978486008904,0.32463451226897344,0.017629360417415363,1367
21061,0.3245975323092006,0.35979135710308036,0.3245975323092006,0.1651122961717092,1368
27191,0.32457191563458093,0.40469565410117336,0.32457191563458093,0.08145546429518136,1369
26649,0.32456761783089577,0.6657039549197729,0.32456761783089577,0.017909192690353626,1370
29331,0.3245519727273004,0.44171679235558275,0.3245519727273004,0.0019287515009210887,1371
20539,0.32449815102289775,0.6275979841509656,0.32449815102289775,0.028777541263356854,1372
24759,0.32445297411866375,0.49335950287149466,0.32445297411866375,0.08424887665812542,1373
22563,0.3244378109790167,0.3708748596142859,0.3244378109790167,0.02830016401392066,1374
23421,0.32412409962437616,0.35924079911100393,0.32412409962437616,0.028551332149406916,1375
24451,0.32405718882017115,0.5774797922558932,0.32405718882017115,0.033496460965767805,1376
27752,0.323915831529279,0.6469165895730632,0.323915831529279,0.020726209777255145,1377
29925,0.3237822767328167,0.7445005643948479,0.3237822767328167,-0.012128315892183994,1378
22577,0.3237745187181782,0.4575271123067641,0.3237745187181782,0.010177267326418105,1379
29780,0.32375181236824063,0.4220679110913725,0.32375181236824063,0.006677571911379576,1380
24771,0.32347329849466205,0.35036509217055484,0.32347329849466205,0.04042541656450016,1381
24155,0.32333264301800935,0.39402327975237816,0.32333264301800935,0.0968787824916631,1382
29244,0.323136398375492,0.3687141915165975,0.323136398375492,0.021836018868758966,1383
29325,0.3230544836140589,0.348190178416086,0.3230544836140589,0.14216992092903324,1384
28002,0.32299393805514276,0.5045644017606444,0.32299393805514276,0.027666371291283187,1385
28213,0.3225984021897599,0.8367372044671427,0.3225984021897599,0.0,1386
27251,0.3224097334715126,0.3633647407199114,0.3224097334715126,0.032691097734671826,1387
28663,0.32234019696883476,0.4369041199741747,0.32234019696883476,0.020284510415294665,1388
23631,0.3222121645869407,0.5365079248407366,0.3222121645869407,0.0,1389
26069,0.3221708086877344,0.5426360070566892,0.3221708086877344,0.00985433192904972,1390
23706,0.32183644449438764,0.34084110199034456,0.32183644449438764,0.15506547411145694,1391
29891,0.32174587117656467,0.4565719702173151,0.32174587117656467,0.013556921098833885,1392
28784,0.321615867199358,0.5371716672322507,0.321615867199358,-0.025868823863591017,1393
21292,0.32159332982055644,0.44400535838331373,0.32159332982055644,0.015637245885731232,1394
23194,0.321593081239783,0.7397795991975074,0.321593081239783,-0.0010512859379694373,1395
20231,0.32153487494160654,0.4475804314774685,0.32153487494160654,0.14296361727048507,1396
29480,0.32152788026989304,0.4831575713721507,0.32152788026989304,0.0,1397
22240,0.32146842947274706,0.38225849834500825,0.32146842947274706,0.004579118128015147,1398
29060,0.3214067223762834,0.562541057014393,0.3214067223762834,0.0035891667769899493,1399
29129,0.3214017869264907,0.5186376110305495,0.3214017869264907,0.032773612184793355,1400
20574,0.3213898228549028,0.3874117376521759,0.3213898228549028,0.01421080057092533,1401
27725,0.32108750033092615,0.3485322837457618,0.32108750033092615,0.1126342945518066,1402
26079,0.32106974988945836,0.6149858789663437,0.32106974988945836,-0.009908331231963441,1403
23981,0.3210614438986071,0.3435746246970161,0.3210614438986071,0.15346996114221234,1404
20745,0.3209388436580565,0.7120477111220993,0.3209388436580565,0.0178501443428436,1405
29729,0.3207931339789373,0.5419993293467142,0.3207931339789373,0.020977507449219668,1406
24146,0.32068220740215264,0.39458824096677636,0.32068220740215264,0.13820686399445847,1407
23787,0.32064396370343307,0.3541705946825137,0.32064396370343307,0.04678386418785524,1408
20775,0.32062029840182416,0.42546101468600445,0.32062029840182416,-0.029706684771683645,1409
26356,0.3205026148573239,0.3255230778166383,0.3205026148573239,0.1402432320439295,1410
22988,0.32049175965149435,0.6247423318083182,0.32049175965149435,0.020683176604304077,1411
21893,0.320483206915721,0.4585920913698736,0.320483206915721,0.07980558639042046,1412
24906,0.3203000498006895,0.32841104054016906,0.3203000498006895,0.01109453455152587,1413
20603,0.3201800971522856,0.4706768354469145,0.3201800971522856,0.010908610233043958,1414
26786,0.3200707792866948,0.5484925154355442,0.3200707792866948,0.017429893263213758,1415
29176,0.320001663008123,0.5176078113368761,0.320001663008123,0.0599951438952106,1416
26630,0.31999903301206917,0.5880538756709501,0.31999903301206917,0.001015715941190154,1417
23588,0.3199695901035373,0.4820735803598734,0.3199695901035373,0.010350089030450926,1418
23333,0.319954693761512,0.3539822190471848,0.319954693761512,0.24118285080389035,1419
25147,0.3199150454961664,0.586647542587996,0.3199150454961664,0.0045088441234958365,1420
20070,0.3198933068279172,0.3507706592525748,0.3198933068279172,0.012645396726991553,1421
23201,0.31989139727735555,0.34263957869469075,0.31989139727735555,0.01768538708088241,1422
28731,0.31972392485533796,0.5791351850687231,0.31972392485533796,0.003317827286346442,1423
26478,0.3196298728565837,0.33489772164529,0.3196298728565837,0.12657083802609506,1424
25173,0.31962674596189666,0.3962330425511526,0.31962674596189666,0.09598361316071136,1425
22382,0.31939181985168874,0.3330512860478127,0.31939181985168874,-0.04180164050223745,1426
24117,0.3192951448356261,0.33749595473323285,0.3192951448356261,0.0399324576349907,1427
28815,0.31922506898651715,0.41146825251272756,0.31922506898651715,0.03311681727672072,1428
24491,0.3192038331627662,0.35813106838291164,0.3192038331627662,0.009372706496238226,1429
25561,0.31892493259052707,0.4973418993840574,0.31892493259052707,0.041878169108648666,1430
20282,0.31887370010037475,0.34388179427067117,0.31887370010037475,0.13474950206222364,1431
28637,0.3188736009488077,0.6190288271022605,0.3188736009488077,0.0024541763346119794,1432
25057,0.3185472807991482,0.39595311298971936,0.3185472807991482,0.0034607101181988176,1433
26436,0.31850348434031206,0.3761888673108771,0.31850348434031206,0.08062683338939391,1434
22668,0.31833829860122925,0.7249985424696834,0.31833829860122925,0.0031687352655433987,1435
27824,0.3182798497244559,0.5768797411796085,0.3182798497244559,0.0,1436
26590,0.31827884961682285,0.3310318202132258,0.31827884961682285,0.13375561728008378,1437
26788,0.31820972305013245,0.6647913185322006,0.31820972305013245,-0.004170625974598496,1438
26970,0.31771123212115,0.327288441824309,0.31771123212115,0.030103535703344564,1439
27814,0.3176765826423487,0.3905319877552819,0.3176765826423487,0.055205667217888,1440
24641,0.31765988772491516,0.37347004994569877,0.31765988772491516,0.11248815158465644,1441
21609,0.3176349584832116,0.5970183822495899,0.3176349584832116,0.03574188776492426,1442
22942,0.31752584402753153,0.3404298005216917,0.31752584402753153,0.13118708378349583,1443
25174,0.31742710535854163,0.6138294355889345,0.31742710535854163,0.00016309755538024273,1444
27101,0.31740075287592584,0.3358160283163379,0.31740075287592584,0.002144699521990978,1445
22508,0.3173140055624611,0.34773216884164476,0.3173140055624611,0.0679641996242713,1446
21619,0.317146617652201,0.37449874957737367,0.317146617652201,0.031471994172748985,1447
25668,0.3171409308325555,0.399549891735256,0.3171409308325555,0.0248012078129628,1448
26891,0.3169982868204936,0.4081890882810056,0.3169982868204936,0.02017054065998869,1449
23712,0.3168575937992839,0.6751174961249657,0.3168575937992839,0.002017150517843458,1450
28753,0.316777015453315,0.33110083859812295,0.316777015453315,0.05470550444438832,1451
22045,0.31668998382881147,0.659738716973008,0.31668998382881147,-0.0021887713987879254,1452
22101,0.31667351029991586,0.49158970283684317,0.31667351029991586,0.049191551101065656,1453
28474,0.3165862534868283,0.5868856706029917,0.3165862534868283,0.009910048980176778,1454
28593,0.3164751562124416,0.349784268525283,0.3164751562124416,0.004585146550557528,1455
25630,0.3163957792447649,0.3535779703790239,0.3163957792447649,0.043671491836845655,1456
27090,0.3163299820581802,0.41287377411359155,0.3163299820581802,0.01868815258392209,1457
29786,0.31615561652818036,0.4000161507216655,0.31615561652818036,0.004379543383229767,1458
21256,0.3160503739701117,0.33277707071999446,0.3160503739701117,0.0011569483918611456,1459
21065,0.3156671997252457,0.3212316723223816,0.3156671997252457,0.03327312858439033,1460
27777,0.3156640402748854,0.3312478581578018,0.3156640402748854,0.16112758944474473,1461
23285,0.31564672911169855,0.35988558983750063,0.31564672911169855,0.024874776799672205,1462
23186,0.315520335477378,0.6979366049546692,0.315520335477378,0.043972693682704955,1463
29863,0.3154242863052301,0.3335145655641908,0.3154242863052301,0.09289922292392638,1464
28205,0.3152866021525655,0.44794785547664406,0.3152866021525655,0.10340270959459122,1465
26367,0.31498595477545066,0.6797728603220251,0.31498595477545066,-0.013824483848573488,1466
26389,0.31494919779561886,0.38923712120083864,0.31494919779561886,0.028178911779510152,1467
29438,0.31492916952395367,0.5218041730197545,0.31492916952395367,-0.002428059046165165,1468
20515,0.31476369139392224,0.46418821703804747,0.31476369139392224,0.08882831382435719,1469
20777,0.3147363762919854,0.3726660720840143,0.3147363762919854,0.15497437313427276,1470
20277,0.3147168010360301,0.32525305610899913,0.3147168010360301,0.005914975369419706,1471
22839,0.31450327508402737,0.3405626135778612,0.31450327508402737,0.19379120643814107,1472
23037,0.31448721311759115,0.45419887127703823,0.31448721311759115,0.01385330332557555,1473
24001,0.31442435437018357,0.3644347841409442,0.31442435437018357,0.00871001646683267,1474
20679,0.31441941754229774,0.6327723800189023,0.31441941754229774,0.006090491594640923,1475
22510,0.3143180949244852,0.43421682714744114,0.3143180949244852,-0.002278771386363676,1476
21503,0.3143035646779388,0.3246048496233418,0.3143035646779388,0.04579416812000536,1477
26008,0.3142063656464399,0.7891175633095698,0.3142063656464399,-0.0019117879841301644,1478
26725,0.314048941946115,0.37878869970763207,0.314048941946115,0.07636560186982683,1479
22741,0.3140118501084307,0.44318213873290047,0.3140118501084307,0.05131873488378025,1480
27559,0.3139599755399406,0.3728636399530675,0.3139599755399406,0.019664817738300144,1481
20178,0.31381444200837744,0.32369242602053877,0.31381444200837744,0.16702720217323755,1482
21454,0.31377829535206936,0.6027139961106982,0.31377829535206936,0.01993811095695408,1483
22353,0.3136351420816411,0.3657183969915441,0.3136351420816411,0.04599533173481263,1484
20426,0.3136311464390194,0.32802773262379264,0.3136311464390194,0.028102090529496804,1485
28916,0.3135679728799001,0.3446175372791319,0.3135679728799001,0.02405721515789505,1486
28838,0.3134734288137009,0.5858502586558674,0.3134734288137009,0.003909517725181,1487
28500,0.3132226780482988,0.3141213145192508,0.3132226780482988,0.23645806725810703,1488
25586,0.3130495001200316,0.5547161193978867,0.3130495001200316,0.009586266520418829,1489
26229,0.3129449044826493,0.3777428958643667,0.3129449044826493,0.0522773103069854,1490
27851,0.3129438572038256,0.4330987996707036,0.3129438572038256,0.023290879856520452,1491
23065,0.31287649413811724,0.33980349628991907,0.31287649413811724,0.018080195275228528,1492
24880,0.31280451394555486,0.3681579190630819,0.31280451394555486,0.0678678240943546,1493
21254,0.31275416642376486,0.40309585337242065,0.31275416642376486,0.02206015739302386,1494
23492,0.31268804292051755,0.3153157099131647,0.31268804292051755,0.14292475916391223,1495
21711,0.3126542809574803,0.35395638267363955,0.3126542809574803,-0.002404873013264419,1496
29375,0.31235111108497043,0.4179704582880679,0.31235111108497043,0.02211025110407283,1497
24639,0.3123199224129515,0.4143641542306795,0.3123199224129515,0.005636070655684833,1498
21142,0.3120966214960448,0.4154973799860157,0.3120966214960448,-0.0009238056270942097,1499
29417,0.3120738020885384,0.5104807610613564,0.3120738020885384,0.022638225373499132,1500
28564,0.3120644726359553,0.601285179257177,0.3120644726359553,0.006767404268268606,1501
23658,0.31199181764991923,0.44415199509314585,0.31199181764991923,0.0,1502
29684,0.3119283075574763,0.3780487853090029,0.3119283075574763,0.02740590799957987,1503
23391,0.3118794245397649,0.3794748355498307,0.3118794245397649,0.11161541134724451,1504
23437,0.311760027361032,0.38807238750277784,0.311760027361032,-0.0023761891175572147,1505
22808,0.3116873363962867,0.40782756322627406,0.3116873363962867,0.03797821656028599,1506
29455,0.31162732432518087,0.48245007284605546,0.31162732432518087,-0.006548108286872689,1507
28790,0.3113520467548624,0.36735257960673695,0.3113520467548624,0.04474956386848933,1508
20475,0.3111680983597561,0.31444572894390976,0.3111680983597561,0.10175749075873486,1509
27281,0.3111587760184056,0.49049573263548646,0.3111587760184056,0.06247419635098728,1510
26365,0.3111514951764539,0.48742940627543385,0.3111514951764539,0.005451039642325406,1511
25848,0.31111147349270857,0.5953573987615162,0.31111147349270857,0.015324905509016218,1512
27522,0.31092624434685784,0.3172162468600361,0.31092624434685784,0.1023531762839163,1513
22091,0.3106617038660236,0.3135759867412404,0.3106617038660236,0.13167798928431731,1514
29420,0.31064531106605786,0.34219326243971177,0.31064531106605786,0.013414650518040472,1515
22219,0.31048532739335766,0.49063069791054104,0.31048532739335766,0.019585628990127613,1516
27237,0.3103157170999539,0.3172699124061586,0.3103157170999539,0.13373755907289375,1517
20682,0.3102626999185635,0.42881402959808934,0.3102626999185635,0.05346959985188543,1518
28049,0.3101516113415501,0.3181441206727892,0.3101516113415501,0.0157393699914688,1519
22267,0.30990675444427873,0.588010217668794,0.30990675444427873,0.029186836743944622,1520
20789,0.30984271929888746,0.36368138586267446,0.30984271929888746,0.008486261206448964,1521
21819,0.3097989401366543,0.51559353919103,0.3097989401366543,0.028213084018025247,1522
28015,0.3096990742758964,0.4909456833970775,0.3096990742758964,0.010174938641682285,1523
20903,0.30962645114488685,0.3531579554029077,0.30962645114488685,0.045633622877367386,1524
25999,0.30950696717081194,0.3294850437231072,0.30950696717081194,0.047143151950745976,1525
28762,0.30950440337994145,0.32423561406364554,0.30950440337994145,0.14146366601508814,1526
23810,0.3094730485856815,0.5667950253105967,0.3094730485856815,0.02994580511413747,1527
27252,0.3092912203961124,0.4155898668163496,0.3092912203961124,-0.007867119849816973,1528
28245,0.30916998156671,0.48753974437344016,0.30916998156671,0.011350407087993064,1529
28670,0.30904695331492127,0.3205214027526498,0.30904695331492127,0.12779267450548962,1530
21312,0.30902112229682016,0.7883569876897987,0.30902112229682016,0.00275211232176531,1531
27596,0.30880153803688465,0.7570615003731596,0.30880153803688465,0.0017032361212577785,1532
25443,0.3086642873577053,0.36316311407435864,0.3086642873577053,0.16974409277281707,1533
29057,0.3086491444161656,0.4900775133679846,0.3086491444161656,0.01636760497407297,1534
23006,0.30856551538463145,0.37255158134882244,0.30856551538463145,-0.008816420970194805,1535
28843,0.3085001581765317,0.5662156503562953,0.3085001581765317,0.03341885016413548,1536
21848,0.3084385458270857,0.3578568596951335,0.3084385458270857,0.028546601836223484,1537
20140,0.3084031548314076,0.41445086110786417,0.3084031548314076,0.05182621444275376,1538
28570,0.3082872068596402,0.3756374072415259,0.3082872068596402,0.006526629800129136,1539
28331,0.3082770673724372,0.35599751295493604,0.3082770673724372,0.03439409877555605,1540
24696,0.30827477870718556,0.43094107599813797,0.30827477870718556,0.0006943796108916378,1541
28417,0.30818493255797036,0.5665513708514789,0.30818493255797036,-0.005279001565386965,1542
22537,0.3081826732312238,0.6475644698847628,0.3081826732312238,0.03273053330017284,1543
25193,0.30812668745153127,0.3210143077588056,0.30812668745153127,0.03597937741805618,1544
24340,0.3075342292287234,0.44620920219068066,0.3075342292287234,0.026955656331027367,1545
25858,0.307245997851543,0.5026324973164823,0.307245997851543,0.014847604884086596,1546
24731,0.30685284454696266,0.3484414853227957,0.30685284454696266,0.021936490172800027,1547
20454,0.3068468684244441,0.3429099101611274,0.3068468684244441,0.05685121933245274,1548
24291,0.3066690730036043,0.4650446000527123,0.3066690730036043,0.01751270556578577,1549
29703,0.3063916768691136,0.42743260716325976,0.3063916768691136,0.058228796902277835,1550
24086,0.30631338814686687,0.31287573360951343,0.30631338814686687,0.13796857067146895,1551
24628,0.30618032713794585,0.42869993003691914,0.30618032713794585,-0.014442439573559951,1552
26172,0.30611435503715034,0.4037989520708234,0.30611435503715034,0.02008540532547637,1553
21408,0.3060800851412385,0.5520993198588092,0.3060800851412385,0.013016652917061333,1554
29764,0.3060572416622708,0.5488467661768732,0.3060572416622708,0.02355400734691837,1555
20097,0.30602287577359083,0.7656921667283384,0.30602287577359083,0.0,1556
25615,0.30592398557025274,0.5237089603638754,0.30592398557025274,0.01561642653044748,1557
27611,0.30573547758344777,0.4262921025023345,0.30573547758344777,0.07004633601153964,1558
27277,0.305554024724742,0.3127032918908767,0.305554024724742,0.010279020977627007,1559
29143,0.30552539891241487,0.7041466353205289,0.30552539891241487,0.025185602231948323,1560
29053,0.305387700406194,0.3145822376498154,0.305387700406194,0.15192813251683565,1561
27283,0.305348443476017,0.41952439089618104,0.305348443476017,0.04301877676448562,1562
26469,0.3048534665522327,0.7088994113336636,0.3048534665522327,-0.002080662476228956,1563
26438,0.30475518327274664,0.3283961449157256,0.30475518327274664,0.0439870623072503,1564
24469,0.3047524203558718,0.4426344215980017,0.3047524203558718,0.01778805724013699,1565
29301,0.3046891004784385,0.7095424157103775,0.3046891004784385,-0.002272113630798822,1566
24214,0.304354823877683,0.3623919642348341,0.304354823877683,0.1924733284063698,1567
29647,0.3043142557979799,0.3294519821346439,0.3043142557979799,0.01706761863543138,1568
25268,0.30413432698806114,0.4324160250829778,0.30413432698806114,0.02828168599391634,1569
28607,0.3040587057913009,0.471392272049629,0.3040587057913009,0.05116723426014613,1570
22173,0.3040221496476328,0.6091576680348284,0.3040221496476328,-0.01475621829017515,1571
20387,0.3038980799769891,0.6975331812673614,0.3038980799769891,-0.0023603922219563866,1572
24050,0.3037702752799092,0.36298535248806824,0.3037702752799092,0.2041985628331368,1573
22740,0.3037687650836876,0.6831037314938699,0.3037687650836876,0.006792966032102221,1574
21840,0.3037356794887952,0.3625499068650892,0.3037356794887952,0.08279514650723802,1575
27648,0.3037296426612863,0.8179653143363329,0.3037296426612863,0.0,1576
26639,0.30368162905017515,0.4942767426694695,0.30368162905017515,0.00446221656751955,1577
23081,0.3036541587436734,0.5320193101324814,0.3036541587436734,-0.00015643497104433912,1578
27569,0.3035981637198248,0.588994147338809,0.3035981637198248,0.03724050779576443,1579
20317,0.30348756626073103,0.36858380238069477,0.30348756626073103,0.10003478444269304,1580
24121,0.30344155073586776,0.5234158620005052,0.30344155073586776,0.027929222911321883,1581
23778,0.30329136254982125,0.41443726419116805,0.30329136254982125,-0.01102161404676233,1582
22246,0.3031829328567741,0.35700751823876825,0.3031829328567741,0.18586750460909374,1583
22163,0.30311453157694435,0.31157922397084153,0.30311453157694435,0.08164113049203309,1584
22447,0.3030882074429192,0.4705482004482019,0.3030882074429192,-0.016998415083162688,1585
21812,0.3027401874993534,0.8762906163710593,0.3027401874993534,0.005349748721369729,1586
29666,0.3027062489442272,0.420010745992162,0.3027062489442272,0.04688668934922341,1587
24597,0.30270489035687614,0.5652728868621528,0.30270489035687614,0.02527027558693956,1588
21394,0.3026414315357271,0.3317085487064548,0.3026414315357271,0.034021832765927684,1589
23038,0.30259042214448545,0.47415523483091354,0.30259042214448545,0.02773159271225062,1590
21438,0.30257337249387994,0.3067626468917249,0.30257337249387994,0.03796385917875672,1591
28288,0.302533620528393,0.3430489793308662,0.302533620528393,0.021158907099168178,1592
24430,0.3025136197545863,0.5351488711322838,0.3025136197545863,0.02029377388072462,1593
25872,0.3024109057265475,0.4606948627716208,0.3024109057265475,0.0318950476780806,1594
28131,0.30238637112501127,0.3275787956322941,0.30238637112501127,0.13411121139029245,1595
24866,0.30189041454000476,0.7768803158289461,0.30189041454000476,0.0228883572973827,1596
26646,0.30177790735097243,0.36819846924191146,0.30177790735097243,-0.0003495864145010019,1597
27408,0.3017541279894588,0.3553201946115977,0.3017541279894588,0.047947660158263794,1598
27883,0.3017016930850478,0.7751452340972544,0.3017016930850478,0.005638043747269839,1599
23957,0.3016406883950764,0.44423604016215756,0.3016406883950764,0.0028051150991115215,1600
29242,0.3015326028712687,0.42641493211504955,0.3015326028712687,0.027641207194791684,1601
29103,0.30147385205327404,0.5479568849161625,0.30147385205327404,-0.001221127881506412,1602
22489,0.30144621447811715,0.3444733686795946,0.30144621447811715,0.061212406674257425,1603
22748,0.3014027132215769,0.3114354902268733,0.3014027132215769,0.10683138584146024,1604
24949,0.30125848974660974,0.309043869877647,0.30125848974660974,0.2085019914200418,1605
26463,0.3012506319943972,0.3691188665377807,0.3012506319943972,0.06017842323413203,1606
20428,0.30123133467285623,0.36084751180265967,0.30123133467285623,0.00027812706914459584,1607
22819,0.3009206973548034,0.4600345159888281,0.3009206973548034,-0.0017803959571501826,1608
23840,0.3007612907789159,0.7834981806620742,0.3007612907789159,0.019335617076503553,1609
20826,0.30068729623899637,0.3254338467193771,0.30068729623899637,0.21568700170292385,1610
25773,0.3006846994258807,0.4321471315827282,0.3006846994258807,0.06118436455565929,1611
27149,0.30068019693185233,0.34442124602853236,0.30068019693185233,0.11410288364752524,1612
20631,0.3006257303461943,0.7478180905622202,0.3006257303461943,0.00647846744146785,1613
21934,0.3003746937701268,0.4467325785855493,0.3003746937701268,0.039292196674229396,1614
22526,0.3003438333762132,0.8292920941742439,0.3003438333762132,0.00962358112764028,1615
27369,0.3003293117687522,0.4331921487296359,0.3003293117687522,0.0014284550480156977,1616
24991,0.3002088835984614,0.6802722850658302,0.3002088835984614,0.007827712641090168,1617
27374,0.30011636854624746,0.5556150726063446,0.30011636854624746,-0.007251589010573822,1618
28215,0.3000167768068902,0.3844550232463452,0.3000167768068902,-0.024018204789690523,1619
29699,0.29989065165715245,0.3489987132087287,0.29989065165715245,0.06582166641098441,1620
23286,0.299730260391242,0.32596592765506643,0.299730260391242,0.13137204336608743,1621
27667,0.2995687511613331,0.6889758669470799,0.2995687511613331,0.0092800972502316,1622
26040,0.2993782526566344,0.32286399290039514,0.2993782526566344,-0.002265516282121016,1623
20259,0.2993284145011137,0.4352943100831707,0.2993284145011137,0.030438133717100135,1624
22388,0.299178168072765,0.5290941973633658,0.299178168072765,-0.0052791357040684606,1625
22123,0.29911026535322527,0.6570187673725085,0.29911026535322527,0.00768037671967825,1626
24453,0.29889349986931824,0.3872721477731675,0.29889349986931824,0.027286099932444685,1627
22322,0.29887274687329407,0.32039377540249947,0.29887274687329407,0.08137132679549036,1628
29379,0.29860743113803556,0.6938384179399822,0.29860743113803556,-0.0013121101502402421,1629
26579,0.2984598354996154,0.4193753850517007,0.2984598354996154,0.03750473443525926,1630
28333,0.2983645671393243,0.49380010445210837,0.2983645671393243,0.02612815098973409,1631
23879,0.2983506355785703,0.41255298435439164,0.2983506355785703,0.03900255245835682,1632
22245,0.29834559244201053,0.3710786172589225,0.29834559244201053,0.03219404666761261,1633
21412,0.2983429469066055,0.3324549713887465,0.2983429469066055,0.017231864874283243,1634
26765,0.2981881339078616,0.43432670622370184,0.2981881339078616,0.0398214148449163,1635
28578,0.29805209667234056,0.4293806167908387,0.29805209667234056,0.03427702561792195,1636
22676,0.2979235947196362,0.6176039596611864,0.2979235947196362,0.0,1637
25910,0.2978796574525435,0.7475352463715902,0.2978796574525435,0.014237451987500704,1638
27652,0.29787328049564554,0.4124475037403973,0.29787328049564554,0.025129990325028828,1639
27203,0.29771424464235985,0.3289581151601051,0.29771424464235985,0.18313997720786251,1640
21314,0.2975925756912507,0.30112125254854866,0.2975925756912507,0.22790785265057767,1641
28236,0.2975188522525979,0.4695259157514033,0.2975188522525979,-0.006811813154688429,1642
25219,0.29682176857148,0.3469527729430321,0.29682176857148,-0.002421470620871835,1643
29559,0.29680291844198675,0.3089084602717023,0.29680291844198675,0.07650353737742319,1644
25239,0.29679314503368104,0.342299699586381,0.29679314503368104,0.026621867331004523,1645
23364,0.296723223023689,0.3219698215721716,0.296723223023689,0.012016898500441742,1646
24083,0.29665178578355694,0.36096214198605553,0.29665178578355694,0.012379824703268982,1647
24058,0.29661018504317227,0.437864043832318,0.29661018504317227,0.008318510353778341,1648
26508,0.2964797843679342,0.5037499004987089,0.2964797843679342,0.015706038655470322,1649
29790,0.2964402937454165,0.34106085506377604,0.2964402937454165,0.00905498088099993,1650
23929,0.29642723783834457,0.4713295164143754,0.29642723783834457,-0.002368422757207944,1651
20883,0.29626001774628186,0.4227366135971173,0.29626001774628186,0.007501897075365804,1652
29679,0.29625176892086125,0.4808256987799823,0.29625176892086125,-0.003875284446009597,1653
23808,0.29619975629579265,0.5125934123435844,0.29619975629579265,0.014682162140145949,1654
24091,0.29619205220618805,0.3343179716324689,0.29619205220618805,0.01586883894558805,1655
26552,0.296123942606045,0.38313748474280857,0.296123942606045,0.08806072846118024,1656
28728,0.29604076990063155,0.31378531438394164,0.29604076990063155,0.006506288718884423,1657
22950,0.2959772867672358,0.6584176409329212,0.2959772867672358,0.0341303310708575,1658
23654,0.2958674063492366,0.33393749282122404,0.2958674063492366,0.021452249267615242,1659
24231,0.2958244035929725,0.3074649179113412,0.2958244035929725,0.19765374149240145,1660
27614,0.29569555159030814,0.43283924973806565,0.29569555159030814,-0.003562977444823312,1661
24889,0.29553828187766307,0.520179895419945,0.29553828187766307,0.03051250712781839,1662
23721,0.2954767188124596,0.33176817267594727,0.2954767188124596,0.022034561995624813,1663
26279,0.29542726609102865,0.41980158977926935,0.29542726609102865,0.0485922830800245,1664
24746,0.29537253469428115,0.5688790802385966,0.29537253469428115,0.022478531234233323,1665
27902,0.2953375311892421,0.3218266507228216,0.2953375311892421,0.19717492567488104,1666
20062,0.29518230949145774,0.7898626532992216,0.29518230949145774,0.01852173656269407,1667
20753,0.29509611492750665,0.41532636418170255,0.29509611492750665,0.030723401400249983,1668
25866,0.2950459224812702,0.30706763304552553,0.2950459224812702,0.04303551440781489,1669
25385,0.2948896469410722,0.3481011756418078,0.2948896469410722,0.04154608091202877,1670
28487,0.29480213979020653,0.3120253281422853,0.29480213979020653,0.06612478946373074,1671
27523,0.2945368869020859,0.323766535356451,0.2945368869020859,0.14405454254931727,1672
25176,0.29437351464830785,0.8185007973314927,0.29437351464830785,-0.00011230774181836267,1673
21095,0.29422067688535775,0.3099616494023792,0.29422067688535775,0.08020348418149964,1674
28025,0.2942177296005174,0.6304501412263215,0.2942177296005174,0.015856690365910753,1675
21902,0.29405504087852685,0.35537831830554145,0.29405504087852685,0.015965379232201427,1676
23027,0.2940423977241716,0.3109510406783801,0.2940423977241716,0.12169119039382326,1677
27982,0.29402046114885694,0.33781086282512945,0.29402046114885694,0.2326191196195086,1678
27535,0.2938655420202462,0.4194252447097821,0.2938655420202462,0.022713607903744215,1679
22991,0.293810250197479,0.38540340674472456,0.293810250197479,0.015073322501930386,1680
23441,0.29377549758309734,0.38681842318419074,0.29377549758309734,0.050241986116714765,1681
23895,0.2936935843405359,0.5441783658759367,0.2936935843405359,0.00429485444469202,1682
27583,0.2936657217169259,0.34571529956823416,0.2936657217169259,0.16899451162495105,1683
25198,0.2932668225576018,0.4592741908992583,0.2932668225576018,0.04345005070801722,1684
26293,0.29315234570863236,0.3211753719704049,0.29315234570863236,0.017142256981870885,1685
27216,0.2928157582985593,0.3377155038542839,0.2928157582985593,0.07360842470174833,1686
26622,0.2927320176314682,0.3291276593769713,0.2927320176314682,0.18211100395156454,1687
21388,0.29263925018726816,0.3888294145643255,0.29263925018726816,0.01809528787829101,1688
20583,0.292576689311515,0.4853114908974455,0.292576689311515,0.009587762017608081,1689
28588,0.2924994226777004,0.5861251324141837,0.2924994226777004,0.01778052978803024,1690
20156,0.2924420930780962,0.4592843825682213,0.2924420930780962,0.157191000564326,1691
22890,0.2922232631882116,0.5433078925109016,0.2922232631882116,0.030024267099291957,1692
20172,0.2921540697764801,0.6266266975304006,0.2921540697764801,-0.009194043589959733,1693
27657,0.2920002111993261,0.7581251884745788,0.2920002111993261,0.0013404418495972514,1694
27255,0.2919729767699444,0.3212700491658259,0.2919729767699444,0.21639647734409592,1695
28820,0.29194112735789374,0.31506133662067565,0.29194112735789374,0.04951461690757897,1696
27511,0.2918649491847857,0.45807720133657315,0.2918649491847857,0.022782907430205834,1697
24580,0.2917432021737662,0.5462479647510784,0.2917432021737662,0.0349833051584445,1698
27179,0.291674290022463,0.303441164855917,0.291674290022463,0.03279416262599216,1699
24749,0.29155996163034054,0.7175446594648754,0.29155996163034054,0.005021232600339154,1700
25352,0.2915002581881535,0.39800054054890566,0.2915002581881535,0.043783455131960136,1701
20872,0.29107375766387505,0.3763315460465838,0.29107375766387505,0.019791940148506437,1702
24156,0.29102404592051684,0.5369556409155012,0.29102404592051684,0.0025996322579507902,1703
26929,0.29086828709662055,0.33412432591844565,0.29086828709662055,0.028512094329130655,1704
21245,0.2908591156514705,0.49959783486641685,0.2908591156514705,0.006398222104990858,1705
20924,0.2905922861864102,0.4808711180311194,0.2905922861864102,0.017716417187637667,1706
25293,0.29052243847672143,0.42930459243841107,0.29052243847672143,-0.011516374072955526,1707
29818,0.29045432186443737,0.615489417392623,0.29045432186443737,-0.0008256233430620208,1708
25569,0.29038089675092216,0.30959059132698963,0.29038089675092216,0.03046619008387469,1709
26905,0.29035284482073875,0.298125643112667,0.29035284482073875,0.16523782279404547,1710
24114,0.29032677419249375,0.47990571751642647,0.29032677419249375,0.02216349152223529,1711
27817,0.28997889220869394,0.4341706196288626,0.28997889220869394,0.03008324918835098,1712
22061,0.2899760418053033,0.5032040184897575,0.2899760418053033,0.010681878682944568,1713
24951,0.28957720734711634,0.3523934702639728,0.28957720734711634,0.05072323733321571,1714
20575,0.2895746349590799,0.3762129492341632,0.2895746349590799,0.03220956640787315,1715
20308,0.2895588943910333,0.3548857987029607,0.2895588943910333,0.11933014756592225,1716
24820,0.28955589446963903,0.3428960079365603,0.28955589446963903,0.10539424538361375,1717
29636,0.289430402364212,0.47445684672723437,0.289430402364212,0.0,1718
23640,0.2893003091898255,0.3338085740528443,0.2893003091898255,0.12973675007515245,1719
25142,0.2892523065284561,0.39935117420909827,0.2892523065284561,0.03552697061223825,1720
26199,0.28913027667050534,0.757058292385594,0.28913027667050534,0.02169840136212331,1721
20607,0.28909108482234835,0.5149642410311587,0.28909108482234835,0.013655684404280055,1722
23621,0.2889322507516087,0.688119445220321,0.2889322507516087,0.009589164550435347,1723
24711,0.28867034332067165,0.43012442931182,0.28867034332067165,0.019308230791375225,1724
22038,0.2886101336507303,0.356951536621788,0.2886101336507303,0.057111874043798416,1725
21140,0.28860343104028174,0.48065445269308754,0.28860343104028174,0.028256736421300555,1726
23913,0.28856716956055584,0.5163000143547694,0.28856716956055584,0.0019379597803169668,1727
25014,0.288516815442075,0.6591775692923365,0.288516815442075,0.015770554844744877,1728
25929,0.28845409782476894,0.6032801273265631,0.28845409782476894,0.016967229589785804,1729
28047,0.28845191349144933,0.5414846673180511,0.28845191349144933,-0.0006009257307536542,1730
25899,0.2882873823801227,0.38970926932559147,0.2882873823801227,0.011895728739424016,1731
23702,0.2882848688418482,0.6948670761299591,0.2882848688418482,0.040031425810361565,1732
24281,0.28820112132584197,0.31831964156925835,0.28820112132584197,0.03411279187879168,1733
27153,0.28819653887450203,0.4289061210235032,0.28819653887450203,0.03684317274061616,1734
28615,0.28816979655743835,0.5459465749723491,0.28816979655743835,0.009422742221860125,1735
27402,0.2880536896184154,0.32376113467561835,0.2880536896184154,0.05167290080649567,1736
29459,0.2880479504874507,0.35240546663172023,0.2880479504874507,0.03350663025983602,1737
24541,0.2880420204817309,0.5386333855109812,0.2880420204817309,0.01916442706654531,1738
27910,0.2879959907040117,0.4507853566629174,0.2879959907040117,0.002354086683017065,1739
24566,0.28764123347723725,0.452130921497093,0.28764123347723725,0.0,1740
24524,0.2873237945628865,0.36082295411810755,0.2873237945628865,0.014663051115244352,1741
26428,0.2872866593549764,0.48459499444839044,0.2872866593549764,0.013341419907600571,1742
24238,0.2872778215375811,0.3241573354092613,0.2872778215375811,0.03870472684530257,1743
23521,0.2871631494598766,0.5279843577453166,0.2871631494598766,0.030107398812195985,1744
28402,0.2871450152195547,0.6902561681315813,0.2871450152195547,0.011804784398661394,1745
25232,0.28705151383858224,0.32965463041104953,0.28705151383858224,0.08322644347431751,1746
29079,0.28668546033922787,0.44373826097776775,0.28668546033922787,0.030687986145928714,1747
27166,0.28662640933446304,0.3202474592562096,0.28662640933446304,0.07414195322984685,1748
20449,0.2865310245800366,0.3421747874342514,0.2865310245800366,0.03538655777765043,1749
27940,0.2863589173450687,0.3258400011899333,0.2863589173450687,0.002600517979840955,1750
26975,0.2862919571079231,0.4492144285283184,0.2862919571079231,0.047586908110190285,1751
28792,0.2861127581128559,0.317341980818271,0.2861127581128559,0.05908906559671362,1752
25344,0.2859420632696089,0.40750605410186497,0.2859420632696089,0.006829399106304812,1753
22294,0.2859104312900783,0.351476987821229,0.2859104312900783,0.008229332297484904,1754
21111,0.28590448302794846,0.312976527080225,0.28590448302794846,0.05727183982153092,1755
22345,0.2858497343565757,0.4021625982088,0.2858497343565757,-0.012491530807496376,1756
28591,0.2856152931047167,0.3447845646423067,0.2856152931047167,0.028144540669061635,1757
23565,0.2855123359998838,0.4704392509898802,0.2855123359998838,0.011905985087813875,1758
25854,0.2853779478930647,0.49915450271583695,0.2853779478930647,0.014476001267776428,1759
29516,0.28523175782721427,0.5489773120944189,0.28523175782721427,-0.008934880144725321,1760
24796,0.2850851944923993,0.32970060698454196,0.2850851944923993,0.10792785883459904,1761
24924,0.2850728133264754,0.2886452292450855,0.2850728133264754,0.21377188747566944,1762
27536,0.2848233727898515,0.5254674750895028,0.2848233727898515,-0.0015566035662274436,1763
25565,0.2846536765227799,0.34352042950893497,0.2846536765227799,0.02564171467847326,1764
29448,0.28441779850894067,0.42160961610460157,0.28441779850894067,0.0196355692964838,1765
22089,0.2842510552807721,0.4831255777292694,0.2842510552807721,0.023739941786211638,1766
26447,0.28412852839661784,0.5014259933399428,0.28412852839661784,0.02202294023927176,1767
20838,0.2840881442782827,0.29955055362197786,0.2840881442782827,0.010250792838200184,1768
24400,0.28407509855588775,0.6929938754185223,0.28407509855588775,0.0,1769
26584,0.28400270181593085,0.5467176265579684,0.28400270181593085,0.04144010916731389,1770
23928,0.2839948898327199,0.42549509703977473,0.2839948898327199,-0.003645051224185847,1771
21852,0.2839663157221911,0.4025782921700155,0.2839663157221911,0.09601012764432859,1772
26629,0.28394629429913,0.7693857185155392,0.28394629429913,-0.001074943853857313,1773
20650,0.28383536659923025,0.311139379571908,0.28383536659923025,0.11208172293645757,1774
25548,0.2838304506889783,0.30163893142883175,0.2838304506889783,0.009315663286061038,1775
21715,0.2837255070530223,0.32032243447395264,0.2837255070530223,0.046740748932243004,1776
29650,0.28362495637543417,0.8025928060551042,0.28362495637543417,0.024036242595827706,1777
20109,0.2835735151174042,0.6571432831940748,0.2835735151174042,0.03885075536666305,1778
21748,0.2835432809587635,0.47689132339909057,0.2835432809587635,0.015783373748608553,1779
24328,0.2834716553875749,0.3516502999024457,0.2834716553875749,0.20012896597367014,1780
27700,0.28346464980434816,0.34916767285306183,0.28346464980434816,0.14149571243565426,1781
20783,0.28339583003513275,0.31294458998911284,0.28339583003513275,-0.0006866317760576002,1782
26656,0.2832178446789646,0.4067262258328557,0.2832178446789646,0.019714409312349024,1783
23379,0.2831836757455156,0.2996475902791505,0.2831836757455156,0.11112729046188644,1784
22800,0.2831137974677355,0.40481625740298915,0.2831137974677355,0.054197692924676355,1785
28438,0.283074024651476,0.5097403213077604,0.283074024651476,0.08694156014656207,1786
22090,0.2829742427032063,0.640279073160251,0.2829742427032063,0.014893254584464888,1787
24053,0.2827155818225787,0.34947265180326686,0.2827155818225787,0.11704518031390032,1788
26844,0.282534507504715,0.3856335040391435,0.282534507504715,0.02279628170222442,1789
29879,0.2824898741888419,0.7576031145189205,0.2824898741888419,0.020714289993287505,1790
22041,0.2823436588209324,0.3403675044702128,0.2823436588209324,0.0412268439945736,1791
23033,0.2822892814921222,0.5995143072681967,0.2822892814921222,0.010373923943096885,1792
20807,0.28216876574431626,0.5790692647024446,0.28216876574431626,0.03277236429069674,1793
25372,0.28195493560172635,0.46548005684428445,0.28195493560172635,0.021599337979028854,1794
23923,0.28191311332914315,0.3796152063913601,0.28191311332914315,0.02234736094393097,1795
27698,0.2818534991908205,0.4074733727441769,0.2818534991908205,0.025061990594674233,1796
29694,0.28178171095064086,0.7253078159812607,0.28178171095064086,0.05677712400548096,1797
21086,0.2817773510622205,0.6144549630200131,0.2817773510622205,0.029302673657778444,1798
23790,0.2817657905374174,0.31137884870458304,0.2817657905374174,0.0031413752773555292,1799
25889,0.2817511537449966,0.47015994626854174,0.2817511537449966,0.040498631419359055,1800
22539,0.2815481962951364,0.40477602266256735,0.2815481962951364,-0.010310411220546656,1801
23034,0.28121334945425774,0.30324088582204345,0.28121334945425774,0.08254835431195123,1802
22660,0.28120546668586416,0.3206763575730256,0.28120546668586416,0.17771878898939497,1803
27157,0.28118179058556253,0.3900999844950929,0.28118179058556253,0.032785945781124426,1804
24363,0.2809826076849528,0.30934985970980106,0.2809826076849528,0.02152821984017539,1805
22584,0.28091842209039386,0.32437693389633215,0.28091842209039386,0.01157528420766274,1806
26504,0.28070748627466685,0.2939485711195767,0.28070748627466685,0.022911601092677314,1807
22833,0.28052955169619714,0.3000571500750807,0.28052955169619714,0.0621859101115608,1808
27898,0.2803982970901594,0.3233501050711842,0.2803982970901594,0.026361637275759853,1809
20046,0.2803645196395586,0.45248083814467277,0.2803645196395586,0.059147067926394126,1810
29416,0.28030802817853734,0.3949021198857827,0.28030802817853734,0.01943817240804152,1811
21070,0.2802981216793964,0.41328548522546776,0.2802981216793964,0.015774418270304347,1812
26637,0.2802825076594795,0.47008653433805,0.2802825076594795,0.04903096123417494,1813
26372,0.28024000189280374,0.5581518486608915,0.28024000189280374,0.07436362571192567,1814
22996,0.28013852617284823,0.315409432088795,0.28013852617284823,0.015949331193753025,1815
29486,0.27995310450278654,0.4449094611565522,0.27995310450278654,0.021414063917789328,1816
26286,0.2799026980038376,0.3504475006331545,0.2799026980038376,-0.0076628159299207965,1817
28362,0.2798231716533517,0.3088702700128393,0.2798231716533517,0.017513899560423374,1818
24618,0.2796017291168466,0.30732892111329624,0.2796017291168466,0.0,1819
20810,0.2794801497952496,0.37769099433550973,0.2794801497952496,0.002664964920933377,1820
27704,0.2794134444346413,0.5946274361315058,0.2794134444346413,0.023030119910017022,1821
22340,0.279335443314738,0.28163817094911103,0.279335443314738,0.0775630542136295,1822
22241,0.2793225499189238,0.30444033397306197,0.2793225499189238,0.03305264471136876,1823
26840,0.2790942214671638,0.3496863689990324,0.2790942214671638,0.04542598084629987,1824
28202,0.2790806108397389,0.35383424788756096,0.2790806108397389,-0.013809612176758301,1825
27970,0.27904205085718203,0.6805991448971401,0.27904205085718203,0.019094424357839368,1826
27278,0.278983175332226,0.38871549831905233,0.278983175332226,0.03004241770049243,1827
28465,0.27891540985325836,0.2970013507640669,0.27891540985325836,0.05946381244819565,1828
24918,0.2788914433690011,0.3858742094487199,0.2788914433690011,0.04802398053226009,1829
28173,0.2788341293477329,0.4504089778373998,0.2788341293477329,0.04418551428888845,1830
23124,0.2788228721593859,0.5648727564352461,0.2788228721593859,0.024685524569254658,1831
26965,0.27881388614114583,0.3232569228156704,0.27881388614114583,0.03221320010947337,1832
26703,0.278605836216156,0.41050817136210344,0.278605836216156,0.0,1833
22056,0.2786015121038139,0.88203646164023,0.2786015121038139,0.0,1834
24359,0.2785555397164176,0.3190129552420871,0.2785555397164176,0.014596184533560708,1835
26187,0.2783918217240576,0.35474268087266486,0.2783918217240576,0.14450569444176087,1836
23871,0.27830747276566825,0.40370388658904605,0.27830747276566825,0.017687242057283614,1837
26364,0.2782982210853551,0.37868253226743276,0.2782982210853551,0.0,1838
23526,0.27828977482251854,0.7348514008768207,0.27828977482251854,0.013282504542776796,1839
20408,0.2782719774907485,0.45255178813358005,0.2782719774907485,0.028870312720665425,1840
20568,0.27819513535947893,0.3059395512726397,0.27819513535947893,0.07496299990027094,1841
23291,0.27818824886507915,0.35962210076086515,0.27818824886507915,0.04513341021152628,1842
25669,0.27811590485920884,0.36613198704125355,0.27811590485920884,0.007547654274993931,1843
28684,0.27805297724669065,0.8454718185431758,0.27805297724669065,0.0,1844
22783,0.27784068309530685,0.3050512717215418,0.27784068309530685,0.18742930668517538,1845
27271,0.2777475083211211,0.5120908050482079,0.2777475083211211,0.019053190206076653,1846
22057,0.2776879437882115,0.3064943454345326,0.2776879437882115,0.010024466791352049,1847
23536,0.2775605240611684,0.44772011790524324,0.2775605240611684,0.013244599469508067,1848
25392,0.27749527604530744,0.5831430255837455,0.27749527604530744,-0.002677479098404656,1849
21826,0.27720736129923257,0.28056097309413164,0.27720736129923257,0.09512662998674301,1850
20501,0.2770540128004675,0.2992130914372726,0.2770540128004675,0.0,1851
22901,0.2770123395366293,0.281351848195302,0.2770123395366293,0.025243240273796486,1852
27991,0.27699335106415646,0.7448310910064834,0.27699335106415646,0.005556103483733366,1853
29594,0.27669607908586835,0.40743332851759073,0.27669607908586835,0.016195246592858703,1854
23756,0.27668521132403134,0.5048618149554757,0.27668521132403134,0.06039916632739217,1855
26270,0.276648579239736,0.4085714193807933,0.276648579239736,0.04435962458003351,1856
27806,0.2765795332551391,0.6497724420026321,0.2765795332551391,-0.0024113103893032006,1857
23673,0.27654143368506023,0.49881200899614037,0.27654143368506023,0.036252010536826695,1858
24037,0.2764373736485011,0.49926037175639415,0.2764373736485011,0.10934632330933441,1859
25787,0.27641770188497317,0.3109671158168225,0.27641770188497317,0.06294905334431244,1860
20770,0.2763790254832494,0.2972829495141363,0.2763790254832494,0.05362364447486517,1861
27432,0.2762936161068684,0.3490472431555187,0.2762936161068684,0.0008452220222465723,1862
28111,0.27612389577506463,0.4990373513459018,0.27612389577506463,0.02441050022212976,1863
21591,0.27595441023257966,0.3593919559622462,0.27595441023257966,0.020408901994475703,1864
23813,0.2759340602786549,0.2900827235187438,0.2759340602786549,0.041729946473638424,1865
25538,0.2758585414046768,0.601215553355685,0.2758585414046768,0.0,1866
26586,0.27574223086809596,0.3516221175062839,0.27574223086809596,0.0338892214358017,1867
26146,0.2757360878997225,0.2894338322805018,0.2757360878997225,0.038015919555641486,1868
20932,0.27571321705057017,0.30452081708986817,0.27571321705057017,0.04143532745576317,1869
28778,0.27562370403439895,0.3028766714849924,0.27562370403439895,0.03161165882619049,1870
29755,0.275528188129506,0.44780313482897316,0.275528188129506,0.0053080519848991425,1871
27148,0.2754986116646845,0.4191128115923322,0.2754986116646845,0.040551677084460835,1872
25199,0.2754394491557614,0.6472466729997667,0.2754394491557614,0.012037682949686435,1873
22410,0.2753915593041907,0.43797362106175247,0.2753915593041907,0.08859358192732836,1874
29488,0.2753845188784022,0.5455879859469345,0.2753845188784022,-0.0024239980011003803,1875
22285,0.2753818514941168,0.5539879197105052,0.2753818514941168,0.04438110941180812,1876
25032,0.27532967622753696,0.2841983309132343,0.27532967622753696,0.020735545376338205,1877
24342,0.2753271840562105,0.3713794586275951,0.2753271840562105,0.047266111329773874,1878
27493,0.2752912631953205,0.43392847801525203,0.2752912631953205,-0.009017819709696728,1879
22865,0.27521065951392487,0.9218756383108757,0.27521065951392487,0.0,1880
24140,0.2751509523776534,0.290776585875152,0.2751509523776534,0.08109147186031929,1881
29712,0.27511308745366503,0.6131346079367004,0.27511308745366503,-0.0011670089178438259,1882
22453,0.2751083869299889,0.39980971565790424,0.2751083869299889,0.003600169425460653,1883
25391,0.27504397997331537,0.44135265790061035,0.27504397997331537,0.017639460466211454,1884
26150,0.27501147227740674,0.39233764680857136,0.27501147227740674,0.029665759851803586,1885
21263,0.2750025016786541,0.28398019114353307,0.2750025016786541,0.13305711509889612,1886
26745,0.27491594369175604,0.30383649257382117,0.27491594369175604,0.07917593620231947,1887
21517,0.27481765158646576,0.49308376432541007,0.27481765158646576,0.053848587107336976,1888
23541,0.274650072633922,0.5530019113826247,0.274650072633922,0.008820755652740542,1889
27132,0.2746353067788282,0.44429045125877786,0.2746353067788282,0.03720172623825213,1890
29098,0.2744454258550269,0.29340470949024905,0.2744454258550269,0.01403525462113725,1891
23776,0.27438794731086236,0.38922781570263393,0.27438794731086236,-0.006760884382947585,1892
20180,0.27434585172877407,0.3026206075130469,0.27434585172877407,0.017582232814255583,1893
22542,0.27429265333389086,0.400950133138719,0.27429265333389086,0.0628870394604687,1894
25148,0.27429181003283537,0.4167131040705327,0.27429181003283537,0.03073570780352841,1895
22029,0.27425422379831643,0.6083052333043925,0.27425422379831643,0.03069000684322032,1896
25473,0.27424872771433084,0.28703616270958054,0.27424872771433084,0.04760158653514912,1897
20069,0.2741693485360896,0.32447087591724066,0.2741693485360896,0.0014505849056008768,1898
24105,0.2741676332188861,0.45798497813102473,0.2741676332188861,0.023610468813611618,1899
21620,0.2739627116060346,0.3490451637188587,0.2739627116060346,0.037189237253409946,1900
26730,0.27391505986497955,0.2918373762060508,0.27391505986497955,0.02987016800387482,1901
25847,0.2738894066902218,0.32040205784751297,0.2738894066902218,0.040985627539024905,1902
24702,0.27370792317297143,0.7203884307967228,0.27370792317297143,0.018889771844470715,1903
27615,0.2736638067140409,0.5149983189052634,0.2736638067140409,0.033952982424679534,1904
20314,0.27366122589282643,0.6903206819387576,0.27366122589282643,0.027326842058612577,1905
20973,0.27348895173269894,0.3228949004606122,0.27348895173269894,-0.0126608716550477,1906
24254,0.2733038113805363,0.45174098958812164,0.2733038113805363,0.012939752440852048,1907
27106,0.27321031276908303,0.5435594367933381,0.27321031276908303,0.007549597183111656,1908
26820,0.2731845916582231,0.4724759553577431,0.2731845916582231,0.018665242118386882,1909
27649,0.27314412611015015,0.3639682379934262,0.27314412611015015,0.0297522513631997,1910
21364,0.27312822176491014,0.7061167089704105,0.27312822176491014,0.0010260450672359145,1911
26928,0.27301379671976733,0.39422878319115884,0.27301379671976733,0.02334964035921505,1912
28772,0.27300186511804575,0.542516717638371,0.27300186511804575,-0.0005452194660658938,1913
24543,0.27295080351260226,0.29633165172043224,0.27295080351260226,0.12651188650768955,1914
25859,0.2728168210790651,0.5760442560622421,0.2728168210790651,0.03992532520837766,1915
21421,0.2727853123599351,0.2969914416805653,0.2727853123599351,0.17305679026649384,1916
28198,0.2725542542323976,0.30843550794026686,0.2725542542323976,0.03672179061614844,1917
29269,0.27255079278645106,0.7277952896339923,0.27255079278645106,-0.002306680726262611,1918
27676,0.2725021625137144,0.27940100386694766,0.2725021625137144,0.025456061843392996,1919
22060,0.27249901488157646,0.5579872837174665,0.27249901488157646,0.00298361437144512,1920
23827,0.27249047866091747,0.42480707576606674,0.27249047866091747,0.03907338084310863,1921
22067,0.27242839638910277,0.5455096932626738,0.27242839638910277,0.0,1922
25509,0.2723779096339174,0.4060150660940408,0.2723779096339174,0.0008852406564439641,1923
29590,0.27233963638312786,0.37438260248393773,0.27233963638312786,0.21963036036606606,1924
22025,0.2721655763780051,0.7956556741727785,0.2721655763780051,0.028696598919958016,1925
25191,0.27207729072787945,0.3119752721737371,0.27207729072787945,0.001566072621385306,1926
27849,0.2720377539409288,0.29544229800095856,0.2720377539409288,0.01940044292599602,1927
27388,0.27202187681280465,0.3027833821056054,0.27202187681280465,0.03157759807504695,1928
24435,0.27191117844578433,0.3103113641997706,0.27191117844578433,-0.0014571250693404258,1929
22093,0.2718957071473159,0.45701538318224166,0.2718957071473159,0.0104283665351661,1930
26513,0.2718075021180044,0.6384780802757603,0.2718075021180044,0.03747755191680002,1931
29045,0.2717530657176217,0.3213409842029537,0.2717530657176217,-0.00826625714407625,1932
29899,0.2717333949582506,0.28844659243088633,0.2717333949582506,0.04695791985828629,1933
26253,0.27168428913187004,0.2929040048054865,0.27168428913187004,0.008380431558094759,1934
28249,0.2716821928025856,0.29463578447080074,0.2716821928025856,0.022632251579677076,1935
28733,0.2715609130081197,0.5533292866034284,0.2715609130081197,0.0034576088687707784,1936
25685,0.2715541234947663,0.5475890956135602,0.2715541234947663,0.0034466076214987873,1937
25648,0.271511045262028,0.3374297232572983,0.271511045262028,0.07844249907284817,1938
28606,0.27149466262373023,0.546263022630094,0.27149466262373023,0.02726688136755906,1939
29324,0.27119563246264305,0.554902915104349,0.27119563246264305,0.014526435116371417,1940
20184,0.2710387830416015,0.29883717839535945,0.2710387830416015,0.06594396292213422,1941
23850,0.2707033184977802,0.33310236625700324,0.2707033184977802,-0.016189799270002192,1942
23607,0.2706416538143672,0.46009383810316545,0.2706416538143672,0.03711373099943038,1943
24035,0.2706173771696444,0.32859946384489636,0.2706173771696444,-0.0006322874305457193,1944
28427,0.27048709796118964,0.35969921132917776,0.27048709796118964,0.034389470072172634,1945
24172,0.2704605044536709,0.5252971618729271,0.2704605044536709,0.03973405160627774,1946
27642,0.27015984023013506,0.3083066050360249,0.27015984023013506,0.22304564851120962,1947
26707,0.2699942761634364,0.35996545453775136,0.2699942761634364,0.0,1948
26100,0.26997445247478546,0.30164444780084637,0.26997445247478546,0.06754934877903496,1949
27389,0.2698665569429686,0.2733565750604589,0.2698665569429686,0.07514052442198288,1950
24335,0.26982802770856634,0.2742411730382869,0.26982802770856634,0.12656248423440963,1951
27919,0.2697821301346973,0.3609318415629239,0.2697821301346973,0.03476396624958422,1952
25205,0.2697101017323322,0.441788584827449,0.2697101017323322,-0.00415257578719086,1953
25317,0.2694866700617907,0.29238950759622984,0.2694866700617907,0.15812379276403812,1954
27548,0.2693627689646269,0.3035003110221343,0.2693627689646269,0.03179944611556218,1955
26910,0.26931786264746554,0.34804759156884996,0.26931786264746554,0.0009994601188907382,1956
29579,0.26925796280982695,0.4733425668177246,0.26925796280982695,0.17163415190458325,1957
27169,0.2690300835857816,0.33908325345344187,0.2690300835857816,0.0319078346207774,1958
20875,0.2690076026689963,0.40050529254160894,0.2690076026689963,0.045683040182205314,1959
20879,0.2689421649945957,0.4849461533187489,0.2689421649945957,0.04815791128923547,1960
29813,0.2689211314442038,0.5741127504833246,0.2689211314442038,0.03218865196195181,1961
23331,0.26891342618578973,0.45293392941868055,0.26891342618578973,0.024350706530102406,1962
27105,0.26872959981627687,0.3726280361033505,0.26872959981627687,0.02360564928111175,1963
21888,0.2686788311289676,0.6088791592908577,0.2686788311289676,0.009744461224567624,1964
24792,0.26854940160507335,0.28040376818443763,0.26854940160507335,0.07908841114061357,1965
27152,0.2685366743084111,0.4511734876715991,0.2685366743084111,0.030701099032385992,1966
24038,0.2684864013490959,0.5846261507161274,0.2684864013490959,0.01570600443626724,1967
21547,0.26836677123368374,0.2863996667429582,0.26836677123368374,0.03454604417002405,1968
26162,0.268067237963066,0.33869199986562737,0.268067237963066,0.005481077536556356,1969
23426,0.26804223895275503,0.4662560027410267,0.26804223895275503,0.0,1970
22325,0.26786120893710713,0.36473034193883613,0.26786120893710713,-0.00969056252771533,1971
22980,0.2676583609521307,0.5111541320999436,0.2676583609521307,-0.0007505866432798158,1972
24899,0.26736322407305196,0.5463510950432114,0.26736322407305196,0.0,1973
22319,0.2673269816802387,0.28360992285747855,0.2673269816802387,0.16467168646708333,1974
28420,0.26732046400413534,0.40458448406527864,0.26732046400413534,0.02482634552223395,1975
22879,0.2672378425522788,0.4351626299230529,0.2672378425522788,0.011460135224487966,1976
25093,0.26697894537678024,0.30842812774685846,0.26697894537678024,0.043114144266055865,1977
29749,0.26697672393266614,0.37120377223037027,0.26697672393266614,0.008648498267287752,1978
26773,0.26696927687212485,0.3331376051081373,0.26696927687212485,0.035143563697063396,1979
24536,0.2666412446269614,0.29717391488669187,0.2666412446269614,0.02814251380420646,1980
27774,0.26654992139294215,0.2736923856850267,0.26654992139294215,0.036248417115164355,1981
29682,0.26653794920808166,0.4759354679771541,0.26653794920808166,0.07169727130330789,1982
21605,0.26641904998437427,0.3308459101120249,0.26641904998437427,0.010710581915452377,1983
25857,0.26640572918944805,0.29138523129792193,0.26640572918944805,0.14354346488578756,1984
21467,0.2663569202474087,0.624751048545999,0.2663569202474087,-0.019808450573239877,1985
25666,0.2662181764193407,0.28455365155219847,0.2662181764193407,0.05112564974151415,1986
20049,0.26615881469194747,0.2959534310522321,0.26615881469194747,0.2062514153852168,1987
22962,0.26609675306528385,0.5115194384082724,0.26609675306528385,0.013759289917043449,1988
26573,0.2660876428938461,0.47041626880596427,0.2660876428938461,0.030413484843195837,1989
28484,0.26605079353992983,0.29763890396308007,0.26605079353992983,0.008592201802120947,1990
25145,0.26591951058653057,0.5087520676563803,0.26591951058653057,0.03096046103434491,1991
27241,0.2658870837906016,0.6069156055507978,0.2658870837906016,0.015403917004192524,1992
22443,0.2657965641273874,0.3668915896041056,0.2657965641273874,-0.004324663586724953,1993
29394,0.26575414142982573,0.3139926257476249,0.26575414142982573,0.06795494603457175,1994
23661,0.2657524532370615,0.34084428926817606,0.2657524532370615,0.018837217093255365,1995
29814,0.2656528772709171,0.41801453799431004,0.2656528772709171,0.01533198624161114,1996
21548,0.2655742997238917,0.37388905758977686,0.2655742997238917,0.03782055047007893,1997
23185,0.2655694886789054,0.4162068218235574,0.2655694886789054,0.06454536672957378,1998
21417,0.2654573884870446,0.32835164773949777,0.2654573884870446,0.06244240743449059,1999
28583,0.2654364450307802,0.307277923293798,0.2654364450307802,0.02472677037411486,2000
26831,0.26540202358280734,0.33564559575601394,0.26540202358280734,0.020165751127476872,2001
28908,0.2653810908614441,0.4172345313617443,0.2653810908614441,0.04147192372578956,2002
28773,0.2652435801285341,0.4084850789223297,0.2652435801285341,0.0038919986616297586,2003
23132,0.26524115280295807,0.5703608519092901,0.26524115280295807,-0.0018827757855790495,2004
22603,0.2651661048496644,0.45306306998612056,0.2651661048496644,0.007561215785359843,2005
28520,0.2650804277961795,0.30555329830299843,0.2650804277961795,-0.013089539768631087,2006
23208,0.26496029284281697,0.27985193241332657,0.26496029284281697,0.008583643935102803,2007
20234,0.2649410817654883,0.2754709160275718,0.2649410817654883,0.22783285134220685,2008
24466,0.26485326491907485,0.29779423099802454,0.26485326491907485,0.03455391241587544,2009
29928,0.26471951941809824,0.32594602755132573,0.26471951941809824,0.003482517270518737,2010
26851,0.26463035047579997,0.30619685815917214,0.26463035047579997,0.015064215856142371,2011
28718,0.264465807584599,0.30300044867827175,0.264465807584599,0.02179846867513674,2012
26523,0.2643661585730361,0.3317970386983648,0.2643661585730361,0.12198110239028237,2013
29887,0.26432690545178217,0.7782246024768609,0.26432690545178217,-0.010105178387217695,2014
21699,0.2642968143287377,0.30471506569940265,0.2642968143287377,-0.0024256489561709227,2015
23486,0.26427925867117324,0.2809499877470977,0.26427925867117324,0.14207162872881796,2016
25428,0.26409144620240893,0.6064247831320044,0.26409144620240893,-0.00577774324943553,2017
25412,0.26394341289766976,0.48014159329969086,0.26394341289766976,0.008748216439064704,2018
24477,0.2639426836351046,0.2659371341960083,0.2639426836351046,0.19734101843500226,2019
28870,0.2639263185318021,0.6113770865635908,0.2639263185318021,0.01118811798617958,2020
20821,0.2638263415172858,0.2705794341237942,0.2638263415172858,0.06188435447350368,2021
26612,0.26372728165976816,0.44962520938503375,0.26372728165976816,0.02025000531712573,2022
27062,0.26372611182901906,0.32971915797377893,0.26372611182901906,0.008063997810336287,2023
28945,0.26372509128942345,0.3061996221472422,0.26372509128942345,0.05974747027167693,2024
24937,0.2637021241110456,0.5093652526238083,0.2637021241110456,0.02478344186432835,2025
21968,0.26365776243242733,0.4499546681442816,0.26365776243242733,-0.001599282506552946,2026
24059,0.2636299484529178,0.30980226518661463,0.2636299484529178,-0.03634553521937267,2027
22400,0.2634091040438664,0.4097907236166283,0.2634091040438664,0.0036679668378341024,2028
27931,0.26336690259563056,0.39981189756093244,0.26336690259563056,0.0,2029
26757,0.26322879608256805,0.314092379951002,0.26322879608256805,0.03911804685434761,2030
22961,0.2631178643017529,0.5847909750433317,0.2631178643017529,0.03025089475275955,2031
23732,0.26311492044823465,0.5786066140168468,0.26311492044823465,0.05928817457647795,2032
24718,0.2629380479598503,0.42790985705715945,0.2629380479598503,-0.011921932220677223,2033
26208,0.2627639205578769,0.289799378824796,0.2627639205578769,0.22414541004843871,2034
23079,0.2627111632210551,0.5456697185987226,0.2627111632210551,0.012881943636044446,2035
22666,0.2626174114145733,0.3004214185139322,0.2626174114145733,0.040419183733092556,2036
29509,0.2625417619403223,0.3778127852965525,0.2625417619403223,-0.006813174785970266,2037
22183,0.262310670214025,0.36188246457461437,0.262310670214025,0.05076138797176344,2038
23056,0.2622878551170892,0.2700937374777704,0.2622878551170892,0.21007616990361405,2039
28196,0.26203433617310995,0.3028576888975424,0.26203433617310995,-0.009542926619111769,2040
24319,0.2619767415674665,0.29356477701399475,0.2619767415674665,0.017104553137197942,2041
23696,0.26196976731424926,0.5166097241055929,0.26196976731424926,-0.004288402235236299,2042
27703,0.2618971343384135,0.475803403661775,0.2618971343384135,0.01540259365140395,2043
29290,0.26186336743585403,0.6381275625786894,0.26186336743585403,-0.0021265965255353736,2044
26737,0.26173037835165314,0.508908861405523,0.26173037835165314,0.010413397505107946,2045
26574,0.26156228804574355,0.34105032608284735,0.26156228804574355,0.04415741135214346,2046
20430,0.2615158860097543,0.2977751877972781,0.2615158860097543,0.15456297365352822,2047
20362,0.26129534602532595,0.47847538426756153,0.26129534602532595,0.0018308484289024651,2048
28948,0.2611478976496988,0.2878965769814884,0.2611478976496988,0.006067090842400036,2049
26093,0.26114036075573754,0.3961305516159641,0.26114036075573754,0.07685356249560626,2050
21519,0.26113137501532024,0.39055596379328233,0.26113137501532024,0.004377667538517982,2051
26263,0.2611193699780555,0.33760111071087223,0.2611193699780555,0.03750700159773074,2052
26936,0.2609882646610839,0.42997712263824867,0.2609882646610839,0.017563230429512577,2053
24311,0.2609710501858777,0.3487159106815582,0.2609710501858777,0.00832340400941245,2054
26184,0.26093682343848357,0.4718766181327569,0.26093682343848357,0.04028982924664726,2055
29719,0.260922852097092,0.4877157991658102,0.260922852097092,0.016780972453967646,2056
28060,0.26091263953944543,0.8422272420353477,0.26091263953944543,0.0,2057
22395,0.2608202251858655,0.5137164973557725,0.2608202251858655,0.036781770178455075,2058
26911,0.26074748017259214,0.27171618339733544,0.26074748017259214,0.08865017789419702,2059
22909,0.26070423588988956,0.28659530572629666,0.26070423588988956,-0.012813578697233485,2060
26870,0.26060022886041734,0.5751047070253124,0.26060022886041734,0.022073859386472106,2061
27077,0.2605833536974924,0.3625402956162333,0.2605833536974924,0.05639811807331013,2062
26214,0.2605635892724759,0.26270515997729427,0.2605635892724759,0.056583792235495145,2063
25981,0.26053068397766815,0.2660678638235466,0.26053068397766815,0.12213804798277458,2064
24240,0.26047821946062955,0.26723730020936737,0.26047821946062955,0.027070704353937824,2065
20728,0.26046222428672505,0.27491262500515773,0.26046222428672505,0.01286499854218498,2066
23283,0.2602654913249466,0.5713220651549057,0.2602654913249466,0.007921056913397173,2067
26775,0.2602576128637599,0.3907223149059043,0.2602576128637599,0.04547332515875979,2068
23488,0.2602141022865791,0.27194865279510105,0.2602141022865791,0.04639259126809464,2069
28133,0.2601516147625339,0.4793035326742552,0.2601516147625339,0.031844710803732745,2070
23224,0.25987382717734797,0.4717245565046962,0.25987382717734797,0.0226278242943726,2071
28697,0.2598648954674002,0.30165895484126626,0.2598648954674002,0.01973085159479676,2072
28764,0.2596980152649552,0.3922888567834501,0.2596980152649552,0.04129242242429365,2073
22990,0.2595930881023184,0.3957487030288005,0.2595930881023184,0.026846860890483604,2074
24331,0.2595699984703297,0.26477649751575494,0.2595699984703297,0.04044040643430574,2075
29180,0.2595649325790548,0.5982379072522319,0.2595649325790548,0.017808961235655396,2076
27516,0.25939034849549636,0.8681272034453266,0.25939034849549636,0.01799110013376437,2077
20733,0.2592907850724431,0.5890465478753463,0.2592907850724431,0.007254314354927516,2078
21832,0.2592877897450533,0.2858941178326397,0.2592877897450533,0.12839857191694384,2079
27912,0.2591726467864362,0.3855464955014688,0.2591726467864362,0.03489922535742773,2080
23490,0.25916806487368776,0.5457355793375843,0.25916806487368776,0.010881314767983041,2081
22905,0.2586862777194146,0.5508709569611728,0.2586862777194146,0.013480642313864144,2082
22122,0.25851468127491345,0.7107679363386316,0.25851468127491345,0.0,2083
22158,0.2584963730767753,0.473501467984332,0.2584963730767753,0.023324408980316846,2084
26966,0.2584652794896489,0.28374659603639757,0.2584652794896489,-0.014769559156488199,2085
23999,0.2583251027350788,0.4020150905052435,0.2583251027350788,0.014892592045595232,2086
28383,0.2582521170757942,0.3853546757336063,0.2582521170757942,0.1944525368767626,2087
26102,0.25821294092532115,0.3316380599203233,0.25821294092532115,0.10875671988403512,2088
24891,0.2581894264937092,0.32252092441277513,0.2581894264937092,0.0,2089
22127,0.25802028185858716,0.4155312586141002,0.25802028185858716,0.016641308506128993,2090
28537,0.25786951221571286,0.30253973497419295,0.25786951221571286,-0.000394465228867491,2091
24147,0.2578661545968117,0.35372452388599623,0.2578661545968117,0.005639190765223012,2092
26248,0.25786226777348814,0.31706037003347265,0.25786226777348814,-0.002348879708371998,2093
25769,0.2578166216389778,0.26090987651060515,0.2578166216389778,0.03346299481423931,2094
24652,0.2577224107632305,0.2948669327160128,0.2577224107632305,0.01233059968128758,2095
20462,0.25765988271338625,0.28391652631782016,0.25765988271338625,0.1194955216070632,2096
24845,0.25756666980522747,0.3385025394142865,0.25756666980522747,0.03935671451489897,2097
26756,0.2574460915084431,0.3428173613586577,0.2574460915084431,0.040369561910414964,2098
21536,0.25744006164437855,0.36804086184848384,0.25744006164437855,0.16286927487574668,2099
23396,0.2572421268929641,0.3612758298648,0.2572421268929641,0.007671152706884177,2100
25403,0.2572321149328507,0.3616291558820515,0.2572321149328507,0.0013076820963543456,2101
20507,0.2572260990217151,0.3478972985005252,0.2572260990217151,0.057260568455157146,2102
28359,0.257131530958154,0.8604837561426103,0.257131530958154,0.003957007142677993,2103
20705,0.2571188518649931,0.30132973660046214,0.2571188518649931,0.12634545984635195,2104
26577,0.25711829698325694,0.3096348011041838,0.25711829698325694,0.00653980451449232,2105
27992,0.2571081445973755,0.6593552910796631,0.2571081445973755,0.018480483035861472,2106
20142,0.2569160069455497,0.28004856518317073,0.2569160069455497,0.053074083023770424,2107
24961,0.25688872359813814,0.6562957170461748,0.25688872359813814,0.04304086000858737,2108
28540,0.25683758154246805,0.38877616705886653,0.25683758154246805,0.082347714425338,2109
26940,0.2567507445229119,0.33020264630404406,0.2567507445229119,0.027726385035242718,2110
27630,0.2567336754560228,0.3650961801783142,0.2567336754560228,0.03379527204015215,2111
23170,0.2566136496618768,0.3155070438649902,0.2566136496618768,0.03447234699737367,2112
28830,0.2564837766344834,0.6494213465183386,0.2564837766344834,0.008961455039152133,2113
20698,0.2564298271868104,0.4094375119749248,0.2564298271868104,0.05810335579476805,2114
29353,0.25639360067582845,0.5605490285282023,0.25639360067582845,-0.0012847305760530503,2115
25358,0.25636060974226493,0.3764905591268461,0.25636060974226493,0.042203140892099755,2116
28008,0.2563255256560744,0.664623738655743,0.2563255256560744,0.02202881125191236,2117
24794,0.25626869731917434,0.5351394885039743,0.25626869731917434,0.03657479629515381,2118
21155,0.25625623656085755,0.4489900374090248,0.25625623656085755,0.0005678170973356655,2119
21476,0.25620492281983476,0.30333208059090455,0.25620492281983476,0.03178604880338509,2120
29238,0.2561894218667408,0.5344561613398714,0.2561894218667408,0.013739388990415491,2121
21815,0.2561643615775191,0.28628599768100244,0.2561643615775191,0.14831203406338975,2122
23406,0.25605066056174275,0.28506891018219194,0.25605066056174275,0.05823235237109309,2123
25841,0.25596465208458946,0.6574213308081448,0.25596465208458946,0.033913807922321015,2124
28522,0.2558380888437563,0.48323512150264153,0.2558380888437563,0.03921433831714366,2125
22734,0.2557489707545091,0.3072445364721334,0.2557489707545091,0.048821720441309335,2126
27419,0.2557246561554718,0.5763552991239973,0.2557246561554718,0.004358314014479725,2127
23768,0.2557092856290407,0.5392439512080851,0.2557092856290407,0.0,2128
28455,0.2555750523275286,0.4953985852028013,0.2555750523275286,0.027586020480633522,2129
21572,0.25557141405480893,0.25956026126602516,0.25557141405480893,0.0698304783529829,2130
28387,0.2555052091784352,0.2991191445002495,0.2555052091784352,0.04982573160286208,2131
23043,0.25537590690251416,0.33187111188992946,0.25537590690251416,0.02016014634800295,2132
22468,0.25537586448344207,0.6819321056003244,0.25537586448344207,-0.012675554004683787,2133
20485,0.25518607260301135,0.32405318348527135,0.25518607260301135,0.003328659383510013,2134
20057,0.25508244103302663,0.3827892176519549,0.25508244103302663,0.024538445300618605,2135
29013,0.2550624956190679,0.28264177711852395,0.2550624956190679,0.006106621079053853,2136
26271,0.25485733731084637,0.3622887747487941,0.25485733731084637,0.061468395674135645,2137
29277,0.2547569563511269,0.2650728369777631,0.2547569563511269,0.20670180384560968,2138
20737,0.2545045220104507,0.3692358678919657,0.2545045220104507,0.09593731830304833,2139
23644,0.25446164248500547,0.48432412106590744,0.25446164248500547,0.01280086880079867,2140
29996,0.25433171059055415,0.3120565566095189,0.25433171059055415,0.06543472126322769,2141
21553,0.2542386155442987,0.32288609323410433,0.2542386155442987,0.019693768375837417,2142
24548,0.2541812267661471,0.2860045183837773,0.2541812267661471,0.033069628853342525,2143
20233,0.25405305527237665,0.7140814471064828,0.25405305527237665,0.028086202579173603,2144
29115,0.2539315253656366,0.4810078814315206,0.2539315253656366,0.0,2145
21216,0.25390029907005845,0.48945259462779017,0.25390029907005845,0.0561774980993926,2146
21153,0.253899755197439,0.35642409563582794,0.253899755197439,0.036559017564957885,2147
27545,0.25389120911491037,0.28215973065619177,0.25389120911491037,0.09569116631408056,2148
23250,0.25382096254329267,0.3709969991879716,0.25382096254329267,0.05339970998519189,2149
28076,0.2538102116819521,0.3369110840649558,0.2538102116819521,0.010915230952469102,2150
21052,0.2537952772127525,0.3754128786814729,0.2537952772127525,0.025052781629917475,2151
26004,0.25371855339258753,0.39346157360641937,0.25371855339258753,0.025916153094026062,2152
24790,0.2536981884150307,0.2915891673296198,0.2536981884150307,0.022502006673678854,2153
29677,0.2536632987584897,0.2841756302493194,0.2536632987584897,0.20881049954969394,2154
20700,0.2536608173278407,0.33670942718903696,0.2536608173278407,0.013896200622925431,2155
20165,0.2536376183889299,0.258918631931748,0.2536376183889299,0.16468222801780646,2156
21282,0.2536323294107447,0.4146868762518822,0.2536323294107447,0.042687038789369636,2157
28648,0.2536312341516788,0.2859416461437555,0.2536312341516788,0.024113731583479875,2158
22824,0.25360248100637867,0.3396222059152091,0.25360248100637867,0.05478951189632114,2159
26888,0.2535731814277101,0.2628412945648977,0.2535731814277101,0.20019754491697825,2160
20218,0.25357097869960016,0.4148640350920365,0.25357097869960016,0.04165079695258833,2161
29741,0.25353165065036665,0.45380851156915225,0.25353165065036665,0.06241063921281548,2162
27310,0.25349079597392565,0.3743848396685133,0.25349079597392565,-0.002406040550927191,2163
24296,0.25343044287885386,0.3806305976148147,0.25343044287885386,0.006357641926176938,2164
22352,0.2533705656972224,0.2597081138628031,0.2533705656972224,0.21892677836003793,2165
25958,0.2533698628051592,0.5735605589228971,0.2533698628051592,0.019883082366731475,2166
22825,0.25333928218654744,0.41304691966894896,0.25333928218654744,0.0627948106160856,2167
23665,0.2532707675683161,0.3122713568455322,0.2532707675683161,0.042914624547911784,2168
28887,0.25326712494565456,0.504092174127722,0.25326712494565456,0.03787316992273615,2169
29855,0.2532112874420246,0.38801198348792254,0.2532112874420246,0.0167486789439113,2170
22318,0.2531716532881241,0.42995900146551197,0.2531716532881241,0.01793888094035412,2171
20909,0.2530975656575709,0.27151422547595433,0.2530975656575709,0.03119258281025794,2172
27757,0.2530737204286032,0.4896022967109341,0.2530737204286032,0.07581769243513675,2173
25514,0.2530171570997545,0.3153401477374772,0.2530171570997545,0.015424798363448455,2174
21767,0.2529635181368465,0.33053520623050603,0.2529635181368465,0.0011196777833766824,2175
26143,0.2528718020828165,0.27069035968472127,0.2528718020828165,0.027926788225901222,2176
26450,0.2526312458607121,0.2805741285095545,0.2526312458607121,0.1688239562575266,2177
22030,0.2526298164309869,0.2638335743588906,0.2526298164309869,0.07996008867660809,2178
24131,0.25258667829409515,0.2893173049057988,0.25258667829409515,0.06916016690823229,2179
26194,0.2525009449206515,0.2628896416920264,0.2525009449206515,0.08357605859065181,2180
29479,0.25228918427177416,0.265786551855164,0.25228918427177416,0.2225601640907892,2181
23648,0.2522114301187356,0.31481292764547625,0.2522114301187356,-0.003900637647267502,2182
29498,0.25217341627169754,0.4564518928289932,0.25217341627169754,0.01765002952665451,2183
27094,0.25208849299757685,0.3012537081360773,0.25208849299757685,-0.006925760363401312,2184
28791,0.25185923435338986,0.3900632335102516,0.25185923435338986,0.011730901945757821,2185
23542,0.2518049386149098,0.4083905177482878,0.2518049386149098,0.027419211775227714,2186
20925,0.2518021683951952,0.2762940782858526,0.2518021683951952,-0.0024224289538915533,2187
28848,0.2517590952020903,0.6948651703394818,0.2517590952020903,0.02080855346346011,2188
21089,0.2517039122343132,0.26515407394534385,0.2517039122343132,0.017591444242179177,2189
22797,0.2514733089376181,0.6882537521060094,0.2514733089376181,0.016482885513452783,2190
22795,0.25145516895460224,0.30871404848462913,0.25145516895460224,0.17132125666180936,2191
23228,0.251429263678714,0.4019870064222154,0.251429263678714,0.025402147850714096,2192
25764,0.25140390467500673,0.6621976389421259,0.25140390467500673,0.01452156772640767,2193
28758,0.25137027049605865,0.4695460480180303,0.25137027049605865,0.017676597673847216,2194
20815,0.2511484336927117,0.5582966972904252,0.2511484336927117,0.015519204648050344,2195
20606,0.25111290589058943,0.48732034337958735,0.25111290589058943,0.009836298131077004,2196
21789,0.25094973198409176,0.35559580405352303,0.25094973198409176,0.033029275940532066,2197
21413,0.2508421474930413,0.32655462959079584,0.2508421474930413,-0.0024259444250400164,2198
25783,0.25065931856312684,0.3538428751384029,0.25065931856312684,0.0424995366099713,2199
24235,0.2505192236717513,0.4059159760075481,0.2505192236717513,-0.03494255474324559,2200
21567,0.2504424517473501,0.3250166562259903,0.2504424517473501,0.027202660015348323,2201
27526,0.250441110368793,0.7524347347512318,0.250441110368793,0.005259386118948939,2202
20956,0.25030123637352714,0.3333845122728016,0.25030123637352714,0.0277480036163274,2203
23028,0.2502794215202989,0.4521919613426379,0.2502794215202989,0.01517368001173014,2204
28023,0.25007989592543156,0.747105300316346,0.25007989592543156,0.005664347769724909,2205
26333,0.2500549670498689,0.5758090063747299,0.2500549670498689,0.0,2206
28448,0.25003520751551234,0.2925634955084288,0.25003520751551234,0.03984223290740241,2207
29439,0.2500076777917577,0.5217906421259665,0.2500076777917577,-0.0012427354258979229,2208
29010,0.24999616287442314,0.3522463181340128,0.24999616287442314,0.05105597632600778,2209
21230,0.24997710494126457,0.7334439094915522,0.24997710494126457,0.008823549924498963,2210
23755,0.2499018443539156,0.44849983376406877,0.2499018443539156,0.034826920547101126,2211
21674,0.2498895667913481,0.6549229738275059,0.2498895667913481,0.0005673413981960307,2212
23498,0.24987768232192115,0.6964664353868968,0.24987768232192115,0.04228221885115302,2213
29061,0.24987055326170918,0.34403386712215767,0.24987055326170918,0.03037972106100756,2214
20615,0.24975838788135557,0.2871591680959694,0.24975838788135557,0.05193604883395264,2215
25045,0.24968171014943819,0.29294758135030885,0.24968171014943819,0.003884419058614419,2216
21584,0.249588009630611,0.29045168920657344,0.249588009630611,0.11764526810349818,2217
20372,0.24948952060858975,0.409993617660319,0.24948952060858975,-0.0025011517439008646,2218
29956,0.24945396613875312,0.39748013682416394,0.24945396613875312,0.03381769187669975,2219
29637,0.24934209522216072,0.356305944300281,0.24934209522216072,0.05541541266233402,2220
27375,0.24931355297285315,0.2656115857692224,0.24931355297285315,0.043165849596902006,2221
25849,0.2493039944582126,0.42348876163359755,0.2493039944582126,0.03350217844399872,2222
21593,0.24926886962188877,0.35052131010667403,0.24926886962188877,0.06412210664171919,2223
27678,0.2492625809732953,0.27416259686883937,0.2492625809732953,0.09140794575738703,2224
23036,0.24920958297048912,0.28322819839259006,0.24920958297048912,0.12657784350182882,2225
26278,0.24917511228897998,0.5527725106427247,0.24917511228897998,-0.0012075340465845796,2226
23355,0.24910643835000074,0.47210612031177707,0.24910643835000074,0.0452327525544195,2227
25141,0.249104311900186,0.7559133892183669,0.249104311900186,0.0,2228
29504,0.24906147431534864,0.8226389793226224,0.24906147431534864,0.0261811947010836,2229
26071,0.2489790955133412,0.31381334452425685,0.2489790955133412,0.027362827394802614,2230
21262,0.2489324712626534,0.79996685883186,0.2489324712626534,0.0043819654695420596,2231
24162,0.24892197903522895,0.5853628235536006,0.24892197903522895,0.019450010683846997,2232
29778,0.24891103328725356,0.3857436729185417,0.24891103328725356,0.03715828674751265,2233
26620,0.24887934571016795,0.4385640599766816,0.24887934571016795,0.010326275047355282,2234
26660,0.24866141771711686,0.6368278627609784,0.24866141771711686,0.023784458458429913,2235
23991,0.2485802381042296,0.3879498054668517,0.2485802381042296,0.035987351701504855,2236
20503,0.24847571542244173,0.538620124756481,0.24847571542244173,-0.0024212851952732928,2237
20465,0.248468871493,0.6305096107020597,0.248468871493,0.017141018610788983,2238
23198,0.24846198685417295,0.32158516841708173,0.24846198685417295,0.034329466620440174,2239
27175,0.24838306061999538,0.32420291211849206,0.24838306061999538,0.045241322868929734,2240
21556,0.2482990295004434,0.35632432394463115,0.2482990295004434,0.0586291500201373,2241
22977,0.24828428891316795,0.37227334681322616,0.24828428891316795,0.14932045667044747,2242
26236,0.2482809605458575,0.4886319679385016,0.2482809605458575,0.023489695742019534,2243
25021,0.2482793814181888,0.26939504976299794,0.2482793814181888,-0.007316679795494607,2244
22650,0.24827040494874061,0.2628889696461486,0.24827040494874061,0.14094600045066452,2245
24253,0.24826897866228623,0.467571587689806,0.24826897866228623,0.019118615710978504,2246
24957,0.24808225318002758,0.26863602094211647,0.24808225318002758,0.15668761922914642,2247
21919,0.2478938761666475,0.3939636463074011,0.2478938761666475,0.014118150299438748,2248
27317,0.24783882981662406,0.3257800158025723,0.24783882981662406,0.017781975185598098,2249
26369,0.24781384557195574,0.37574494991595075,0.24781384557195574,0.04546858020039124,2250
23462,0.2477391240741289,0.25497939445015705,0.2477391240741289,0.17504416938285522,2251
29442,0.24770525235393936,0.5835312451062336,0.24770525235393936,0.013224277991359168,2252
27089,0.24751939672437678,0.5906509341164051,0.24751939672437678,0.0018892701909901666,2253
24859,0.24751923158305486,0.26172307555135793,0.24751923158305486,0.09484768131355839,2254
27425,0.2474991325224915,0.5189860580859781,0.2474991325224915,0.048623817484031884,2255
29954,0.2472673315357796,0.3250408806310454,0.2472673315357796,-0.02485750765722078,2256
22187,0.24722227024029192,0.3070360078050445,0.24722227024029192,0.0019114498453423057,2257
25908,0.24715024469069807,0.5105843280906487,0.24715024469069807,-0.0003442065766252611,2258
21728,0.24708037737904154,0.35846950165708785,0.24708037737904154,0.0828524871423949,2259
21874,0.24703334370520733,0.4931098104018085,0.24703334370520733,-0.010378541139292263,2260
21534,0.24696874170736455,0.5433734131792742,0.24696874170736455,-0.0022131808263256003,2261
28381,0.24691417000262889,0.6555752818391359,0.24691417000262889,0.00737736091897101,2262
22932,0.2468691079106793,0.269488262242171,0.2468691079106793,0.026766682510976803,2263
25696,0.2468026168687007,0.5380798710792425,0.2468026168687007,-0.008404624235691216,2264
25264,0.24670581238732958,0.3295846278355039,0.24670581238732958,0.025750839516557822,2265
22053,0.2466112762721991,0.264015238996292,0.2466112762721991,-0.013053298148072323,2266
20457,0.24659976885190274,0.334353738999808,0.24659976885190274,0.04548068398118221,2267
24045,0.24640436607341065,0.4269658558721172,0.24640436607341065,0.024575128975065696,2268
26252,0.24631334344086891,0.44100543396434844,0.24631334344086891,0.006969411024648653,2269
22623,0.24627429275323198,0.27491150095896644,0.24627429275323198,0.030504768840611374,2270
28875,0.24622737600204642,0.5815164225702805,0.24622737600204642,-0.006995813244829618,2271
27747,0.2461937011942973,0.8062967377537136,0.2461937011942973,0.0017237042387258095,2272
29363,0.24593503208529116,0.42704658768120274,0.24593503208529116,0.004479761592356413,2273
25703,0.2458318737273762,0.48314747990997997,0.2458318737273762,0.023193431908948847,2274
25230,0.2457716535251236,0.323530859588482,0.2457716535251236,0.004404181199811785,2275
23159,0.24569950162341925,0.24599826477361916,0.24569950162341925,0.13259135774474667,2276
25861,0.24558733979495995,0.3052449107237232,0.24558733979495995,0.017744000421036188,2277
25667,0.24557655452892332,0.2915345654033727,0.24557655452892332,0.049147887636143806,2278
27023,0.2455470235845732,0.6311869963759174,0.2455470235845732,0.03755995167191528,2279
25510,0.24547980115905443,0.2954306089519847,0.24547980115905443,0.14213531801021478,2280
25943,0.245427034356206,0.28694413968296856,0.245427034356206,0.0430267442894674,2281
24307,0.24538996873568464,0.40153768673238655,0.24538996873568464,0.029483096089393757,2282
20829,0.24530572366354036,0.5276541746782456,0.24530572366354036,0.01988337538418883,2283
25772,0.24525138768592622,0.2500470953827602,0.24525138768592622,0.02662733781509602,2284
23847,0.24512923888870025,0.35038934658374665,0.24512923888870025,0.011572829049393829,2285
27763,0.24477297481403,0.3181679361043618,0.24477297481403,0.014129025294020103,2286
21134,0.24476503859250814,0.29413520329722664,0.24476503859250814,0.003408858096312306,2287
25098,0.24468397753359472,0.5696579104937027,0.24468397753359472,0.015513993990785846,2288
23292,0.24459466948845326,0.440467206413156,0.24459466948845326,-0.01409341688772131,2289
20403,0.24454720211962913,0.4773798085156306,0.24454720211962913,0.005290648276053023,2290
29605,0.24453238180427211,0.32169966108480724,0.24453238180427211,0.06660840302514187,2291
21769,0.24438587500093592,0.2863498546414602,0.24438587500093592,0.09293319791556576,2292
22436,0.24437173068496187,0.48502020495728315,0.24437173068496187,0.0440404964156782,2293
29482,0.24434361326210444,0.25741672029580476,0.24434361326210444,0.03897268888636507,2294
29969,0.24433308612694785,0.38962438732588445,0.24433308612694785,0.001437359349569567,2295
21614,0.2443017763840822,0.45073678898986014,0.2443017763840822,0.04269008395490942,2296
25513,0.2441633819098667,0.5577497615654607,0.2441633819098667,0.004827318699334504,2297
29709,0.24413646868511418,0.26366869885222105,0.24413646868511418,0.16214154960912405,2298
20558,0.24409840802664295,0.32149977352436443,0.24409840802664295,0.032204275673995086,2299
21023,0.24399750599507658,0.31383361868790766,0.24399750599507658,0.054517486415999517,2300
21937,0.24394908743957486,0.2880338532617084,0.24394908743957486,0.02584097234264704,2301
26908,0.24391465027019882,0.49494991414448297,0.24391465027019882,-0.0011538945177199667,2302
21189,0.2437961188634731,0.2697671209052919,0.2437961188634731,0.05198574643195053,2303
20942,0.24376287278149836,0.4744652318384753,0.24376287278149836,-0.004548947408503756,2304
23701,0.24372352163507044,0.3513758212284745,0.24372352163507044,0.02535918589880848,2305
28975,0.24368056057019669,0.41384014831747534,0.24368056057019669,-0.006120151206974844,2306
27092,0.2436471478791734,0.5242313699024541,0.2436471478791734,0.0071403549553837875,2307
21381,0.24364538253265383,0.6395251035563838,0.24364538253265383,0.007027105535259093,2308
27853,0.24340262002807042,0.2647202617689874,0.24340262002807042,-0.004671249440350134,2309
20898,0.2433892210564914,0.633517187816459,0.2433892210564914,-0.001380640652649756,2310
24732,0.2433201487179437,0.31153579116986463,0.2433201487179437,0.0004982960809277737,2311
24104,0.24328844136765132,0.36062828847208145,0.24328844136765132,0.033297913278025504,2312
20206,0.24326470765243272,0.2512984288536887,0.24326470765243272,0.061372428753376784,2313
23265,0.24321983548930323,0.25379626639831737,0.24321983548930323,0.21721245588990581,2314
25138,0.24314357401304476,0.28269458837827527,0.24314357401304476,0.014019421795289533,2315
22873,0.24308985875030567,0.25344489703818646,0.24308985875030567,0.0048378046305363465,2316
23244,0.24306339037043742,0.4639017431192832,0.24306339037043742,0.0006236473958329825,2317
20629,0.24294250448972893,0.3608829154381739,0.24294250448972893,0.023100815887861337,2318
20164,0.24278568571334141,0.45006819793962455,0.24278568571334141,0.031166242719359638,2319
21338,0.24276933497515257,0.30779943966834594,0.24276933497515257,0.13867689084790596,2320
22457,0.24275565907174315,0.2806291150804446,0.24275565907174315,0.007691188835096507,2321
20832,0.24274038408243273,0.34126423125587335,0.24274038408243273,0.06018421000091931,2322
24571,0.2427126986112496,0.5553265652653675,0.2427126986112496,0.027399771803212403,2323
27859,0.24260585802431356,0.27482858204173854,0.24260585802431356,0.05423853669314477,2324
26890,0.2424797490240636,0.29305001264466396,0.2424797490240636,0.05253000406032901,2325
24555,0.24240345107793004,0.36047182542068373,0.24240345107793004,0.007569191674340003,2326
26686,0.24229229115378315,0.32937880942239817,0.24229229115378315,0.029077832304128692,2327
26698,0.2421562009997824,0.8393959012706814,0.2421562009997824,0.005695398497332804,2328
29383,0.24212933523977434,0.4777859866615695,0.24212933523977434,0.012917908782927479,2329
27341,0.24208950465830584,0.29703105932471635,0.24208950465830584,0.02074583026069421,2330
21881,0.2420540078446895,0.5351508349659522,0.2420540078446895,0.005062541916381891,2331
27844,0.24201245595699364,0.280395543794373,0.24201245595699364,0.025627094580142673,2332
23562,0.24170761495118503,0.2902187773754482,0.24170761495118503,0.011621582772360917,2333
21469,0.24163011179918895,0.24577574411711056,0.24163011179918895,0.10636708626712546,2334
25674,0.24161640173875454,0.3689793063669649,0.24161640173875454,0.05129317091034585,2335
26088,0.2416146280918078,0.4733835866465909,0.2416146280918078,0.03672549101904654,2336
26865,0.24161104834511113,0.3445977549538395,0.24161104834511113,0.06638115823208263,2337
20634,0.24160252948338923,0.4678557745408338,0.24160252948338923,-0.0010381055244277348,2338
22850,0.24148382611894187,0.2450281221668925,0.24148382611894187,0.1805596873408139,2339
25484,0.24145752843485552,0.3658930223031477,0.24145752843485552,-0.014037320724651858,2340
20312,0.24136961175990923,0.28831982146624385,0.24136961175990923,0.15773115938252055,2341
23551,0.24127355559977182,0.5090255986115496,0.24127355559977182,0.006968363827235646,2342
26036,0.24122084646291567,0.4864327322355158,0.24122084646291567,0.0071203090696060345,2343
24110,0.2411873612683596,0.8193978230259691,0.2411873612683596,0.039286613370107415,2344
28380,0.24116951866917216,0.24377456071143228,0.24116951866917216,0.031041426942674533,2345
26665,0.24116652568502983,0.263177719864755,0.24116652568502983,0.042989791860755355,2346
25843,0.24104584781501548,0.5847080747627658,0.24104584781501548,0.009493319404858425,2347
20116,0.24095161613016203,0.4585221520764458,0.24095161613016203,0.0,2348
21544,0.2409307329776307,0.3062725342725452,0.2409307329776307,-0.004709547801775071,2349
26887,0.24089177529091643,0.5221681957398805,0.24089177529091643,0.030007171143940803,2350
29398,0.24086178317483029,0.25084604535962585,0.24086178317483029,0.22339423619553628,2351
23435,0.2407892682641772,0.47686111610396226,0.2407892682641772,-0.0208945769738893,2352
26456,0.2407845877798166,0.34804371893654557,0.2407845877798166,0.005515669376731314,2353
25536,0.240759293387002,0.3545369595422792,0.240759293387002,0.05427955718094035,2354
29975,0.24071822558676695,0.3491297527319082,0.24071822558676695,0.010277130459055539,2355
21491,0.2406861333119864,0.6137828700194596,0.2406861333119864,0.029709089420449142,2356
21825,0.24053944868708887,0.5033000305898584,0.24053944868708887,0.0011748739447790535,2357
28159,0.24045313907146476,0.2639504432040378,0.24045313907146476,0.03557890942070285,2358
20177,0.24042281663504872,0.27826694714217226,0.24042281663504872,0.02139567699641931,2359
26433,0.2404080395889706,0.6412113758025471,0.2404080395889706,-0.015297990035385789,2360
28312,0.24038560404568088,0.36437667073003205,0.24038560404568088,0.04580836382100284,2361
24152,0.2401953204309816,0.3973041023809053,0.2401953204309816,-0.02294086756555208,2362
29528,0.2400019951956383,0.3004619786976994,0.2400019951956383,0.007134214816979234,2363
23751,0.23987291465380733,0.3717671293679668,0.23987291465380733,0.03127429650268981,2364
26177,0.23981175269668928,0.4676080603596303,0.23981175269668928,0.01827191858094923,2365
27758,0.2397474062166004,0.2982774078032051,0.2397474062166004,0.017729268824852484,2366
24758,0.2395990384860645,0.26115268696214206,0.2395990384860645,0.07157805618842555,2367
29962,0.2395665590604738,0.5668514531925405,0.2395665590604738,-0.00033211997226600953,2368
29993,0.23953243988385076,0.31957070102156,0.23953243988385076,0.013630999003916955,2369
21743,0.23952773499664148,0.30023052003755146,0.23952773499664148,0.0776737536188074,2370
25424,0.2394936318809281,0.4556346804512355,0.2394936318809281,0.06085822487890796,2371
29249,0.2393539829114704,0.393102283712008,0.2393539829114704,0.08587843874531426,2372
29362,0.23933961278105464,0.2999691763024474,0.23933961278105464,0.018166579867230748,2373
25254,0.23932984178742794,0.24463211108175817,0.23932984178742794,0.11327079365127074,2374
28126,0.2389806989378163,0.26728002069082074,0.2389806989378163,0.06938946514863101,2375
22866,0.23897266255726907,0.3665991768811625,0.23897266255726907,0.05055956839257758,2376
26924,0.23889935563107867,0.7250235171576194,0.23889935563107867,0.040642098243574454,2377
29101,0.23881163398550287,0.6454505678282128,0.23881163398550287,0.014143749625121327,2378
20421,0.23867897574455021,0.39118300899829667,0.23867897574455021,0.0660650191712917,2379
28657,0.2386741194790517,0.9119042437872499,0.2386741194790517,0.0,2380
26884,0.23867285024476853,0.29543946602238186,0.23867285024476853,0.018203213639215565,2381
24429,0.23864492759245384,0.24696253243310642,0.23864492759245384,0.046371687631116376,2382
29073,0.23859407294050616,0.24866998979605223,0.23859407294050616,0.05286376069630119,2383
24256,0.23853457409724,0.4586191318614714,0.23853457409724,0.060473600328799504,2384
29021,0.23844823413132904,0.44477202810370436,0.23844823413132904,0.025561523311649237,2385
26076,0.2378170465887813,0.37474270950278693,0.2378170465887813,0.005437866487552845,2386
27582,0.23771622412391977,0.2920918843144722,0.23771622412391977,0.07485781044100098,2387
27835,0.23758287023680066,0.2403266822597134,0.23758287023680066,0.20121590314298915,2388
26016,0.23741056580574096,0.2985594283955668,0.23741056580574096,0.04095731684287529,2389
23202,0.2373237095497066,0.335392045391844,0.2373237095497066,0.02734672394356663,2390
21764,0.23728956195379944,0.3579759423194372,0.23728956195379944,0.015787352403000776,2391
25084,0.23723545499617926,0.5199998005987079,0.23723545499617926,0.0061574746482535025,2392
20025,0.23716968452499598,0.28850995100443916,0.23716968452499598,0.011492644908915106,2393
25103,0.23707516790385885,0.5350511535170306,0.23707516790385885,-0.015741113730877054,2394
25584,0.23701042936894545,0.2765034988417607,0.23701042936894545,0.03036931298867157,2395
26314,0.2370095805074382,0.4534312968206466,0.2370095805074382,0.01107611920636653,2396
26503,0.2369567465066249,0.541176026220499,0.2369567465066249,0.01599455032801772,2397
25803,0.2369320953221413,0.284268491565696,0.2369320953221413,0.006060522586230521,2398
27294,0.2369061929534385,0.7064677774327403,0.2369061929534385,0.00987504360961411,2399
28856,0.23677924739072068,0.37303573807754625,0.23677924739072068,0.05830103153486932,2400
29121,0.23663231183502426,0.5675549948812305,0.23663231183502426,0.048802388678641784,2401
23968,0.2366039537155437,0.3943962375127535,0.2366039537155437,-0.0038875317611773985,2402
27655,0.23655385383104638,0.436836228083469,0.23655385383104638,-0.012023371287953055,2403
24480,0.23652077968926866,0.3708460845534206,0.23652077968926866,-0.0016311183701807619,2404
29003,0.2363746379961591,0.5521356109188423,0.2363746379961591,0.010871229775840319,2405
26431,0.23629326360755576,0.57973333550795,0.23629326360755576,-0.0009301182725112156,2406
20079,0.23614075558638398,0.2671572520825153,0.23614075558638398,0.002104290355467442,2407
21354,0.23613457817942174,0.30298239466584237,0.23613457817942174,0.04944275837812756,2408
29820,0.2361337740429409,0.2557437350878753,0.2361337740429409,0.013956985568139013,2409
29191,0.23609223542052443,0.39318870143290313,0.23609223542052443,0.014378198775216122,2410
27464,0.2360479618931074,0.6043974419951461,0.2360479618931074,0.04728798456158623,2411
29234,0.23583241409533268,0.5727144953583131,0.23583241409533268,0.013587671851369443,2412
29220,0.23575636282749435,0.2945142277210525,0.23575636282749435,0.035333852362204154,2413
29009,0.2356047106302672,0.35469525958255654,0.2356047106302672,0.0,2414
24610,0.23550555601326115,0.3288620225625258,0.23550555601326115,0.1091005804968661,2415
23727,0.23546419427979925,0.3941025566469195,0.23546419427979925,0.0019018303736402231,2416
28036,0.23542864182585513,0.2999124332874988,0.23542864182585513,0.041966085944198206,2417
26481,0.23538719984443202,0.7170591179800223,0.23538719984443202,0.030663701733784188,2418
23029,0.235362933015313,0.4244827594275769,0.235362933015313,0.022196123146144164,2419
23042,0.23531833911901615,0.35766628659387406,0.23531833911901615,0.019038008690310415,2420
23596,0.23526968367407433,0.3505832358997994,0.23526968367407433,0.036361924222014785,2421
29617,0.2352633350472147,0.31881587956599056,0.2352633350472147,0.018657819492731764,2422
26109,0.23526081873428095,0.44313348660349117,0.23526081873428095,0.01984210685590071,2423
22194,0.23517939191723874,0.5478859537743959,0.23517939191723874,0.03346048494228937,2424
20500,0.2349633949484839,0.24327704403170033,0.2349633949484839,0.16739620764979407,2425
25784,0.23492438827786022,0.5379139795933999,0.23492438827786022,0.0025072309105156343,2426
23678,0.23483340856453194,0.781926801385592,0.23483340856453194,0.0017865824562423027,2427
23349,0.23481122507881835,0.2750313909499171,0.23481122507881835,0.0428445301044974,2428
29720,0.2347423016785894,0.24142738236784858,0.2347423016785894,0.13046337809412156,2429
24474,0.2347287859169207,0.37414170506484845,0.2347287859169207,0.17478867306383356,2430
26361,0.23470312545657135,0.836698186070086,0.23470312545657135,0.001701580711737427,2431
21778,0.23468023318037728,0.424683247725751,0.23468023318037728,0.020706322289049228,2432
20207,0.2346368398512803,0.4123920608680824,0.2346368398512803,0.015575200250596444,2433
28884,0.2343899390669208,0.4941546329841676,0.2343899390669208,-0.002400554655091147,2434
27767,0.23419073886416267,0.31887984519640267,0.23419073886416267,0.0008808178956573043,2435
28412,0.23411054363605388,0.4790072942692477,0.23411054363605388,0.0,2436
25507,0.23404305451998253,0.26753268589152046,0.23404305451998253,-0.011131053114537659,2437
20245,0.23368737791706265,0.2744086982480221,0.23368737791706265,0.049494322781370115,2438
21401,0.2336498812822459,0.4445120608973388,0.2336498812822459,-0.013698570008211675,2439
25123,0.23361312239066956,0.5567011543279052,0.23361312239066956,0.03675470778101442,2440
22986,0.23353592058027434,0.3547565420079518,0.23353592058027434,0.03604430560248861,2441
29639,0.23347790638059135,0.30360557907174957,0.23347790638059135,0.03187808833257366,2442
26947,0.233418414819261,0.2990421017335323,0.233418414819261,0.015084865733523023,2443
26780,0.23341736568183044,0.2872268275286789,0.23341736568183044,0.07977511745019114,2444
26640,0.23338263482298513,0.2915311560444582,0.23338263482298513,0.11930153590210871,2445
23688,0.23329666019520306,0.4728091884520004,0.23329666019520306,0.02971516437224847,2446
28827,0.23318250952937547,0.25173667175726044,0.23318250952937547,0.11059152895516902,2447
20095,0.23314971836616408,0.23528789792726257,0.23314971836616408,0.13076259117776698,2448
26930,0.23314253424170187,0.29198152630566016,0.23314253424170187,-0.007469627765473996,2449
26748,0.23295106272072238,0.4520190798304393,0.23295106272072238,0.0037513568139777576,2450
20736,0.23290774844674977,0.504751920241919,0.23290774844674977,0.06094831545676721,2451
28694,0.23289403917115906,0.24732853247819359,0.23289403917115906,0.0020744783571676195,2452
22384,0.2328814948130112,0.3522171671881956,0.2328814948130112,0.011474431354753012,2453
25631,0.2328327192521109,0.6636415783442386,0.2328327192521109,0.00943169951308398,2454
24946,0.2326292303510693,0.257381036388542,0.2326292303510693,0.06904559568478325,2455
24815,0.23255893322382773,0.4409739005487316,0.23255893322382773,0.015488208295412809,2456
24088,0.23252790627719777,0.27217888005549246,0.23252790627719777,0.007051401433915194,2457
23206,0.23247980691779577,0.4767657732745748,0.23247980691779577,0.021281000054242438,2458
26567,0.2324165681856763,0.29940281165442156,0.2324165681856763,-9.892294529517676e-05,2459
27343,0.2323791881932502,0.23522585228957738,0.2323791881932502,0.047249258928538374,2460
25228,0.23232770045479564,0.2625972404310494,0.23232770045479564,0.015731722463291742,2461
29358,0.23217793424753447,0.5118231583062874,0.23217793424753447,0.035039901646266025,2462
26920,0.2321551770812306,0.26675839761116127,0.2321551770812306,0.04056392343531379,2463
29081,0.2320659453258075,0.3058594829930535,0.2320659453258075,0.008339203040537646,2464
25162,0.2319928494472342,0.3626174849557418,0.2319928494472342,0.013225630520883658,2465
26738,0.2319617513150329,0.4568116264961386,0.2319617513150329,0.003355547494859279,2466
25714,0.23192045334413167,0.374809494912809,0.23192045334413167,0.0018501839999492398,2467
27031,0.23191903871463532,0.25292512491711294,0.23191903871463532,0.0022561843108782065,2468
27653,0.23184141579593667,0.23258473095897028,0.23184141579593667,0.02274910441802719,2469
21348,0.23180825725102414,0.23434842638943112,0.23180825725102414,0.08161836556445293,2470
21040,0.23171916035439238,0.49762229178896117,0.23171916035439238,0.020183968942567354,2471
25090,0.23164724374097975,0.2485162827859241,0.23164724374097975,0.14675419990783603,2472
29273,0.23147537157031178,0.28954331386595783,0.23147537157031178,0.00668538226965304,2473
25920,0.2314675032893898,0.32396646050747285,0.2314675032893898,0.05896765801714282,2474
29069,0.23132874548289578,0.2890743298158752,0.23132874548289578,0.04307060940282181,2475
28834,0.23116069664828293,0.48275373929001225,0.23116069664828293,0.012184993514282594,2476
28993,0.23113295726244865,0.24551826889980297,0.23113295726244865,0.017970311475187073,2477
26731,0.23111926638218003,0.36661152013137266,0.23111926638218003,0.0028772156387325554,2478
24510,0.23111054116168628,0.2541512478312576,0.23111054116168628,0.024322634957021194,2479
25097,0.2310063910761835,0.2528519470758881,0.2310063910761835,0.03638324525042219,2480
29080,0.2308968225863156,0.36388455416711035,0.2308968225863156,0.07850704112042983,2481
23753,0.23076181152098163,0.2712643485477959,0.23076181152098163,0.019273209622318987,2482
21108,0.2304475802098898,0.5056280366986292,0.2304475802098898,0.024083172244613593,2483
20520,0.2304294161665455,0.3560693494362677,0.2304294161665455,0.060660579834901474,2484
22065,0.23029057626718516,0.28221654333181556,0.23029057626718516,0.01521284413564078,2485
25320,0.23016406877156215,0.23192879124870386,0.23016406877156215,0.05761569440372005,2486
23230,0.2300870899446644,0.2761747549400217,0.2300870899446644,0.04931703326367845,2487
29512,0.23008539960623156,0.40443874716382455,0.23008539960623156,-0.009826408760579275,2488
26798,0.23001776066649865,0.26239393862863275,0.23001776066649865,0.03450668421736647,2489
29523,0.23001469694375865,0.5203517956230979,0.23001469694375865,0.05152099374207986,2490
20279,0.22998950058383216,0.6180895673140271,0.22998950058383216,0.0,2491
24106,0.22991466242766392,0.2852241974528828,0.22991466242766392,0.09779060661681985,2492
22569,0.22989850109443738,0.40925084335920087,0.22989850109443738,0.019102084272018094,2493
23473,0.22976804939732398,0.2720843115237657,0.22976804939732398,0.13010296927395296,2494
27857,0.22974382030075347,0.5750857237513459,0.22974382030075347,0.008193477763643875,2495
21145,0.22971029022131897,0.2927976339215365,0.22971029022131897,0.00044501349455244865,2496
27621,0.22969889461631665,0.4866789307798448,0.22969889461631665,0.019500900154513,2497
25887,0.22957154685906067,0.387095784974592,0.22957154685906067,0.026803702673008578,2498
22695,0.22955749981583326,0.23383699682509432,0.22955749981583326,0.07842818030812596,2499
24215,0.2294777338421491,0.3520862567429322,0.2294777338421491,0.22708958870416313,2500
23171,0.22942145254402363,0.40633896279769,0.22942145254402363,-0.014954163489293515,2501
27321,0.22926539885413702,0.2336083579539478,0.22926539885413702,0.049635124000284137,2502
22782,0.22926274312083184,0.26976015243647145,0.22926274312083184,0.11449502960792332,2503
24373,0.22926100847109637,0.24124740442806764,0.22926100847109637,0.08342525805363546,2504
26836,0.22924685444410842,0.3293393180400612,0.22924685444410842,0.0431474917161474,2505
29475,0.22919927295543902,0.6792983334010941,0.22919927295543902,0.02490966735416189,2506
22280,0.22915745339266477,0.4367193084553918,0.22915745339266477,0.02814740295108753,2507
29799,0.22886537212868832,0.40657008915153636,0.22886537212868832,-0.0072835783099831075,2508
23419,0.22886328830504551,0.4187493246566072,0.22886328830504551,0.028437074043599575,2509
28037,0.22882890966681152,0.39399997122996155,0.22882890966681152,0.01144669656983821,2510
22701,0.22881666287248323,0.3649046069785531,0.22881666287248323,0.040060231700932314,2511
26477,0.22881134337353715,0.2363241335783049,0.22881134337353715,0.06843251924672747,2512
24545,0.22880306826408775,0.4830352358373755,0.22880306826408775,0.07655022766195968,2513
25368,0.22875721025395973,0.38483084884080304,0.22875721025395973,0.0626323903859845,2514
25720,0.22867798995601651,0.6662388657373728,0.22867798995601651,0.039159567475582135,2515
24970,0.22862154258660092,0.3328199144079972,0.22862154258660092,0.016615034134692175,2516
29948,0.22853006435551737,0.4834119027549482,0.22853006435551737,0.009291839115063705,2517
20690,0.22844216065473216,0.5630130308442507,0.22844216065473216,0.023298349079232672,2518
25755,0.22841297269523275,0.6437769534706375,0.22841297269523275,0.01923751617194913,2519
29157,0.22838955423313687,0.37541516210390946,0.22838955423313687,0.05836105261965824,2520
25113,0.22831105697949922,0.6903873147283506,0.22831105697949922,0.015871967414951338,2521
22835,0.22814213123634908,0.7425793651789611,0.22814213123634908,0.022399743759606294,2522
25491,0.22811402182650475,0.4988015939214324,0.22811402182650475,0.010482023617899794,2523
21325,0.22806420998013094,0.2620559459931936,0.22806420998013094,-0.006488067303228207,2524
20945,0.22805206993036328,0.3340068378949809,0.22805206993036328,-0.0014939959069096287,2525
27948,0.22798128016869998,0.44986143547880497,0.22798128016869998,0.029975017756221467,2526
20446,0.22794233015623308,0.2519430151060274,0.22794233015623308,0.05914905033082607,2527
26855,0.2279191267504087,0.5259098460502649,0.2279191267504087,-0.0023310962767978394,2528
28836,0.22786263554130867,0.2286217863662255,0.22786263554130867,0.13750890826763332,2529
21093,0.22782920699299608,0.2417274213531622,0.22782920699299608,0.11660213993030566,2530
26895,0.2276893180826798,0.4402705390140232,0.2276893180826798,0.048075065433698605,2531
29023,0.2276733034634831,0.3585731935882553,0.2276733034634831,0.05773334285917325,2532
26581,0.22763027583125953,0.4056532574059567,0.22763027583125953,0.043538912092916604,2533
23023,0.22757136956054688,0.3916138372889977,0.22757136956054688,0.06514533211749846,2534
26493,0.22753987061212794,0.45579999015642025,0.22753987061212794,0.0025986632464148895,2535
21907,0.22751884559326882,0.38776352572765443,0.22751884559326882,0.03896416949010256,2536
28434,0.22710770334319436,0.25260185127363166,0.22710770334319436,-0.019623518982067545,2537
25827,0.22709889147954268,0.4425301517308963,0.22709889147954268,-0.025454392192602926,2538
24378,0.22690408986159016,0.3072571086140857,0.22690408986159016,0.014416223046798238,2539
23288,0.22684888130996878,0.4791705085048813,0.22684888130996878,0.05860635414777654,2540
26272,0.22682384616278634,0.6407347658445667,0.22682384616278634,0.0008221431015585923,2541
24577,0.22675657406871264,0.35714284177946853,0.22675657406871264,-0.015863165554006797,2542
27339,0.22673051352151413,0.7053052206561269,0.22673051352151413,0.016214519261122162,2543
24148,0.22667778915801448,0.4292718193259722,0.22667778915801448,-0.014943579096047266,2544
20409,0.22667077563317178,0.25930156350129335,0.22667077563317178,0.06168362811202144,2545
24218,0.22658615806095475,0.3521574091805647,0.22658615806095475,0.02092150264100101,2546
28065,0.22650813199686964,0.47006903412848344,0.22650813199686964,0.035625997506202045,2547
28039,0.22649861601553084,0.24939895297791825,0.22649861601553084,0.15921935313890517,2548
22351,0.22645397747434473,0.3730639903938571,0.22645397747434473,0.006398562030528077,2549
29109,0.22636915008349268,0.28183951278569963,0.22636915008349268,0.07851424477719565,2550
20600,0.2262403433802309,0.5611600687883367,0.2262403433802309,0.03914221025444686,2551
26135,0.22622699945194769,0.8793254920451137,0.22622699945194769,0.0024674402740451074,2552
22279,0.2260465614131849,0.4370997532460323,0.2260465614131849,0.0010490590321347026,2553
29425,0.2259687392649652,0.29735894855615325,0.2259687392649652,0.044361263666418904,2554
26556,0.22592308661665095,0.336049897896882,0.22592308661665095,0.012121061585152304,2555
20113,0.22584234475045956,0.23696923053436142,0.22584234475045956,0.012365506394756753,2556
26448,0.22579823659593518,0.41327376046722614,0.22579823659593518,-0.006863829513772068,2557
29272,0.22578983970237215,0.3166376932660905,0.22578983970237215,0.023976589931906378,2558
21525,0.22578138792004976,0.2892532020087984,0.22578138792004976,0.009233927253041285,2559
25367,0.22574693748053526,0.42135747694120906,0.22574693748053526,0.027025370404480498,2560
24158,0.22565522454225695,0.9099208421705042,0.22565522454225695,0.0,2561
27893,0.2255421882609335,0.26492287169570433,0.2255421882609335,0.11076527106251521,2562
28822,0.2255409733892816,0.30575769918517165,0.2255409733892816,0.10140777197969897,2563
21817,0.22547535016723602,0.505936407370317,0.22547535016723602,0.024536308794674278,2564
21029,0.2253341894447444,0.26807856543653685,0.2253341894447444,0.19347118234511784,2565
22343,0.22531796648882735,0.3688141326408716,0.22531796648882735,0.0557306301618668,2566
24985,0.22522691093736574,0.5729628748928685,0.22522691093736574,0.00911153296831635,2567
27420,0.2251011583276638,0.24625219338877563,0.2251011583276638,0.10172452521119135,2568
22332,0.2250998467410485,0.49666852117513194,0.2250998467410485,0.016058412841622682,2569
20222,0.22506034857548918,0.6820493018128013,0.22506034857548918,0.011248477539447577,2570
29491,0.22500348453446162,0.29487916179476664,0.22500348453446162,0.03457504680026774,2571
25158,0.2249369940395105,0.8514542246866789,0.2249369940395105,0.0,2572
23059,0.2249274508483254,0.3676598164446724,0.2249274508483254,0.029322014812307673,2573
26449,0.22483516792379898,0.31291474161765903,0.22483516792379898,0.0945953911883537,2574
25771,0.22477843202737033,0.2840697453150507,0.22477843202737033,-0.023666298272979724,2575
24578,0.22474081690259676,0.2387743519673892,0.22474081690259676,0.05482375747599852,2576
20528,0.22463896140405187,0.5810977226380032,0.22463896140405187,0.050961568807899094,2577
21484,0.2245959018463348,0.3524970731954646,0.2245959018463348,0.22828070952584298,2578
22751,0.22456612836507522,0.26395812351243175,0.22456612836507522,0.06359110110403343,2579
27134,0.22455220739204954,0.41940593987119734,0.22455220739204954,0.04159037737028898,2580
25504,0.22448369816612837,0.27421033304197084,0.22448369816612837,0.008994162321798505,2581
23570,0.224470243701463,0.38729362963078146,0.224470243701463,-0.015565266606318073,2582
26403,0.22436638217337904,0.47413578558354424,0.22436638217337904,0.015669458086092214,2583
20686,0.22435001094700466,0.2306784432018253,0.22435001094700466,0.09409887166837416,2584
29809,0.22426688061294053,0.2321015703843025,0.22426688061294053,0.11491751846926984,2585
27899,0.22423311879663554,0.2550837794994081,0.22423311879663554,0.028015727013797287,2586
26114,0.22411908346235682,0.541674524751993,0.22411908346235682,0.0,2587
27366,0.2240903529923015,0.5553553142251814,0.2240903529923015,0.005464873485277633,2588
22613,0.2240756658507817,0.7195776374113129,0.2240756658507817,0.0009066058031255153,2589
28554,0.22399742719508928,0.35783897536179204,0.22399742719508928,0.03216450729344944,2590
25581,0.22397092135751498,0.4092313721345301,0.22397092135751498,0.03239034350624803,2591
21632,0.223856046522452,0.3229198699283548,0.223856046522452,0.03599893424184186,2592
26945,0.2238310497005881,0.2759270265059266,0.2238310497005881,0.08438920942505396,2593
26953,0.2237889451147712,0.8426707927930835,0.2237889451147712,0.008947421035357173,2594
21662,0.22378371627565896,0.33642550761038464,0.22378371627565896,-0.002392664474979711,2595
20319,0.22357864692913515,0.30236089009175854,0.22357864692913515,-0.0024126305571237627,2596
26618,0.22355554590064086,0.5291647574310046,0.22355554590064086,-0.010139252125288767,2597
27632,0.2234971743390375,0.24539603834777282,0.2234971743390375,0.033122579214030445,2598
28017,0.2234925674332496,0.22547577350911524,0.2234925674332496,0.12457857127002009,2599
28891,0.22336107507789194,0.23720589941442916,0.22336107507789194,0.0729241163800288,2600
29078,0.22327715541764043,0.5096418526510561,0.22327715541764043,0.008794711706692104,2601
24428,0.22325798116039436,0.32101471340177606,0.22325798116039436,0.04209294168745892,2602
24681,0.2232400917920859,0.27294927859197293,0.2232400917920859,0.052281400819889856,2603
28752,0.22318243299430937,0.298212042279685,0.22318243299430937,0.02734985977003801,2604
20921,0.22315465615006203,0.2851948142519442,0.22315465615006203,0.0021528143554105927,2605
28105,0.223064914441915,0.4462492710763218,0.223064914441915,0.009817055293547483,2606
28608,0.22300045441666608,0.40519268918514134,0.22300045441666608,0.012752495058010738,2607
28548,0.2229712891393174,0.5962916680338983,0.2229712891393174,0.04235310187884883,2608
27466,0.22293352011291734,0.22965524888451602,0.22293352011291734,0.22212722720508868,2609
20963,0.2229094536903689,0.3257097227494916,0.2229094536903689,0.03691741690134742,2610
26514,0.2228090121983157,0.2686073330606145,0.2228090121983157,0.18276556682560138,2611
27702,0.222683765022138,0.5879998971012994,0.222683765022138,0.039108441444277775,2612
28165,0.2226713122928219,0.2919898905198118,0.2226713122928219,0.01542073316704784,2613
22381,0.22261212705719294,0.2362321373073701,0.22261212705719294,0.05965525405287608,2614
20949,0.22245993665683633,0.24324841860332228,0.22245993665683633,0.0424778242265062,2615
21611,0.22242249023570948,0.5770835785193763,0.22242249023570948,0.02904213331898242,2616
26809,0.22241284409924575,0.4427719207838804,0.22241284409924575,0.035391982788352316,2617
20252,0.22235574663961089,0.4729228214127312,0.22235574663961089,-0.0001499579749143498,2618
23005,0.22225564630204653,0.3239534151720084,0.22225564630204653,0.014677542329317672,2619
20316,0.22222319281255515,0.2432702461246255,0.22222319281255515,0.06663667542776303,2620
29693,0.22216789643058538,0.3137389447784522,0.22216789643058538,-0.004975917964787191,2621
21970,0.22215145733578812,0.4268199532769375,0.22215145733578812,-0.01053289480554609,2622
22465,0.22205253693043475,0.44836349553148036,0.22205253693043475,-0.012008383663238864,2623
20309,0.22202172349439442,0.4968972847049675,0.22202172349439442,0.03981970465368939,2624
28920,0.22197638909685846,0.3253948344150883,0.22197638909685846,-0.0014411152434279928,2625
20652,0.22189303339142388,0.23745396182983142,0.22189303339142388,0.18637585771673715,2626
23849,0.22184638073030064,0.23188981707172618,0.22184638073030064,0.1513843466178485,2627
29980,0.2218013330846963,0.6442405546096627,0.2218013330846963,0.017141911755092276,2628
27167,0.22179352805308494,0.24705072832783231,0.22179352805308494,0.026799493595642487,2629
26982,0.22165911723112863,0.5945508361224612,0.22165911723112863,0.0,2630
23009,0.22160954534546592,0.3880104806372639,0.22160954534546592,0.0,2631
28919,0.22155094952147675,0.5896056137386151,0.22155094952147675,0.019005853306395704,2632
21664,0.22140051604086647,0.22675437094167045,0.22140051604086647,0.22476437707187247,2633
20513,0.22138869122224397,0.33817625881110275,0.22138869122224397,-0.003377056278252466,2634
24212,0.22137299849982994,0.23285362919736274,0.22137299849982994,0.03780954417636248,2635
22686,0.22132217718569885,0.303648182835905,0.22132217718569885,0.07109366108746373,2636
21174,0.221308932627103,0.37339905142751606,0.221308932627103,0.024277005759054615,2637
29742,0.22105547438402273,0.3504347028810859,0.22105547438402273,0.021688606049940773,2638
25421,0.2209779145728159,0.7910210695515139,0.2209779145728159,0.0,2639
29856,0.22096579900262692,0.31150855028136937,0.22096579900262692,0.07843430866915557,2640
26084,0.22094904079361094,0.36959043889950016,0.22094904079361094,0.031502867058465944,2641
28786,0.22091727006994882,0.5456461531515258,0.22091727006994882,0.022916452911135865,2642
20864,0.22089369407324014,0.3174177486286271,0.22089369407324014,0.0,2643
26899,0.22077444387721853,0.23154172342943882,0.22077444387721853,0.0181680449024417,2644
27973,0.22077419577712426,0.6432145806422563,0.22077419577712426,0.007463825053112161,2645
24025,0.22065092318935253,0.4282124653639168,0.22065092318935253,0.0306715373435833,2646
21298,0.22064929671324718,0.24149049687620727,0.22064929671324718,0.07387200604894395,2647
23896,0.22062658229304105,0.3473261739076879,0.22062658229304105,0.029191349417755863,2648
23503,0.2205058273826118,0.4061597700773019,0.2205058273826118,-0.002413713185129396,2649
23338,0.22044187502352872,0.23544662147900752,0.22044187502352872,0.1200879228851949,2650
21900,0.22040572418733984,0.4278420855680007,0.22040572418733984,0.07230193832802606,2651
26659,0.22038921728768696,0.30568416408364346,0.22038921728768696,0.06626473492702878,2652
24115,0.22026691795613004,0.24879080235335668,0.22026691795613004,0.0009821111810262018,2653
25315,0.22015949984926955,0.45237382667283643,0.22015949984926955,-0.00035360936140582666,2654
20200,0.22009810716404815,0.2767235986294974,0.22009810716404815,0.04615122290231538,2655
24052,0.22001399306407107,0.2451962703714751,0.22001399306407107,0.11331635908447718,2656
24286,0.21999754208977534,0.2601685490491787,0.21999754208977534,0.012450466956210438,2657
20706,0.21995899858977683,0.3468426189494566,0.21995899858977683,0.10632131056505045,2658
24785,0.219956261447753,0.36485619097557637,0.219956261447753,0.02415681732332403,2659
29711,0.21978941574592992,0.23855323525101582,0.21978941574592992,0.1247692461802419,2660
23892,0.21975664179974094,0.3883968639921889,0.21975664179974094,0.007472725480795139,2661
26755,0.21975350677252262,0.3868160064393125,0.21975350677252262,-0.006964181360162969,2662
25464,0.21971395951879025,0.6053437936136463,0.21971395951879025,-0.0067693383508758975,2663
25447,0.21964370583331527,0.685533290877827,0.21964370583331527,-0.019455683493699194,2664
26592,0.21962061393969978,0.4755505579393615,0.21962061393969978,0.000703891580039917,2665
28161,0.2195974920028964,0.49876111366164305,0.2195974920028964,0.053828866242106754,2666
22590,0.21958485810146783,0.3031647468794521,0.21958485810146783,0.10641028945255282,2667
25159,0.21955546141172036,0.35068210385396786,0.21955546141172036,0.004808269482301453,2668
27058,0.219399436109863,0.24828156435376264,0.219399436109863,0.17993145764597343,2669
28769,0.21922619115945213,0.3401347426710103,0.21922619115945213,0.04935633607775464,2670
27549,0.2191538375280178,0.2824502968987945,0.2191538375280178,0.05647011711315292,2671
29894,0.2191135293564122,0.26322129539910305,0.2191135293564122,0.04243224102759546,2672
21456,0.21883129045867547,0.28761209074402094,0.21883129045867547,0.10666878769253335,2673
22910,0.21881035686380806,0.7047645689368349,0.21881035686380806,0.043425672108456936,2674
27034,0.21874733216670117,0.4867090999082706,0.21874733216670117,0.05852091525699066,2675
27478,0.21854660047245278,0.2770814784499112,0.21854660047245278,0.06655648007482057,2676
26089,0.21838307048685413,0.45157473589917846,0.21838307048685413,0.09451506131670695,2677
23880,0.21837209589310694,0.2562742227825677,0.21837209589310694,0.022625531530484133,2678
27067,0.21813929671723403,0.24956023475137165,0.21813929671723403,0.03325470784892176,2679
23685,0.21813117746092267,0.3573956036305682,0.21813117746092267,0.024876488506304195,2680
24932,0.21804654586699113,0.7908444295107253,0.21804654586699113,0.001861537209274955,2681
29136,0.21803887884108591,0.6671228702127748,0.21803887884108591,0.025820593246118184,2682
27131,0.2180342421007943,0.22937302121381709,0.2180342421007943,0.07391370357514268,2683
27003,0.21801609085524587,0.56621234699003,0.21801609085524587,-0.003479146923685006,2684
21168,0.21799386303120902,0.25145771298933767,0.21799386303120902,0.15991215985450066,2685
29308,0.21786341721154515,0.2837710742980482,0.21786341721154515,0.014570183836496331,2686
25839,0.217465856473902,0.6256753800218431,0.217465856473902,0.032850987613730065,2687
26533,0.2174229760929426,0.7790333521280226,0.2174229760929426,0.014651919431215243,2688
27280,0.2173975188418723,0.23168299447648089,0.2173975188418723,0.01576394359314881,2689
28122,0.21729144815768786,0.5922878867592359,0.21729144815768786,0.029241974134275317,2690
29406,0.21728146833046433,0.3945712196040486,0.21728146833046433,0.03488882148508876,2691
23393,0.21727478309017834,0.4759720561566799,0.21727478309017834,0.003058193113963048,2692
27459,0.21727183946958933,0.26196865937760677,0.21727183946958933,0.015215799778607986,2693
26554,0.21718273542596478,0.2726569524352004,0.21718273542596478,0.03285345324368688,2694
21012,0.21717835620962114,0.4165039623172398,0.21717835620962114,0.006778097573477582,2695
21018,0.21715337092196552,0.5028354910267793,0.21715337092196552,0.017880700500439994,2696
25065,0.2170701805242579,0.39562642419901434,0.2170701805242579,0.017029655082259676,2697
23691,0.21705625015266128,0.45935868061332313,0.21705625015266128,-0.0017751655437261427,2698
28431,0.2170337244719653,0.2590028415198626,0.2170337244719653,-0.016225725745144803,2699
29126,0.2170079098607704,0.4722090906944679,0.2170079098607704,0.04260195223751134,2700
29893,0.21690552368938945,0.3511485397557801,0.21690552368938945,0.014919995792617158,2701
27974,0.21689153749192974,0.47790937970455527,0.21689153749192974,-0.0068516509973854944,2702
20865,0.2168880098276577,0.7092648980396404,0.2168880098276577,0.00826898031346368,2703
28861,0.21681068218194624,0.428351100482535,0.21681068218194624,0.0,2704
29102,0.21675168457797567,0.22449994881808585,0.21675168457797567,0.017399784634565485,2705
21267,0.21658425867183373,0.5378202905324553,0.21658425867183373,0.026454985809021614,2706
22256,0.2164607702278496,0.28734732732901314,0.2164607702278496,-0.005901935172051065,2707
27903,0.21641570703973834,0.5165435591566876,0.21641570703973834,0.03794735430783408,2708
24708,0.21640735221471227,0.4624143789779192,0.21640735221471227,0.04899511516534638,2709
24463,0.21612722633403722,0.3229084843299637,0.21612722633403722,0.03244073232197231,2710
25189,0.21605744873518232,0.22365046697099308,0.21605744873518232,0.20716936385760917,2711
24019,0.21581530017499814,0.26341519099065513,0.21581530017499814,0.01066029762462195,2712
28325,0.21571859665972687,0.47877596910166603,0.21571859665972687,0.013155197774979699,2713
29835,0.21571125947435246,0.27888926554095106,0.21571125947435246,0.18167683641560728,2714
20939,0.21570609455670248,0.3670898421138593,0.21570609455670248,0.024724571916096005,2715
20546,0.21560946424555574,0.44196132017603185,0.21560946424555574,0.027000133682356542,2716
29695,0.21549074692740383,0.5937771242613877,0.21549074692740383,0.011490061075265401,2717
22587,0.21547423013726105,0.27698421351710484,0.21547423013726105,0.08523362717260533,2718
21645,0.21540601469747667,0.5297291900379673,0.21540601469747667,-0.002353638239450895,2719
27472,0.21540369615507257,0.28098015135246657,0.21540369615507257,0.05541759471200397,2720
26442,0.2152457848477935,0.4270973857746614,0.2152457848477935,0.03734880385297312,2721
29494,0.21523980203477336,0.32361429715485696,0.21523980203477336,0.018493185296518166,2722
23754,0.21518993308542586,0.3411003150875391,0.21518993308542586,0.02356350189003853,2723
28296,0.2151101799229286,0.2746872332598402,0.2151101799229286,0.02361055438121218,2724
26955,0.2148696232334825,0.24524633415454064,0.2148696232334825,0.0042560096607532905,2725
29399,0.21486742697039374,0.5781657557345454,0.21486742697039374,0.0007041976631844138,2726
29082,0.21482796546166183,0.7048010828305648,0.21482796546166183,0.01589500080795936,2727
21872,0.21471941071716377,0.36335749612880414,0.21471941071716377,0.008534309287867359,2728
23413,0.21443909761162128,0.48915198117380504,0.21443909761162128,0.024771869223170206,2729
24219,0.2144364645393229,0.29776761172703003,0.2144364645393229,0.04197817422488248,2730
27170,0.21442726913669588,0.22822076833602312,0.21442726913669588,0.044183140954402345,2731
22995,0.21429132923746386,0.23657565647872517,0.21429132923746386,0.1146088913455203,2732
25143,0.2142705179184742,0.2811850904843102,0.2142705179184742,0.015076585218255889,2733
25912,0.21405715841667944,0.21627680936704044,0.21405715841667944,0.13015129118825414,2734
23497,0.21403071762703907,0.24732815424326665,0.21403071762703907,0.008650582378945393,2735
23580,0.2140293186859652,0.24590341644412167,0.2140293186859652,0.037031748721095215,2736
22033,0.21395132220141944,0.2941506081551407,0.21395132220141944,0.019516315477932478,2737
25471,0.21394782750695368,0.2209589500440623,0.21394782750695368,0.01990501322895949,2738
26152,0.2139338166938107,0.40908132550307114,0.2139338166938107,0.029980000895954206,2739
20307,0.21373640656641021,0.24543218996622612,0.21373640656641021,0.10606164168290724,2740
23072,0.2136906570046126,0.42564028867686793,0.2136906570046126,0.014377386610602061,2741
23475,0.21367762583276168,0.5603215394806598,0.21367762583276168,0.0,2742
27040,0.2136476195978653,0.22771908220493398,0.2136476195978653,0.12441196144968511,2743
27150,0.21358811226006086,0.23752839277780724,0.21358811226006086,0.015727117300519455,2744
29500,0.2134321895239869,0.22480712725374735,0.2134321895239869,0.06999457580366564,2745
26261,0.2134086774414335,0.27778488470716256,0.2134086774414335,0.16357654595715504,2746
20786,0.21332505536296748,0.21995433167980552,0.21332505536296748,0.08672844535065069,2747
28510,0.2131411886692317,0.22503327083543306,0.2131411886692317,0.07169209749227673,2748
24386,0.2129939049209793,0.5859004509937548,0.2129939049209793,0.03735609733351408,2749
27797,0.21295281887172943,0.2352964412246225,0.21295281887172943,0.018988848439843664,2750
29265,0.21294732836989985,0.25241815245521154,0.21294732836989985,0.17516762258222562,2751
24824,0.21290735961734833,0.30457901387578173,0.21290735961734833,0.052357719776795875,2752
26363,0.2127504417556828,0.3050432169642792,0.2127504417556828,0.011813398351373683,2753
22935,0.2127086440106827,0.2663417135598071,0.2127086440106827,0.08798892236463313,2754
26542,0.21256520865705503,0.308152512793316,0.21256520865705503,0.017515179279858795,2755
26874,0.2125581670912372,0.357971573486902,0.2125581670912372,0.023743195215220225,2756
29100,0.21252116506173485,0.5535302572792216,0.21252116506173485,0.018739575896270788,2757
29649,0.21250431755193944,0.7534993495417858,0.21250431755193944,-0.009642890762963097,2758
25135,0.21250193481269403,0.25537373256932916,0.21250193481269403,0.0025925978844084097,2759
26783,0.21247350278412624,0.3292163760616588,0.21247350278412624,0.1797424540479865,2760
25013,0.21240569395851272,0.314471584816629,0.21240569395851272,0.018955019491057157,2761
21080,0.21232781590248484,0.6226953304000864,0.21232781590248484,0.0035773609098261883,2762
29722,0.2123266995506769,0.2864147910577489,0.2123266995506769,0.00349888350114963,2763
23412,0.212292696678388,0.460939375648622,0.212292696678388,0.0,2764
27480,0.21225649900455323,0.41182770146540904,0.21225649900455323,0.047811735836750247,2765
27059,0.21212577554417036,0.36472356321230526,0.21212577554417036,0.02828397929366011,2766
24530,0.21211762733782213,0.24578495320906701,0.21211762733782213,0.013091823182618145,2767
25791,0.21209348066154438,0.23428771979773005,0.21209348066154438,0.016895281179309662,2768
28138,0.21205019990557772,0.4704168967436164,0.21205019990557772,0.010055619167878005,2769
25555,0.2119675056826261,0.3926324932035158,0.2119675056826261,0.002296986274118451,2770
23609,0.21195236524509176,0.5083932966072279,0.21195236524509176,0.013365320329790098,2771
20182,0.2119010805762194,0.4569159131250273,0.2119010805762194,0.06689828230618422,2772
21343,0.2117221920567601,0.261597175690997,0.2117221920567601,0.04749413806847247,2773
24939,0.2116694397853104,0.25816852037430965,0.2116694397853104,0.04488211895035088,2774
25796,0.21166146420586635,0.47931084896628723,0.21166146420586635,0.0029721251593337605,2775
22459,0.21165081152336634,0.2617787623416643,0.21165081152336634,0.022295587130702704,2776
22113,0.21163021288585374,0.230277085671425,0.21163021288585374,0.13154335173237608,2777
29456,0.21161259907812635,0.3279963971324301,0.21161259907812635,-0.0013729668674608564,2778
25325,0.21160030196576596,0.449090711574482,0.21160030196576596,0.026538884720375022,2779
25867,0.21155909802588252,0.3271046024252136,0.21155909802588252,0.00577723105703809,2780
29927,0.2114397154375296,0.46288826424143337,0.2114397154375296,0.021744501563492946,2781
22327,0.21113245217396592,0.8371566782994928,0.21113245217396592,0.031197229312431518,2782
22736,0.21106884623900968,0.30881010966025335,0.21106884623900968,0.016028343877840245,2783
20951,0.21106636165915488,0.4893653264658661,0.21106636165915488,0.00968772565411924,2784
20489,0.21100582069688778,0.2372686655212716,0.21100582069688778,0.15378144625598245,2785
29275,0.2109914861575035,0.22698331485754633,0.2109914861575035,0.02076984919093683,2786
22895,0.210834249391387,0.5067075224425868,0.210834249391387,0.02024769526775272,2787
26871,0.2105957692695115,0.5367461956288506,0.2105957692695115,0.00022495326605509458,2788
23877,0.21057736982767358,0.21573340823698275,0.21057736982767358,0.060841109938755925,2789
20846,0.210556681112028,0.2338313717736248,0.210556681112028,0.019682490157241328,2790
27762,0.21052918704987372,0.5075991474045646,0.21052918704987372,0.001412684314472279,2791
23130,0.21048191307225994,0.7377355945142999,0.21048191307225994,0.011268590120096955,2792
25075,0.21047435506517487,0.2161989965326925,0.21047435506517487,0.15186412032472774,2793
23550,0.2104157866977944,0.2744252320102856,0.2104157866977944,0.019257494418224774,2794
25297,0.21031109903368694,0.49606412727842825,0.21031109903368694,0.013378240123030238,2795
28100,0.21030853902202865,0.22429880759152862,0.21030853902202865,0.1937642203801251,2796
22715,0.2102422321866384,0.266615958361696,0.2102422321866384,0.011670512327369265,2797
25184,0.21017953934586517,0.35812971877255056,0.21017953934586517,0.02078041744885384,2798
23445,0.21010066376386421,0.2382606524605685,0.21010066376386421,-0.003341328778625363,2799
29632,0.21003509058196848,0.3403390309109256,0.21003509058196848,0.04376583593622707,2800
26677,0.2098353617381519,0.21729566602278402,0.2098353617381519,0.03639846978286565,2801
27959,0.209834662771301,0.2674541864509186,0.209834662771301,0.06366027765392707,2802
22264,0.20977676784406893,0.22083890027004657,0.20977676784406893,0.02223251029176415,2803
22827,0.20970173450530388,0.7062802653526,0.20970173450530388,-0.002267705549852894,2804
22769,0.20969093029441793,0.2968188355914768,0.20969093029441793,0.15560892155264167,2805
23868,0.20967359024546023,0.3521053320035487,0.20967359024546023,0.007000284430784098,2806
28207,0.20961767781916407,0.4640852402301913,0.20961767781916407,0.011751242574732979,2807
29920,0.20950361920202049,0.22611674744865604,0.20950361920202049,0.039461367964665095,2808
20059,0.20940520292055242,0.8717316566658572,0.20940520292055242,0.01955538322604433,2809
21193,0.20932817617775576,0.3308668226124931,0.20932817617775576,0.0947980910431096,2810
27636,0.20919149817411964,0.30738921834892563,0.20919149817411964,0.01902071320808485,2811
28115,0.20918547710645316,0.36673638406061415,0.20918547710645316,0.023640601082327017,2812
27609,0.20909748145497536,0.2995793521468833,0.20909748145497536,0.0012979594483732981,2813
28403,0.20908530406501924,0.2706805579335116,0.20908530406501924,0.028032032530725393,2814
29153,0.20893883253648826,0.22444639802412433,0.20893883253648826,0.18519149476888516,2815
21606,0.20889758281406212,0.7414210221283276,0.20889758281406212,0.008957740766223021,2816
25850,0.2088735942727216,0.38573998539842397,0.2088735942727216,0.03937142912787095,2817
24120,0.20886918169428056,0.23085478026748915,0.20886918169428056,0.037695345685250126,2818
26561,0.20885132515819171,0.27090653592478486,0.20885132515819171,-0.006529351409970463,2819
29901,0.208842306182199,0.41363895517376803,0.208842306182199,0.051099811291997754,2820
27250,0.20883634825689146,0.2436553564210984,0.20883634825689146,0.03510911654534765,2821
22118,0.20875909583355873,0.6235588947483197,0.20875909583355873,-0.0027670327428476194,2822
25941,0.20874633170090245,0.4910363015801629,0.20874633170090245,0.008236105882274747,2823
20571,0.2087284707194788,0.303887938741193,0.2087284707194788,0.0741370563103384,2824
25611,0.20859697553826723,0.2585878130182142,0.20859697553826723,0.15237632583579172,2825
27244,0.2085888995645924,0.4265617019979255,0.2085888995645924,0.036104438777018355,2826
25418,0.2085428246411452,0.48879728734906225,0.2085428246411452,0.019912073944184427,2827
26996,0.20837208794623968,0.4670622386078893,0.20837208794623968,0.028643259102668572,2828
28139,0.2083084484423288,0.21402931703432754,0.2083084484423288,0.10230646735411641,2829
25598,0.20821780971124024,0.24062830278458777,0.20821780971124024,0.014941930268350723,2830
21345,0.20819079922069864,0.23974783757666085,0.20819079922069864,0.21871568165707897,2831
28452,0.20818817277687537,0.377395278109684,0.20818817277687537,0.012599065607959425,2832
25482,0.20813894775401928,0.4529962419318733,0.20813894775401928,0.020921197917864953,2833
21651,0.20811511856974874,0.721609521728828,0.20811511856974874,0.023103675505916854,2834
27640,0.20810492148090173,0.3186504792032276,0.20810492148090173,0.09536078071852983,2835
21128,0.208024893172812,0.21621741187344704,0.208024893172812,0.027168788513322106,2836
25119,0.20789665935476975,0.3331062822273512,0.20789665935476975,0.0065848888476762735,2837
24601,0.20784994239312787,0.23965066505472032,0.20784994239312787,0.03249191648916466,2838
28382,0.20774129166485636,0.26929378868263176,0.20774129166485636,-0.010469168989919564,2839
21315,0.2077178905246644,0.43440049145107223,0.2077178905246644,0.021213925302178027,2840
27645,0.207579451154571,0.34781324553407506,0.207579451154571,0.029502709990662512,2841
24326,0.2074440174493623,0.6156992878879,0.2074440174493623,-0.002406186514550157,2842
26837,0.20740740536051763,0.23942577327848247,0.20740740536051763,0.02214911716341711,2843
20103,0.2074045181409929,0.2499399808714247,0.2074045181409929,0.031234164647534868,2844
25348,0.2073808707204449,0.3007887979417032,0.2073808707204449,0.0,2845
21123,0.20732769336055207,0.4685016258289989,0.20732769336055207,0.012363642233668037,2846
24773,0.2073122707956727,0.33237141729168834,0.2073122707956727,-0.0022545644392167885,2847
25745,0.2072920149164314,0.21070442294495167,0.2072920149164314,0.17928240338931742,2848
24298,0.20705229859829746,0.4138400899440312,0.20705229859829746,0.04765604201783302,2849
27553,0.20703521918487455,0.2646101460459501,0.20703521918487455,0.013675874336827376,2850
22886,0.20702897550025934,0.3312652404287733,0.20702897550025934,0.012762286984793259,2851
24222,0.20699013279239972,0.2561457801619586,0.20699013279239972,0.03987440394777797,2852
21295,0.2069318087251464,0.3748888173840109,0.2069318087251464,0.05684581415223977,2853
24229,0.20691564341834456,0.4605380831614712,0.20691564341834456,-0.0023830203574616293,2854
25170,0.20686978504488007,0.33768619278961004,0.20686978504488007,0.05373385714919515,2855
28580,0.2067480379793217,0.25534184735500093,0.2067480379793217,0.07206950861600697,2856
23798,0.20673815425313305,0.2413393238215792,0.20673815425313305,0.08477765036775192,2857
25808,0.20672772907868903,0.23671860190749025,0.20672772907868903,0.021894874732087677,2858
20914,0.20649872147337608,0.3911802304987966,0.20649872147337608,-0.005529520963764134,2859
21445,0.2064857281378884,0.33332975479043053,0.2064857281378884,0.025567014488667827,2860
22169,0.2062596553073296,0.39639080660450854,0.2062596553073296,-0.013516043336820827,2861
21496,0.2062288904005971,0.5619346720877884,0.2062288904005971,-0.003569647295672107,2862
29261,0.2061972834500559,0.5960253919139918,0.2061972834500559,0.011826384331000361,2863
21823,0.20618391951826795,0.2260056120079573,0.20618391951826795,0.043057043711952625,2864
24605,0.20616739181703583,0.22988460082953044,0.20616739181703583,0.12833846449962874,2865
24896,0.20616647618126194,0.8600623821474004,0.20616647618126194,-0.02610777903048611,2866
20030,0.20608109678561068,0.25467605142118754,0.20608109678561068,-0.0022237570247380933,2867
29127,0.20600185739429397,0.4065985493961618,0.20600185739429397,0.03445609075628392,2868
20087,0.20593799070973706,0.4992755055521935,0.20593799070973706,0.012243751238210199,2869
28498,0.20593323280157474,0.35772670481741153,0.20593323280157474,0.010013338511160041,2870
24180,0.20590107713221156,0.24398463337320137,0.20590107713221156,0.020573397298396134,2871
28702,0.20586586885480984,0.33021553666084535,0.20586586885480984,0.06714428178650456,2872
25001,0.2058395492788333,0.33261847576001896,0.2058395492788333,-0.00024007097683254042,2873
25709,0.2058204284994415,0.21755741997340827,0.2058204284994415,0.1436810365240617,2874
24364,0.20579127159331564,0.42406499080880256,0.20579127159331564,0.014557261226486762,2875
23898,0.20576532612935314,0.21170638550040877,0.20576532612935314,0.04959025951292814,2876
21773,0.20576009078736326,0.24082791045816757,0.20576009078736326,0.11287337507176787,2877
21147,0.20574488726484372,0.2546276892643168,0.20574488726484372,0.013646494865943604,2878
20029,0.20570689763969044,0.23109408418486188,0.20570689763969044,0.06104126423047451,2879
27301,0.20570283691098862,0.44789926431450927,0.20570283691098862,0.036455459047151195,2880
27213,0.2055373152528158,0.3307223172728798,0.2055373152528158,0.004410923801407618,2881
27211,0.20552412744514076,0.22321418200505017,0.20552412744514076,0.05904816561284382,2882
21762,0.2052853106038374,0.22892638551189853,0.2052853106038374,0.026086674089988826,2883
28311,0.20503287007944218,0.33010510338313376,0.20503287007944218,0.07567381465667061,2884
29334,0.20498042810320022,0.25900149603173134,0.20498042810320022,0.02534191628806337,2885
24192,0.20484980039480455,0.23973162128622824,0.20484980039480455,0.06402388203728437,2886
27114,0.2047362919536846,0.2349020819422266,0.2047362919536846,0.04975670376817354,2887
20757,0.20468523335034236,0.40846199949606216,0.20468523335034236,0.011206924801863694,2888
27142,0.20463347241396562,0.5572716529755966,0.20463347241396562,0.03200658696791331,2889
26657,0.2046199529081369,0.28291640536219353,0.2046199529081369,0.022382688553256314,2890
29315,0.2044934484026584,0.2512324652465824,0.2044934484026584,0.057150810589745554,2891
23834,0.20447389096971516,0.22312044828587413,0.20447389096971516,0.041026045054575966,2892
21182,0.20440026668955305,0.3352751299613661,0.20440026668955305,0.0265579371326507,2893
21734,0.20438374693806016,0.3112132299563701,0.20438374693806016,0.04716838233957338,2894
25343,0.20437037882587988,0.3953425050461778,0.20437037882587988,0.028171577193020325,2895
23021,0.204339325889503,0.3548517540681378,0.204339325889503,0.019501403605360013,2896
23730,0.204290858695167,0.25257802944196284,0.204290858695167,0.13829553552179208,2897
29886,0.20417491874504523,0.7466664599748052,0.20417491874504523,0.01414339038395973,2898
27351,0.2041676698739287,0.22273359483339247,0.2041676698739287,0.04552696775778503,2899
28511,0.20403363715497833,0.4534907041902264,0.20403363715497833,0.01573011251139983,2900
22077,0.2040186320002107,0.21539303422154404,0.2040186320002107,0.1350973640050089,2901
20749,0.2040106602561592,0.42546729365287006,0.2040106602561592,0.006679427736853039,2902
28953,0.2038683650519223,0.40229085437171513,0.2038683650519223,0.020759517428758922,2903
29545,0.20382041181855998,0.6096083779727217,0.20382041181855998,0.025376260986858856,2904
24912,0.20374187060473065,0.5646703362983566,0.20374187060473065,0.023146356332320317,2905
20740,0.20359699037399057,0.23281064547957978,0.20359699037399057,0.03985991943607048,2906
24810,0.20341103412022193,0.5118708922969315,0.20341103412022193,0.005093723057375044,2907
26315,0.20339348756423659,0.7148762207079903,0.20339348756423659,0.009546281825069225,2908
27869,0.20337080871331017,0.40882433074919994,0.20337080871331017,0.0023871783769385813,2909
25620,0.20336201120410385,0.5682106368024382,0.20336201120410385,-0.0003468133850620392,2910
29747,0.2032195295667913,0.24347653169672548,0.2032195295667913,0.04264003004593492,2911
22154,0.203105520794815,0.354080652055916,0.203105520794815,0.04154614752816799,2912
25332,0.2030803785248428,0.6796073086391464,0.2030803785248428,0.0,2913
28904,0.20296954467370576,0.3779691687565381,0.20296954467370576,0.14820649682337744,2914
23513,0.20295888800625134,0.48601676838632296,0.20295888800625134,0.0007644359245817522,2915
20012,0.20293524333585322,0.8771725518117103,0.20293524333585322,0.003918458461386609,2916
28132,0.20288032912833667,0.21520427665442807,0.20288032912833667,0.1899414614637783,2917
28603,0.20287294201007033,0.4993468918189589,0.20287294201007033,0.003543572308507603,2918
23275,0.20275646007238585,0.2744782383772237,0.20275646007238585,0.047849529059634854,2919
26520,0.20275368616299239,0.5345895963544579,0.20275368616299239,0.02772678242070825,2920
22953,0.20274844154698213,0.49273117755026435,0.20274844154698213,0.011917465823404139,2921
26717,0.2027347188978086,0.21122919941608287,0.2027347188978086,0.06031609418180989,2922
27147,0.2026134156796373,0.22087816392580467,0.2026134156796373,0.1206580292111703,2923
27643,0.20257845982724226,0.3561760755890079,0.20257845982724226,0.07263373201621909,2924
29801,0.20251452523710317,0.21096087050268153,0.20251452523710317,0.07616370461773819,2925
22745,0.2023700855451361,0.31148220941419275,0.2023700855451361,0.008242550742877108,2926
22858,0.2022820702871799,0.2533452392322313,0.2022820702871799,0.002674559266734655,2927
23384,0.20220973377044207,0.34615426047044084,0.20220973377044207,0.007190933354937035,2928
27854,0.20211897576802496,0.6426288082168126,0.20211897576802496,0.014857072339329536,2929
28146,0.20208331887376008,0.23580629677279924,0.20208331887376008,0.001621175752489934,2930
23783,0.20197607136677884,0.2166594992763978,0.20197607136677884,0.06025046815358037,2931
29955,0.2019062309561631,0.2947639139860384,0.2019062309561631,-0.017781373145338508,2932
20678,0.20188891604314524,0.5558875086246626,0.20188891604314524,0.006219703549336486,2933
21409,0.20179476348308378,0.6085453850708434,0.20179476348308378,0.025313441331687003,2934
20933,0.20140668152798752,0.24585984388053056,0.20140668152798752,0.1320185785879323,2935
23477,0.20140652443437063,0.6059077293232746,0.20140652443437063,-0.0005734821261481615,2936
25738,0.20121400439563408,0.21697533221703602,0.20121400439563408,0.13185670183882672,2937
22018,0.20120042184005724,0.3609691643648891,0.20120042184005724,0.030816136862681254,2938
29014,0.2011505164633924,0.24526917856357602,0.2011505164633924,0.1844278290656715,2939
24563,0.20101548637752006,0.4234308465446079,0.20101548637752006,-0.021672684672496945,2940
25660,0.20092624584487406,0.7930389570234168,0.20092624584487406,0.029926297500425747,2941
21816,0.200903603424119,0.48659441421640176,0.200903603424119,0.003421994200282774,2942
28191,0.20080942090837112,0.3669943569028677,0.20080942090837112,0.027279859545767504,2943
20527,0.2008065284613067,0.2921384318159885,0.2008065284613067,0.05128928927665566,2944
24437,0.20072015726564127,0.21370449258110724,0.20072015726564127,0.01917274413599246,2945
25179,0.2006736377374406,0.21132635602950203,0.2006736377374406,0.015127360921095123,2946
25921,0.20066587531035152,0.7024031626379386,0.20066587531035152,-0.0011920466176854605,2947
25298,0.2006584222881454,0.29813864972234255,0.2006584222881454,0.027193240477659586,2948
26497,0.20059110849148742,0.6882129509496421,0.20059110849148742,-0.013586129333277519,2949
20287,0.20058234517114704,0.35732765498041236,0.20058234517114704,0.026396256802811657,2950
20639,0.20056683858963575,0.21074326670193816,0.20056683858963575,0.04702522788152891,2951
28203,0.20055043263774805,0.22399977549046177,0.20055043263774805,0.020116012194990873,2952
23985,0.200535354513373,0.700592834668864,0.200535354513373,0.017049048093146224,2953
24489,0.20051771840035484,0.3576986264553358,0.20051771840035484,0.00028584860335989504,2954
23731,0.20047442247986924,0.5436924988662224,0.20047442247986924,0.024839803051724063,2955
23559,0.20042527799935114,0.2523473503847277,0.20042527799935114,0.02864867402704363,2956
29413,0.20041403556583043,0.20605026681941546,0.20041403556583043,0.0761994343150269,2957
23191,0.20032260334429397,0.685444299650179,0.20032260334429397,-0.002308983083002092,2958
23907,0.20025875196596699,0.37588970891039625,0.20025875196596699,0.017225080656764313,2959
21649,0.20015582343555394,0.5425677096302025,0.20015582343555394,0.03238121053609977,2960
22729,0.20010984840702503,0.37313773205390643,0.20010984840702503,0.015690450337297657,2961
24047,0.20002172570197216,0.3045670169389455,0.20002172570197216,0.05310301123921385,2962
20892,0.20001046044409,0.4498313775101494,0.20001046044409,0.013282526557506502,2963
22441,0.19991735848257697,0.21813317672995397,0.19991735848257697,0.02834017664304156,2964
21403,0.1998817265102898,0.2012331604492893,0.1998817265102898,0.16862256917520269,2965
28461,0.19988048928906754,0.4912498253710428,0.19988048928906754,0.028814008095222166,2966
29017,0.19982558862390315,0.5005722261339717,0.19982558862390315,0.022749507127282298,2967
22706,0.19973693975229234,0.8459889732257136,0.19973693975229234,-0.0002684642203415466,2968
26723,0.19965219294379105,0.4813363044596585,0.19965219294379105,0.03164193857301523,2969
25907,0.19963414158254802,0.37382068427613735,0.19963414158254802,0.040466174246276854,2970
26144,0.19962254700978677,0.25788185328122226,0.19962254700978677,0.03504776514165614,2971
25486,0.19952890571662535,0.20803013473659704,0.19952890571662535,0.012312571132504169,2972
29631,0.19944086108916131,0.2477612569419469,0.19944086108916131,0.02143221313135324,2973
27765,0.199368053464556,0.7613517332503588,0.199368053464556,-0.0034912502967427983,2974
20833,0.199350246883652,0.4299315364224107,0.199350246883652,0.018796211749899372,2975
25140,0.19927907665125022,0.5993838801402401,0.19927907665125022,-0.005632319077421788,2976
21714,0.19926513675864238,0.6656433931843972,0.19926513675864238,0.03040727255496367,2977
23978,0.1992449776205193,0.7862324221372495,0.1992449776205193,-0.016720642585529633,2978
26138,0.19916306082228408,0.5921246106770701,0.19916306082228408,0.0025638214152882144,2979
29328,0.19906220382748982,0.23476589251959634,0.19906220382748982,0.06234854589744909,2980
21644,0.1988018801899712,0.241826704676628,0.1988018801899712,-0.03582449880561844,2981
23582,0.19878321169436003,0.2057402845114545,0.19878321169436003,0.061428744867715976,2982
21600,0.19862425528450398,0.40614944682981785,0.19862425528450398,0.06876475234997087,2983
22844,0.1986007845612839,0.4076994259487782,0.1986007845612839,0.022549835258455053,2984
22377,0.19856804321965427,0.24570513426674348,0.19856804321965427,0.11796145429848426,2985
28344,0.19851698663885792,0.22387412450311922,0.19851698663885792,0.04461726729216686,2986
24933,0.19841041020927652,0.24453450468495885,0.19841041020927652,0.14447008181137108,2987
22026,0.19836243005531712,0.35016711042917803,0.19836243005531712,0.050867928766095194,2988
20126,0.19833052321438288,0.24154362928623355,0.19833052321438288,0.17085025873271756,2989
20795,0.19830456472795896,0.24702856368089995,0.19830456472795896,0.15450658704017672,2990
27930,0.1982939155486817,0.7012507934818086,0.1982939155486817,-0.0011749634374592643,2991
27489,0.19814999368829572,0.33597620646689025,0.19814999368829572,0.016914976971217244,2992
20812,0.19813117894645055,0.41728368029699653,0.19813117894645055,0.027849482762660083,2993
20796,0.19803357338099967,0.21899535576534443,0.19803357338099967,0.03880439017336351,2994
21457,0.19802790349005583,0.8390551511011489,0.19802790349005583,0.0,2995
24901,0.1979999742838682,0.34311576804389804,0.1979999742838682,-0.00330726029404671,2996
22739,0.19778513711550474,0.34309164517704843,0.19778513711550474,0.03824572111297925,2997
26826,0.19771992908994626,0.25067816313865426,0.19771992908994626,0.01911565818762509,2998
25295,0.19769228932619404,0.3487936033480738,0.19769228932619404,0.04021773969120873,2999
28157,0.19766536583783023,0.252396731354397,0.19766536583783023,0.0393504347899194,3000
23692,0.1975349749193638,0.21267515844202833,0.1975349749193638,0.03462689951100251,3001
27906,0.19750962688635693,0.2767099910135018,0.19750962688635693,0.03595670256748451,3002
25151,0.19746905221023806,0.22313576332604312,0.19746905221023806,-0.0023976519531409,3003
27946,0.19744814193373378,0.24157627571902024,0.19744814193373378,0.09143888380765908,3004
28561,0.1972415496762513,0.2996742813252251,0.1972415496762513,0.004351627646590583,3005
22243,0.19700319408326641,0.3347806634827461,0.19700319408326641,0.018273123787300505,3006
27813,0.1968755240922343,0.6189196069524988,0.1968755240922343,0.011451761438526775,3007
26509,0.19686635983891815,0.2135847601230841,0.19686635983891815,0.07376067745045037,3008
24585,0.19675723713899257,0.22315706941750194,0.19675723713899257,0.011368956381925366,3009
27198,0.19670872724737032,0.24938736504344197,0.19670872724737032,0.07635386885107864,3010
20016,0.19670781745441412,0.21082796168629203,0.19670781745441412,0.01119864252649272,3011
29506,0.19657844545279043,0.24844965657105814,0.19657844545279043,-0.0026774759788580904,3012
20916,0.19633232699812386,0.4878584245812145,0.19633232699812386,0.01625556241606918,3013
20999,0.19630628745394788,0.3402594665432135,0.19630628745394788,0.004372123911397796,3014
22817,0.1962994487903654,0.4239168753901858,0.1962994487903654,0.024807467344889478,3015
20962,0.19618120694905608,0.3358130170621025,0.19618120694905608,0.016684522841930338,3016
26808,0.19610520868597273,0.21424158239577568,0.19610520868597273,0.04395729226140305,3017
25442,0.1960218885129876,0.25193843924095566,0.1960218885129876,0.02970549846928472,3018
29028,0.19600774276582447,0.35100360251671264,0.19600774276582447,0.01859207989574141,3019
20523,0.19599743604206266,0.2020187349145555,0.19599743604206266,0.22062011045391677,3020
28091,0.19596453607243414,0.2777203990419788,0.19596453607243414,0.08841217942108942,3021
25286,0.19590570805095003,0.2806418788399109,0.19590570805095003,0.049249338524445574,3022
28408,0.19583947779060823,0.30320250258184755,0.19583947779060823,-0.03132169584787975,3023
25434,0.1957773264877391,0.1973284861654172,0.1957773264877391,0.06798538113763719,3024
21960,0.1957043748963947,0.3408330532916949,0.1957043748963947,-0.018468616182149955,3025
22768,0.19561184289378447,0.21450675528892504,0.19561184289378447,0.04968718865914673,3026
23889,0.19555063589779587,0.2482648787050165,0.19555063589779587,0.07516335563740761,3027
22098,0.1954682164938164,0.31582961635770473,0.1954682164938164,0.07142559544180388,3028
20776,0.19544701178569468,0.5602505143152615,0.19544701178569468,-0.0020511340852307214,3029
23704,0.19531322284381974,0.283489626630794,0.19531322284381974,0.062084765620261106,3030
23777,0.19530533753769702,0.23484554135384575,0.19530533753769702,0.005930782709061666,3031
25023,0.19526181826842398,0.27102598601697675,0.19526181826842398,0.07730290800431183,3032
23780,0.19522865401767947,0.22926811000261477,0.19522865401767947,-0.0023273197616939245,3033
24717,0.19519384179172078,0.6162091813148145,0.19519384179172078,0.0010852001453294235,3034
23323,0.19518957120277136,0.6051051164791026,0.19518957120277136,0.10497720051739523,3035
28156,0.19513084677400272,0.6788361137501012,0.19513084677400272,0.006780620940301185,3036
24079,0.1949978176274356,0.33018782621969245,0.1949978176274356,0.04502160380203801,3037
26211,0.19498856688469124,0.7784331945814118,0.19498856688469124,0.0,3038
28450,0.19495975223491074,0.3019917751999166,0.19495975223491074,-0.00021783658501622893,3039
24819,0.1948708638299661,0.19682702608992275,0.1948708638299661,0.09525716269413359,3040
26049,0.1948694149687378,0.40561911124282657,0.1948694149687378,0.017974926654862777,3041
27159,0.19486047846121554,0.3349837131039067,0.19486047846121554,0.03466699842373827,3042
22023,0.19479538158790266,0.5123849517559705,0.19479538158790266,0.029051654343623112,3043
21850,0.19476030657169507,0.4293447354777265,0.19476030657169507,0.042919144234409456,3044
29611,0.19462709687392493,0.3505971435432012,0.19462709687392493,0.030051775764839306,3045
21062,0.1946029608919005,0.5512660703080275,0.1946029608919005,0.033039503063299,3046
27669,0.19457702050391604,0.2365043807183093,0.19457702050391604,0.0009760516017586207,3047
20084,0.19428881805936835,0.39046475969122424,0.19428881805936835,0.041172418169344804,3048
26180,0.19428644259685468,0.3007129205876827,0.19428644259685468,0.03289304928055942,3049
24894,0.19425864010009486,0.2837039450590706,0.19425864010009486,0.023016927439855395,3050
25884,0.1942470473695073,0.24485100095206766,0.1942470473695073,0.04013481362109628,3051
28219,0.19424173342931156,0.5489801875591495,0.19424173342931156,0.03521341162719194,3052
29543,0.19423030312457173,0.20755965316311778,0.19423030312457173,0.05764451810499388,3053
23010,0.19412816375577813,0.28720739224168595,0.19412816375577813,0.020795509312455163,3054
27469,0.19409832670058869,0.299858023901074,0.19409832670058869,0.016721484598032466,3055
27073,0.19404019500659062,0.3987881875871864,0.19404019500659062,0.04796713791970275,3056
22383,0.19396059471395435,0.213734881011492,0.19396059471395435,0.18860853255447468,3057
22066,0.1939504917389971,0.29046451046897837,0.1939504917389971,0.05291869095064489,3058
29663,0.19394748498005276,0.5143180388533666,0.19394748498005276,0.007122808067098418,3059
20453,0.19394300762923902,0.3831357879451114,0.19394300762923902,0.026741254109113932,3060
24675,0.1936559298347584,0.20553466859620764,0.1936559298347584,0.022547652909547244,3061
24560,0.19362578964723054,0.44755288788263736,0.19362578964723054,-0.01763758057051107,3062
29759,0.19360774695188593,0.25695020784371403,0.19360774695188593,0.025428417203291476,3063
20104,0.19360461328820203,0.3001974824746532,0.19360461328820203,0.004692481591832942,3064
27100,0.1935592024997951,0.4174185541534617,0.1935592024997951,0.004166164293668173,3065
29852,0.19353658706057386,0.8156081036271159,0.19353658706057386,0.00943176207848262,3066
27766,0.1935264347326164,0.21900494225159023,0.1935264347326164,0.051843088162999595,3067
25060,0.1935181673344755,0.22310703432899093,0.1935181673344755,0.0010374889957322497,3068
29492,0.1935022330579959,0.23811278635854027,0.1935022330579959,0.01853110738270114,3069
23857,0.19344446334192922,0.3128914330622586,0.19344446334192922,0.0013162689395347371,3070
26668,0.19340742787841744,0.3362424392526249,0.19340742787841744,0.16549259108442196,3071
23370,0.19339097178964954,0.20824514900986432,0.19339097178964954,0.009563320416053123,3072
26909,0.19333240376823663,0.29218128062700877,0.19333240376823663,0.10194914661981966,3073
24860,0.19314882141263195,0.5946460485581054,0.19314882141263195,0.06095153230565259,3074
26758,0.1930616429741327,0.24931220443075428,0.1930616429741327,0.03790235258177915,3075
29555,0.1930421507419917,0.21957116491723933,0.1930421507419917,0.0247080921583403,3076
21132,0.1929884183660158,0.3507536896046132,0.1929884183660158,0.06860673190667482,3077
26326,0.19294149341490996,0.29033260554656776,0.19294149341490996,-0.0024001480368299744,3078
26154,0.19288314488584823,0.5244204952330186,0.19288314488584823,0.006879984319232313,3079
24882,0.1928740398590767,0.4641502654067153,0.1928740398590767,0.0026223761934618395,3080
27130,0.19284153618258215,0.8514203256877447,0.19284153618258215,0.0,3081
20456,0.19283498669448096,0.7394766709002015,0.19283498669448096,0.0010470418838716133,3082
27682,0.19280049055254678,0.20436959448513076,0.19280049055254678,0.13188713677958036,3083
29019,0.1927011325734304,0.200539715186016,0.1927011325734304,0.08260999484509088,3084
25104,0.1925129072056544,0.20062920263202533,0.1925129072056544,0.04778342721962997,3085
27232,0.19242504938562588,0.23970677055665832,0.19242504938562588,0.059704653931010265,3086
27890,0.19240174004547286,0.4413208581576372,0.19240174004547286,0.01253769049621356,3087
26521,0.19237413598149594,0.4224251338582739,0.19237413598149594,-8.408860219955017e-05,3088
28748,0.19234795623852952,0.46415888895804863,0.19234795623852952,-0.0017730538804135998,3089
20120,0.19231523243026521,0.49892978701314533,0.19231523243026521,0.021824620479093726,3090
25556,0.19230334064845053,0.3606651850796877,0.19230334064845053,0.01575337837475216,3091
24010,0.19229319539668624,0.3604821958724699,0.19229319539668624,0.009281951312082148,3092
29791,0.19221220306650844,0.3116189922317069,0.19221220306650844,0.029633618014179963,3093
25794,0.1921992172248982,0.3819594138340027,0.1921992172248982,0.002969459992411716,3094
25468,0.19216503278885982,0.6395661595290367,0.19216503278885982,0.036722185374661986,3095
20327,0.19207802573016947,0.29623379502462416,0.19207802573016947,0.017840186888198717,3096
28743,0.1920581939829447,0.5549162320925507,0.1920581939829447,0.01125917173436064,3097
23149,0.19201720891723625,0.3835088701858341,0.19201720891723625,0.029569953536447424,3098
20959,0.19195712354897623,0.21992974049596756,0.19195712354897623,0.04713974880482674,3099
20626,0.19189383288854622,0.308403280305521,0.19189383288854622,0.018530728793828666,3100
21154,0.19187895079123984,0.2353397129542998,0.19187895079123984,0.04641735530259028,3101
27195,0.1918018054795522,0.43522005137006553,0.1918018054795522,0.022501454712344104,3102
21627,0.1917033158286728,0.21453646667336235,0.1917033158286728,0.016627843647492813,3103
24287,0.19167613039106865,0.2190356559656036,0.19167613039106865,0.1605191417465482,3104
28369,0.1916449159312419,0.1995268167073842,0.1916449159312419,0.08972591076399286,3105
22363,0.19160801970295605,0.19930238780199078,0.19160801970295605,0.12092049349308803,3106
22681,0.19153440444675457,0.194614392395265,0.19153440444675457,0.016247848401268306,3107
24533,0.19139521869918324,0.2749903765320905,0.19139521869918324,0.005365601678977261,3108
22946,0.19138323821768408,0.21999382295842118,0.19138323821768408,0.009992136543907792,3109
27000,0.19136555472880457,0.6137062785519174,0.19136555472880457,0.001902645618658716,3110
28886,0.19136221899538675,0.40578593361978005,0.19136221899538675,-0.004765949164712957,3111
22237,0.19135592328300643,0.45540734695998836,0.19135592328300643,0.01308771326725533,3112
21170,0.1913180938302798,0.24025442459350305,0.1913180938302798,0.03348499725736298,3113
28923,0.19107499997128227,0.240694271941719,0.19107499997128227,0.03540895583255904,3114
24236,0.1910669516999424,0.344933789847608,0.1910669516999424,0.016692272266979002,3115
25924,0.19105471566803026,0.32307301911449154,0.19105471566803026,0.017215358907692435,3116
21308,0.1910391547637772,0.6953538370787865,0.1910391547637772,0.02616406613211486,3117
24325,0.19091571777891536,0.37729095303032895,0.19091571777891536,0.05687948517016711,3118
26817,0.19074867734093742,0.26049097700100265,0.19074867734093742,0.11833473406071165,3119
21355,0.1907088726986768,0.2105694224794504,0.1907088726986768,0.13103301497762226,3120
26077,0.19069026493830205,0.3490637510518996,0.19069026493830205,0.040547509508620794,3121
28907,0.19068796989293196,0.5507723532107648,0.19068796989293196,0.031525960507772344,3122
21131,0.19067334785561652,0.25043670204433827,0.19067334785561652,0.058890594410745595,3123
21721,0.1906606979128233,0.2257616773833517,0.1906606979128233,-0.002230716890071427,3124
22331,0.19064190134028586,0.2101991911735253,0.19064190134028586,0.02879286332115205,3125
29341,0.1905759567360446,0.20298928589132634,0.1905759567360446,0.11260151497182261,3126
20238,0.19057454819342318,0.3660408178972316,0.19057454819342318,0.03793665349655029,3127
27165,0.19042907846803123,0.36747887431127396,0.19042907846803123,0.027448148034693365,3128
21516,0.19041271998611436,0.5033626022419646,0.19041271998611436,0.008907860432056547,3129
21969,0.1903857898087817,0.20258424226279942,0.1903857898087817,0.10774345518447292,3130
29001,0.19038488433737655,0.4712826179583847,0.19038488433737655,-0.004530379612715907,3131
29981,0.19037445911132012,0.485553580155008,0.19037445911132012,0.014731363208320192,3132
22968,0.19031601987096106,0.23009517816772362,0.19031601987096106,0.031278487238170005,3133
23368,0.19025902818138962,0.20805767255948387,0.19025902818138962,0.17554238795718569,3134
20247,0.1901730524480634,0.21573830923555234,0.1901730524480634,0.14207734606478248,3135
25481,0.18998603740012687,0.4492855764040687,0.18998603740012687,-0.010841075437632797,3136
20010,0.18989943776379126,0.22278483784845501,0.18989943776379126,0.04483822151932054,3137
26267,0.18971120722121915,0.20624666186456933,0.18971120722121915,0.0072217299948436064,3138
22495,0.18967270267650807,0.2938304379621546,0.18967270267650807,0.04055199041342861,3139
20236,0.1896151713492051,0.21109513274862937,0.1896151713492051,0.02299718388551769,3140
26034,0.18956236062965998,0.19204770243535974,0.18956236062965998,0.017988746974851144,3141
21198,0.18955258990025262,0.23973955647350367,0.18955258990025262,0.03912506295819135,3142
29788,0.18953836431748247,0.2547043695519828,0.18953836431748247,-0.01201918774943872,3143
27507,0.1895313987290504,0.19695074957152103,0.1895313987290504,0.1092618341986227,3144
20187,0.18948564886604025,0.19963567697768198,0.18948564886604025,0.08105704740921754,3145
26103,0.18947288364714693,0.6306285729409142,0.18947288364714693,0.007680540493121724,3146
23055,0.18946262115629786,0.8022728824007509,0.18946262115629786,0.016924033022809204,3147
22770,0.18937144853854987,0.26234428533330867,0.18937144853854987,0.01372065738917655,3148
29897,0.18932133256757985,0.354177605779784,0.18932133256757985,0.02490319709898614,3149
24520,0.18929588595842428,0.26557707221229926,0.18929588595842428,0.012317406977978673,3150
28780,0.18928754277683313,0.6195979910134379,0.18928754277683313,0.030560163998032686,3151
28407,0.18913806101215153,0.19399021273608727,0.18913806101215153,0.05958226002880651,3152
24128,0.18911174704920777,0.3525390933920043,0.18911174704920777,0.013178513927229907,3153
20735,0.18897856853432882,0.5039196194327056,0.18897856853432882,0.02386726246491866,3154
27312,0.18894784835392464,0.2122391763202186,0.18894784835392464,0.006335397336585058,3155
23512,0.18891151201170742,0.6154982933893689,0.18891151201170742,0.0,3156
23287,0.18883429739481272,0.4576964375962849,0.18883429739481272,0.03573695332721738,3157
20105,0.18872994726279124,0.22397687449114562,0.18872994726279124,0.07363468175842078,3158
22521,0.18868480203708055,0.2541664130317239,0.18868480203708055,0.009386061030923765,3159
29597,0.18851032995900574,0.8096224022607148,0.18851032995900574,0.04007530234316781,3160
26896,0.1884256339574154,0.20244437999802573,0.1884256339574154,0.19746315232689726,3161
25047,0.18841578943851323,0.27886685105738646,0.18841578943851323,0.013241312665192961,3162
23939,0.18834035072230665,0.23754321736770137,0.18834035072230665,0.02486643563398394,3163
25911,0.18832123932120157,0.2008326577784101,0.18832123932120157,0.03186371387618028,3164
22540,0.18828260766642796,0.5050158288074612,0.18828260766642796,0.01662772134200291,3165
25658,0.18819667922702132,0.2736003135862677,0.18819667922702132,0.03234339669266728,3166
26002,0.18810182189581903,0.42197061521612556,0.18810182189581903,0.015097265216443723,3167
21982,0.18808016288414903,0.28569244945164296,0.18808016288414903,0.05821230016018747,3168
29437,0.1880118487002562,0.3369828604922,0.1880118487002562,0.03190644670637044,3169
25626,0.1879746420525747,0.21924306894089743,0.1879746420525747,0.049412949663004024,3170
29454,0.18788018315926389,0.2073121224582234,0.18788018315926389,-0.009943185862332338,3171
24454,0.18782435878941764,0.19836312108018195,0.18782435878941764,0.1057190532879175,3172
28576,0.18777742879554843,0.22372951368527338,0.18777742879554843,-0.0007610487293008839,3173
24782,0.1877669016345963,0.2978798618424945,0.1877669016345963,0.00018758133993729276,3174
23743,0.18775254626409313,0.21354070218686041,0.18775254626409313,-0.004427605357820497,3175
22600,0.18774404986827667,0.2762205184554253,0.18774404986827667,0.01166955036470163,3176
24448,0.18770726237868057,0.29963945048315355,0.18770726237868057,0.00827072120826522,3177
27239,0.18755150790311675,0.2538691036605167,0.18755150790311675,-0.006982155235565113,3178
25798,0.1875360170212318,0.440814534095836,0.1875360170212318,0.017986294787234014,3179
27338,0.1875234794571347,0.6155558623877305,0.1875234794571347,0.0,3180
24196,0.187466590894972,0.23140626286457558,0.187466590894972,5.1862319866813333e-05,3181
22803,0.18745587657539317,0.3157299113066909,0.18745587657539317,0.011934255871264787,3182
25267,0.18739568749154376,0.2038270187725296,0.18739568749154376,0.17017165991948754,3183
25804,0.18737493793015772,0.3664928942503604,0.18737493793015772,-0.0024283230248149934,3184
21116,0.18736374830165603,0.3931665946627669,0.18736374830165603,0.021026678722158687,3185
28228,0.18733183635300563,0.2467371815155187,0.18733183635300563,-0.0015617937212074051,3186
26594,0.1873233880323882,0.31120237559025504,0.1873233880323882,0.05165356180696967,3187
23217,0.18731769767516027,0.4287955301573344,0.18731769767516027,0.017614692607529903,3188
24686,0.18729763304185337,0.22232474614263767,0.18729763304185337,0.00034940882042810983,3189
29128,0.18727628121901718,0.3466809847106724,0.18727628121901718,0.14611844428326964,3190
20487,0.18725965815014706,0.3271271578963488,0.18725965815014706,0.02101073083634697,3191
22083,0.1872353941671539,0.22131253568904785,0.1872353941671539,0.02366694909394984,3192
27154,0.18704498397176003,0.18891029789198774,0.18704498397176003,0.009865363597383103,3193
27273,0.18697765871087363,0.2933905288987109,0.18697765871087363,0.02313520239700745,3194
21481,0.18693162140556718,0.536133866615408,0.18693162140556718,0.002065711475986831,3195
23425,0.1868953882540926,0.19942456795983649,0.1868953882540926,0.09293534752466706,3196
26931,0.1868642565285634,0.42983715510693193,0.1868642565285634,0.0,3197
29370,0.18679239776482023,0.31067976357142474,0.18679239776482023,-0.005895439878921271,3198
23663,0.1867610718639768,0.4012786700328445,0.1867610718639768,0.0,3199
20847,0.18670935036442776,0.3558094536330471,0.18670935036442776,0.02998684219985026,3200
25208,0.18670896550771815,0.1958494859145776,0.18670896550771815,0.05882324506294945,3201
21336,0.18670757790322456,0.538472191665103,0.18670757790322456,0.024892050027151558,3202
27798,0.18669440234621146,0.32559488636553563,0.18669440234621146,0.011752441449124629,3203
28866,0.18667296097988745,0.2602429590083817,0.18667296097988745,0.007870441614096946,3204
23859,0.18662630093586194,0.31299497526200004,0.18662630093586194,0.02577791015722719,3205
28092,0.18659718363059835,0.35277961185275003,0.18659718363059835,0.0313233292888736,3206
24574,0.18655180758769457,0.22161221386632296,0.18655180758769457,0.14887833516561932,3207
23628,0.18639574702795067,0.4039909726705621,0.18639574702795067,0.019322848359663747,3208
21565,0.18631446364746962,0.2512007994249814,0.18631446364746962,-0.007978571611810259,3209
27871,0.18627441254245916,0.23226034802300016,0.18627441254245916,0.16458480081055518,3210
26623,0.18594894296955256,0.6993606198492078,0.18594894296955256,0.0019670228256488675,3211
29093,0.18593803014468557,0.6300024630305009,0.18593803014468557,0.018257796921891556,3212
27349,0.18583772261590714,0.5860655628460939,0.18583772261590714,0.0080633223918809,3213
23442,0.1857205461759241,0.45623109678361873,0.1857205461759241,-0.005158949451090078,3214
21076,0.18568308949302686,0.24510597560029757,0.18568308949302686,0.028822498704805022,3215
25628,0.18549370993691522,0.19410824935105556,0.18549370993691522,0.16949426186531316,3216
26419,0.18544885911452963,0.2860820736181948,0.18544885911452963,0.1131827292809891,3217
24334,0.18544277159171962,0.3889644395272939,0.18544277159171962,0.009914573319092068,3218
27627,0.18542015883823781,0.587770503971508,0.18542015883823781,-0.0029105506371551737,3219
23942,0.18535928712790142,0.36273107152889406,0.18535928712790142,0.00836988879108258,3220
29676,0.18523987651981852,0.1897165197886523,0.18523987651981852,0.03184401263246367,3221
22270,0.1852353160261423,0.21546248763959858,0.1852353160261423,0.04732167660182024,3222
29440,0.185116330541921,0.3954384686875472,0.185116330541921,0.025303133808402767,3223
24765,0.1850526333883677,0.44250470031067884,0.1850526333883677,3.583578478327798e-05,3224
21957,0.18498083358349526,0.3779975130894159,0.18498083358349526,-0.0024264071942641796,3225
25642,0.18484005156904626,0.7902870190166582,0.18484005156904626,0.02991778796588629,3226
21963,0.1848066967224171,0.3883302623249553,0.1848066967224171,0.04822205821098058,3227
25799,0.1847906327507507,0.4868643684402412,0.1847906327507507,0.03140208638047948,3228
22757,0.18478620228220538,0.49334449575729666,0.18478620228220538,0.01667704804834158,3229
28309,0.1847711096893987,0.2934366937417153,0.1847711096893987,0.0040549030785305695,3230
22516,0.1847480636184814,0.2147476089856791,0.1847480636184814,0.06136894808854035,3231
25402,0.18464792511129613,0.24695078509443566,0.18464792511129613,0.04922422854726349,3232
29615,0.18443674603754223,0.5286345829326415,0.18443674603754223,0.006413487225293002,3233
23601,0.1843313909106723,0.6156050094001421,0.1843313909106723,0.048031653912201544,3234
23856,0.18428830624900727,0.24814163416040735,0.18428830624900727,0.17083967044532594,3235
21931,0.18407608476468007,0.5292363890459577,0.18407608476468007,0.021515841464040952,3236
20870,0.18407064020409067,0.19935641190411027,0.18407064020409067,0.0686887313060045,3237
27754,0.18391166038623485,0.5920580782062409,0.18391166038623485,-0.0022591077494679146,3238
26511,0.18387780944019677,0.2444947192289633,0.18387780944019677,0.10487334376162755,3239
25146,0.183825908384955,0.35947949856603445,0.183825908384955,-0.00271730953315924,3240
24853,0.18382079035314514,0.8253495348926445,0.18382079035314514,0.0,3241
20656,0.18376162872399124,0.22948836007357087,0.18376162872399124,-0.0013211575183370017,3242
26502,0.1837512706837943,0.35390959347233586,0.1837512706837943,0.009409852101933958,3243
26176,0.1837170428405847,0.23571507662777397,0.1837170428405847,0.0625168521471271,3244
28010,0.183700004563433,0.19820191437419743,0.183700004563433,-0.0031927010201970862,3245
25684,0.18367200212524792,0.7648749050362802,0.18367200212524792,0.01701888717429556,3246
28342,0.18363406411127786,0.2660736493448428,0.18363406411127786,0.015469142166046945,3247
20019,0.18362702295483752,0.25229389126806556,0.18362702295483752,0.058668551933050206,3248
21252,0.1836240937597039,0.7159934406662501,0.1836240937597039,0.00819433660427138,3249
21048,0.18359808971716823,0.4509478371729411,0.18359808971716823,-0.002000417314774572,3250
26427,0.18358667722457717,0.18985078574964276,0.18358667722457717,0.04251924662395601,3251
24508,0.18345791725505628,0.28020055098746716,0.18345791725505628,0.042346619719322964,3252
27800,0.18344505870255573,0.6087550377329801,0.18344505870255573,0.019230664301660982,3253
27295,0.1834157849789035,0.26381670680707864,0.1834157849789035,0.024982646625452576,3254
22704,0.1833979513495966,0.2023662037440124,0.1833979513495966,0.035396733982256345,3255
21283,0.18338646813642573,0.34891047905582684,0.18338646813642573,0.01513791643899659,3256
21017,0.18314517957366508,0.3190534925128708,0.18314517957366508,0.054061647660400836,3257
21597,0.18310436625551418,0.20571184432175998,0.18310436625551418,-0.014600405070182787,3258
27426,0.18305934412336475,0.3453411527504856,0.18305934412336475,0.01791928278220456,3259
21393,0.18297306162819532,0.23863249807435727,0.18297306162819532,0.11254104256758038,3260
23698,0.18296306162108084,0.2254074794425651,0.18296306162108084,0.01589364602885973,3261
28217,0.18292371655983325,0.31233012051857634,0.18292371655983325,0.04421431035269702,3262
20417,0.1828705449638365,0.23490293083651528,0.1828705449638365,0.01796916123745973,3263
25445,0.18286186452636194,0.3019556828079195,0.18286186452636194,-0.0023948222014724685,3264
20159,0.18283670105632327,0.3656540929668344,0.18283670105632327,0.052004839482494014,3265
26636,0.18262211469690404,0.28552428431349686,0.18262211469690404,0.004158644814710399,3266
28977,0.1826194408857964,0.2465150640563211,0.1826194408857964,0.013792293403655731,3267
24833,0.18256754878719358,0.40610058583997116,0.18256754878719358,0.12037782220550819,3268
27115,0.18242880784178525,0.18844578603288425,0.18242880784178525,0.052947341537031845,3269
23516,0.1823618628967085,0.19467580484821506,0.1823618628967085,0.004599031961339289,3270
21300,0.1823407002129962,0.2136078393040297,0.1823407002129962,0.010871522728714389,3271
26382,0.18222849051279127,0.2772896530285761,0.18222849051279127,0.02594955849076841,3272
21531,0.18220384515172372,0.5383619730314629,0.18220384515172372,0.01208915663524196,3273
29306,0.18208218876104615,0.36635936192481977,0.18208218876104615,0.029613380641919373,3274
24073,0.18203740925498424,0.2687872885919967,0.18203740925498424,0.10781671411319069,3275
29041,0.1820253192451392,0.23953078116362964,0.1820253192451392,0.02617288554294117,3276
25361,0.1820110562415035,0.6172316652334635,0.1820110562415035,0.005663396569354551,3277
26721,0.18200190604540503,0.2020154383064202,0.18200190604540503,0.12747463913027335,3278
28379,0.181922753581651,0.6884405443732615,0.181922753581651,0.005713254282837088,3279
25991,0.18191326209216666,0.2018064454840077,0.18191326209216666,0.0659793109103517,3280
22900,0.18184340596968063,0.3633932215829038,0.18184340596968063,0.015617931734972834,3281
20648,0.18166548819393616,0.24799591838592452,0.18166548819393616,0.1611059252901625,3282
22371,0.18161341489776844,0.18997796322716537,0.18161341489776844,0.006803312162315389,3283
28893,0.18153191668283666,0.2513399267604787,0.18153191668283666,0.03893720930497918,3284
27430,0.18144968664134392,0.23000213768640185,0.18144968664134392,0.05261923142347924,3285
27733,0.181228298707925,0.2950766188988853,0.181228298707925,0.021254644117703614,3286
25718,0.18120123798941434,0.8645922359651412,0.18120123798941434,0.022238701273736394,3287
22320,0.18108691721294926,0.33104206536965974,0.18108691721294926,0.013713510787451089,3288
26334,0.1810801758510574,0.20718578478137292,0.1810801758510574,0.01275834166661527,3289
27249,0.18102416892652823,0.22615183360527116,0.18102416892652823,-0.016942365496702638,3290
26063,0.18097782969780174,0.2235543497204928,0.18097782969780174,0.05084540034793639,3291
26374,0.18091744160564718,0.30628025812909404,0.18091744160564718,0.01909613223239326,3292
22626,0.18090260430848581,0.28810811128090963,0.18090260430848581,0.043001853083974084,3293
23382,0.18083625842722814,0.35012020917290454,0.18083625842722814,0.08426705491635139,3294
26690,0.1807796394053541,0.32531333102656823,0.1807796394053541,0.0303759180220482,3295
28598,0.1807304322208213,0.2786213297869862,0.1807304322208213,0.01978037174042535,3296
29493,0.18057510956424966,0.21317874968672806,0.18057510956424966,0.13223069644828161,3297
20915,0.1805574617438715,0.1855534961588464,0.1805574617438715,0.0542538155456147,3298
28285,0.18045641045810992,0.39987669694001154,0.18045641045810992,0.03839419699822538,3299
20662,0.1804518710640764,0.33706515742620613,0.1804518710640764,0.008774757431374736,3300
27709,0.1803720886860992,0.186091949924219,0.1803720886860992,0.06395530907247027,3301
27837,0.1802983953332312,0.184726126807011,0.1802983953332312,0.09664700801807069,3302
26131,0.18024797560098282,0.5217105386201428,0.18024797560098282,0.04948187208028226,3303
25683,0.1802320639578625,0.37275743191373767,0.1802320639578625,-0.0008488143372107904,3304
23375,0.18019983880800794,0.20032797514015563,0.18019983880800794,0.07568109766271591,3305
26282,0.18016523445044663,0.4350910692095962,0.18016523445044663,-0.0017512174155422944,3306
26024,0.17997967555368016,0.19488048007993392,0.17997967555368016,0.03644890819414437,3307
22233,0.1799712346524301,0.5001185637247328,0.1799712346524301,0.020266555399842845,3308
29914,0.17990708688287715,0.33922458065597927,0.17990708688287715,0.0382219902836613,3309
21507,0.17986675697654408,0.37401870223208966,0.17986675697654408,0.018579212206729645,3310
25400,0.17972433247055963,0.32581802832413737,0.17972433247055963,-0.0024286254123282447,3311
28177,0.1795715755042838,0.3717016829472166,0.1795715755042838,0.03461630699781937,3312
28804,0.179557613781518,0.23495606216414774,0.179557613781518,0.023595982342635047,3313
25137,0.17941169785513228,0.2441992914132957,0.17941169785513228,0.054825270246848246,3314
23796,0.1793977048150483,0.19163965210514652,0.1793977048150483,0.024516443170024826,3315
25213,0.17937972701934768,0.4072983130623675,0.17937972701934768,0.03063616973008715,3316
26289,0.17934083138429455,0.20019821385563416,0.17934083138429455,0.13550774062899734,3317
21633,0.17932387402413025,0.20022510397393434,0.17932387402413025,0.00653984687427378,3318
21002,0.17925017859292125,0.3680184483630088,0.17925017859292125,0.002992034057618831,3319
24875,0.17915437287980507,0.19783321261058617,0.17915437287980507,0.12107844031372855,3320
23949,0.17913951746844214,0.24492282898395482,0.17913951746844214,0.02337461348642228,3321
26833,0.179098038868163,0.18926322159355802,0.179098038868163,0.015216064613515795,3322
21909,0.17906951529607712,0.29023158959563894,0.17906951529607712,0.028497619822526243,3323
28269,0.17900009096970015,0.7194262318736648,0.17900009096970015,0.0,3324
27706,0.17897783810380274,0.20870372356244885,0.17897783810380274,0.14012154658426668,3325
25765,0.1789547124672761,0.4181094938299191,0.1789547124672761,0.05163479923786268,3326
27035,0.1789336713141468,0.23029275217256673,0.1789336713141468,0.12964567146123146,3327
21112,0.1788491583307979,0.5090395120861101,0.1788491583307979,0.0007890846286490172,3328
24141,0.17884218073487362,0.2587223430059092,0.17884218073487362,0.019254988908054937,3329
22425,0.17879301865791747,0.22733076150368484,0.17879301865791747,0.028144588211267807,3330
28851,0.17877508507226214,0.5588964107239772,0.17877508507226214,-0.0012851258580314218,3331
29320,0.17867160535795382,0.21273403369960409,0.17867160535795382,0.020678363357434226,3332
23825,0.1786649434751702,0.2085189163171482,0.1786649434751702,-0.01046420180216684,3333
29004,0.17853932262338087,0.20040476480820654,0.17853932262338087,0.055806341845755336,3334
21219,0.17829466821431333,0.19316923561083596,0.17829466821431333,0.1278077878994452,3335
22071,0.17826220901358414,0.271700689493256,0.17826220901358414,0.011046921223994755,3336
24197,0.17820142240711445,0.2122648790974934,0.17820142240711445,-0.003540728863389131,3337
28680,0.1781679127155353,0.32506605242738695,0.1781679127155353,0.00024846191422617236,3338
28007,0.17798237697250285,0.20979013377295327,0.17798237697250285,0.06162546777939948,3339
22069,0.17796375920420346,0.18258362678282697,0.17796375920420346,0.07945294145389695,3340
27792,0.17795538950599993,0.36061970113122804,0.17795538950599993,0.013364960067127452,3341
22771,0.1779159559078647,0.5670592140540063,0.1779159559078647,-0.0016519987976633121,3342
22863,0.1778739297463045,0.18702579350149617,0.1778739297463045,0.039314502214928965,3343
26359,0.17785525908162628,0.2837411069044997,0.17785525908162628,0.0017952978395127106,3344
22586,0.17775473792320268,0.21670797772199185,0.17775473792320268,0.20916189537033877,3345
24336,0.17760141583775818,0.2157801548397966,0.17760141583775818,-0.016761545412159295,3346
25353,0.17757512655810156,0.3990757337787333,0.17757512655810156,0.0007723294969922412,3347
28962,0.177473229474928,0.23468351860162157,0.177473229474928,0.01520990182268056,3348
23357,0.17745137216280352,0.22418489780625644,0.17745137216280352,0.025443888764109274,3349
28881,0.17740956973226185,0.22721256937651602,0.17740956973226185,0.16643804087977077,3350
28526,0.1772969120145842,0.19010216412686914,0.1772969120145842,0.08606202384032427,3351
20013,0.17726248529148345,0.18197716041537196,0.17726248529148345,0.15909991618752475,3352
28586,0.17726026510457638,0.1823355479247505,0.17726026510457638,-0.0042590256426642825,3353
24486,0.17722501216769893,0.327844165862291,0.17722501216769893,0.008717253238723743,3354
24802,0.1771912782060671,0.35293385606903116,0.1771912782060671,0.010827196144564677,3355
20169,0.17713765942314094,0.20283328904808573,0.17713765942314094,0.11886733384877107,3356
23994,0.17706977367804627,0.19102300032861183,0.17706977367804627,0.040867146179498215,3357
23238,0.1768810872819372,0.1923082847148548,0.1768810872819372,0.07864270749609553,3358
24650,0.17684477115860228,0.23927863369555769,0.17684477115860228,0.11168799553654424,3359
29826,0.17679112857973409,0.1836068989406876,0.17679112857973409,0.0708610839380428,3360
27986,0.17674071321624274,0.22277142044416007,0.17674071321624274,0.10359096498206632,3361
25891,0.1767379350520903,0.3102386456412336,0.1767379350520903,0.02733017730681586,3362
27716,0.1767323812526901,0.38216951701550755,0.1767323812526901,0.013968488671361468,3363
26210,0.17667621229981476,0.3039054859132197,0.17667621229981476,-0.0024280459569736568,3364
22110,0.17652578635799557,0.18999054099382096,0.17652578635799557,0.057788531065673054,3365
25915,0.176461271300131,0.7322733862023755,0.176461271300131,0.0,3366
26246,0.17638524240961395,0.42726047391039873,0.17638524240961395,0.03312242368214041,3367
26310,0.17628140399890344,0.2486173938042796,0.17628140399890344,0.11858401468504493,3368
22182,0.17622331507593114,0.2377935292813977,0.17622331507593114,0.06105443171128494,3369
23337,0.1762051236673184,0.1780560800288264,0.1762051236673184,0.14003740709016496,3370
26035,0.17616437898947132,0.17803782473637778,0.17616437898947132,0.17988100285355596,3371
21924,0.17601254660795373,0.20546721675254778,0.17601254660795373,0.07083673298039886,3372
27976,0.17596884221098094,0.3354885846430145,0.17596884221098094,0.026835182636206767,3373
22606,0.17595145378755578,0.24189050335816878,0.17595145378755578,0.06719923697116092,3374
21005,0.17593453466312464,0.32087859629412596,0.17593453466312464,0.02894881477811495,3375
27049,0.17588675811209506,0.20378770461727386,0.17588675811209506,0.00391755869888466,3376
26050,0.1758813940586768,0.23060671247537395,0.1758813940586768,0.009596387272623963,3377
27022,0.1758522324456495,0.18414123197246635,0.1758522324456495,0.13925252586308612,3378
26003,0.175833950282288,0.27890291109113374,0.175833950282288,0.11372741818832477,3379
24678,0.17580039117532506,0.18850688755749812,0.17580039117532506,0.00040785750497129847,3380
29182,0.17572503378664955,0.624294172543417,0.17572503378664955,0.0179379327028395,3381
24544,0.17570828748432676,0.2529300385019893,0.17570828748432676,0.12261532009508064,3382
21366,0.1757021321888056,0.3664620373767764,0.1757021321888056,0.056061538452735205,3383
20471,0.17568700328929263,0.4064311357535102,0.17568700328929263,0.0026082670741512937,3384
28803,0.17568588282945943,0.3750526003572332,0.17568588282945943,0.005849655549310717,3385
23619,0.1756270512234281,0.27770909477044436,0.1756270512234281,0.02648857178271702,3386
23461,0.17556840704765722,0.1807765439234768,0.17556840704765722,0.11359886220303841,3387
20987,0.1755591261594463,0.26823509339671286,0.1755591261594463,0.003985818529799623,3388
28120,0.17553891270875152,0.24282887193177838,0.17553891270875152,0.017659028260820775,3389
27404,0.17543473426313322,0.23487777182155123,0.17543473426313322,0.0868989426673629,3390
22943,0.17539873917683457,0.4151111073386372,0.17539873917683457,0.05423390178641202,3391
29292,0.17536844517819966,0.5773111574204148,0.17536844517819966,-0.00032068291454889764,3392
24341,0.17521124620025302,0.4743389821100683,0.17521124620025302,0.014037930065223914,3393
29387,0.17515112658436482,0.35922597016384106,0.17515112658436482,0.017356173513874973,3394
23602,0.17492786471172994,0.3831542459167037,0.17492786471172994,0.04401885044401305,3395
28414,0.1748993777356408,0.2855862987320762,0.1748993777356408,0.0208498490459873,3396
24496,0.17488039660259794,0.3715039594796315,0.17488039660259794,0.027531529225129636,3397
26301,0.17483986642747995,0.18844458865473332,0.17483986642747995,0.025201342359097767,3398
22254,0.17475011337542742,0.21561802243164543,0.17475011337542742,-0.011452879456282844,3399
25226,0.17457166833174456,0.18557229141942144,0.17457166833174456,0.009854230987248802,3400
25852,0.1744336707817271,0.1858724203302616,0.1744336707817271,0.04568754126295965,3401
29540,0.17441231930296228,0.22130968997893213,0.17441231930296228,0.008240333270820188,3402
25826,0.17440934884426207,0.3887164998318082,0.17440934884426207,0.01809313157967385,3403
21264,0.17435152373565138,0.18879811556832862,0.17435152373565138,0.22964221183159012,3404
29254,0.17418109071666799,0.6873066484060908,0.17418109071666799,0.001856448827218804,3405
22936,0.17416672781971776,0.2835783263571248,0.17416672781971776,0.04019284052277999,3406
20587,0.17409052397716218,0.22005464706044217,0.17409052397716218,-0.01678595544444328,3407
27428,0.1740825111023419,0.18291824481039942,0.1740825111023419,0.027144694112371914,3408
22491,0.17392454457068823,0.2028935359598469,0.17392454457068823,0.19893802200800065,3409
24898,0.17388639745295392,0.5999509589601617,0.17388639745295392,0.032171991679557754,3410
21670,0.17387973491700853,0.4290383772982109,0.17387973491700853,0.029440416569334382,3411
22652,0.17380127235877027,0.3963679082289662,0.17380127235877027,0.01637479521648011,3412
29321,0.17369247908995822,0.38335975066808,0.17369247908995822,0.009808086665673343,3413
20696,0.17367492935381684,0.19544090575098916,0.17367492935381684,0.09829144297781348,3414
27527,0.17366317547285057,0.23539626118702067,0.17366317547285057,0.022234301448294025,3415
25258,0.17358774329355017,0.17679265518100065,0.17358774329355017,0.18922484974663617,3416
26642,0.17356771961728823,0.47150856868857843,0.17356771961728823,0.01092714310599685,3417
25450,0.17355289613001076,0.18435652602638206,0.17355289613001076,0.0500577260817483,3418
20268,0.17349048028139477,0.24131393015267813,0.17349048028139477,-0.002280947651017995,3419
23799,0.17346055593662832,0.30707264489323616,0.17346055593662832,-0.001566635166436403,3420
21077,0.17343657466355963,0.1961682724093279,0.17343657466355963,0.006831973957310972,3421
29371,0.17339744823170952,0.3531134391493847,0.17339744823170952,0.014402763848355926,3422
23807,0.17337289530417876,0.4314550187952465,0.17337289530417876,0.010024454919208892,3423
22806,0.17336202496242964,0.4427412403840881,0.17336202496242964,-0.0012335403378324616,3424
20964,0.17332056934654938,0.28057318078786836,0.17332056934654938,-0.03885461513020666,3425
21953,0.1733197639803774,0.4325252020757221,0.1733197639803774,0.012233575059600321,3426
20290,0.1732028279683117,0.6479908780032169,0.1732028279683117,0.017280675787006428,3427
27705,0.1731962767458288,0.274245210067353,0.1731962767458288,3.548986206847182e-05,3428
20419,0.1731906792041854,0.5329718966563044,0.1731906792041854,0.0032381706028568047,3429
24653,0.1731761577353813,0.251127996056964,0.1731761577353813,0.03460907330625873,3430
24625,0.17305868222674442,0.22481225566200053,0.17305868222674442,0.04539379813051714,3431
27543,0.17302840500441208,0.5235953754037426,0.17302840500441208,0.0,3432
21678,0.17302519687890258,0.2068388367944455,0.17302519687890258,-0.008433011416399294,3433
28590,0.17294922655500622,0.4529416835486261,0.17294922655500622,0.0038434894398680086,3434
20254,0.1728763922354346,0.19887208337774007,0.1728763922354346,0.026843336846839705,3435
27937,0.17286340854550508,0.39139332318064046,0.17286340854550508,0.039904538036712234,3436
24769,0.17285858376902297,0.6436083046677409,0.17285858376902297,0.006667020852290095,3437
28634,0.1728223640520857,0.2520054269760141,0.1728223640520857,0.11474436190617593,3438
25221,0.1727728026006527,0.401053664858579,0.1727728026006527,0.028138966985238878,3439
25831,0.17275458514893793,0.7815927214964192,0.17275458514893793,0.010541878106371305,3440
25902,0.17269941297445707,0.22866475518703935,0.17269941297445707,0.04873098194545428,3441
20701,0.17269378248899572,0.1979970165804707,0.17269378248899572,0.12937199591147733,3442
20225,0.17266928275395557,0.34019702931605883,0.17266928275395557,0.016018181138577336,3443
25238,0.172562817131448,0.18526986460472017,0.172562817131448,0.05694930698315631,3444
25408,0.17250647233618488,0.19091666842674976,0.17250647233618488,0.11005191279663001,3445
27290,0.17231711464937738,0.22783121355433558,0.17231711464937738,0.03536742622608846,3446
24764,0.17225758330006358,0.45416893436449685,0.17225758330006358,0.003996014632837441,3447
23861,0.1722418130621376,0.2900483721939005,0.1722418130621376,-0.0023810749970529232,3448
23672,0.17216954603649992,0.2915982408000279,0.17216954603649992,0.009067670011013995,3449
20536,0.17209025195638794,0.5596046371130251,0.17209025195638794,0.06323208850887452,3450
20813,0.17208360855368687,0.18191282546572785,0.17208360855368687,0.019236666134002933,3451
24246,0.17207087865776868,0.22273115320459166,0.17207087865776868,0.03903556885619708,3452
23160,0.17199124240062547,0.6675173315247237,0.17199124240062547,0.0,3453
24744,0.17192399586356324,0.21430884131150685,0.17192399586356324,0.058123607112820885,3454
27712,0.17192337442239083,0.34157664580171726,0.17192337442239083,0.03092362597472542,3455
20358,0.17187766935372092,0.20472577017520455,0.17187766935372092,0.1252564303370377,3456
23252,0.1717546553934728,0.2765718002811815,0.1717546553934728,0.015797142318344448,3457
29309,0.17174584976373947,0.26103697928023195,0.17174584976373947,0.04987204062553424,3458
26110,0.17154843363379785,0.4881770566615713,0.17154843363379785,0.05671032091071698,3459
26956,0.17147564918616864,0.18537547699986215,0.17147564918616864,0.041273616974124405,3460
25544,0.17141416601056375,0.3215060584986891,0.17141416601056375,0.010451635304030482,3461
25338,0.17138539234843309,0.4811905369899514,0.17138539234843309,0.021551495937632392,3462
20724,0.17135870197232073,0.1800168883414197,0.17135870197232073,-0.0009616641437829587,3463
24775,0.17135863666420928,0.20403289938826463,0.17135863666420928,0.008894089888457468,3464
25790,0.1713476973903381,0.19635221772936476,0.1713476973903381,0.04860932564121784,3465
28375,0.17128408092122516,0.18031611726379954,0.17128408092122516,-0.032881585269994795,3466
25477,0.1712729888664752,0.3258230719706971,0.1712729888664752,0.05970324290748413,3467
25591,0.17123177629541414,0.18498301698551017,0.17123177629541414,0.19430462896498793,3468
25273,0.1711444320572299,0.23382122844995806,0.1711444320572299,0.021606897754638366,3469
27729,0.17102180278264018,0.5803605659789792,0.17102180278264018,0.02609783833617585,3470
22401,0.17101850046499056,0.2561429807971668,0.17101850046499056,0.0036323454919460207,3471
25357,0.17100793981884022,0.7316837906052934,0.17100793981884022,0.004021544087456919,3472
26935,0.17099503337983077,0.1959762563884637,0.17099503337983077,0.008625619296237452,3473
22894,0.1709531496641632,0.18305906326669275,0.1709531496641632,0.039360960905898135,3474
29035,0.1709337630686203,0.7239056528822245,0.1709337630686203,0.060659573994173765,3475
22192,0.17089477567181732,0.6797159454777081,0.17089477567181732,0.025840238063984278,3476
29251,0.17085497856981607,0.17639002360626138,0.17085497856981607,0.1373030385413259,3477
21303,0.1708242046690554,0.2918009180076415,0.1708242046690554,0.12308773683989205,3478
25043,0.17070941501430895,0.18518759422775624,0.17070941501430895,0.04130248665956299,3479
25124,0.1705920377872074,0.17722883058868258,0.1705920377872074,0.1620961063061186,3480
23597,0.17057100872910466,0.38891508322318985,0.17057100872910466,-0.0032019766962960716,3481
25319,0.1705633653730271,0.17520333841974087,0.1705633653730271,0.06318712580243005,3482
24416,0.17049268255068328,0.1879281973232751,0.17049268255068328,0.010175651363715787,3483
22724,0.1703132289887282,0.34349610016109505,0.1703132289887282,-0.004000922594017409,3484
23914,0.17027731897039564,0.38187246042592404,0.17027731897039564,-0.001050517853604327,3485
26209,0.1700611104228805,0.1806043406315361,0.1700611104228805,0.08030913318164792,3486
22821,0.17005564881030266,0.7341894921708376,0.17005564881030266,-0.0012377311717678419,3487
28730,0.17002156278858382,0.2058843680397603,0.17002156278858382,-0.010549191248334144,3488
28925,0.1699815272012417,0.7729093780957131,0.1699815272012417,0.023547312755065164,3489
23361,0.1699503785003441,0.4078486054086559,0.1699503785003441,-0.02222373357129126,3490
23930,0.16991862260433785,0.4054095017791856,0.16991862260433785,0.026446332827820163,3491
28303,0.1698750799663423,0.33172045321637683,0.1698750799663423,0.0014023696574724798,3492
21568,0.16974737448561084,0.7381852214886894,0.16974737448561084,0.010958467050127818,3493
20398,0.16962651283894165,0.19516055093494183,0.16962651283894165,0.10442837506714875,3494
27794,0.16951784605199846,0.19829050800617917,0.16951784605199846,0.05134321409909198,3495
20584,0.16949804207177555,0.17445561251792097,0.16949804207177555,0.15076816660737893,3496
20037,0.16949620748108016,0.1965890738108267,0.16949620748108016,0.17083625376283584,3497
21044,0.16945757695430602,0.19169605316755142,0.16945757695430602,0.02477728439519683,3498
25444,0.16945138297224133,0.24124171338726802,0.16945138297224133,0.01355661498193761,3499
24034,0.16942975403562072,0.2105043350246021,0.16942975403562072,0.028790699735431913,3500
27044,0.16942359765588266,0.29706619699892084,0.16942359765588266,-0.0033463320832385346,3501
20213,0.16940760918342196,0.46195306537372915,0.16940760918342196,0.01709085695570778,3502
24504,0.16938382749651248,0.18499340953444524,0.16938382749651248,0.12967615173391325,3503
25072,0.16937906924201468,0.5216964419150864,0.16937906924201468,0.0,3504
24953,0.1693411801737345,0.37875277741569896,0.1693411801737345,0.0185674368838048,3505
26917,0.16930927670127455,0.18720216665101888,0.16930927670127455,0.0,3506
25596,0.1691188624138829,0.2347446314402336,0.1691188624138829,0.043973292413781895,3507
25041,0.16905873036539695,0.348209589409907,0.16905873036539695,0.007385291325575916,3508
28969,0.16900396482420646,0.36239040264056044,0.16900396482420646,0.0473986494308134,3509
27032,0.16895078465391103,0.30857117898364295,0.16895078465391103,0.0002659843635202108,3510
20190,0.16882970736332673,0.22911513262183986,0.16882970736332673,0.007277473408976665,3511
28158,0.1686476253785963,0.5216158975404759,0.1686476253785963,0.030014956212754185,3512
26273,0.1686059712441817,0.3754381646664824,0.1686059712441817,0.06107333724332653,3513
20801,0.16849636377328345,0.25652377612506505,0.16849636377328345,0.0650551496838715,3514
26764,0.16846158935213476,0.4010823911964159,0.16846158935213476,0.013512852044238133,3515
24085,0.16845134247223198,0.20537078313909818,0.16845134247223198,0.006242652776980995,3516
20992,0.16841777663821156,0.7149139913336374,0.16841777663821156,0.0,3517
24921,0.16829050667921652,0.22807284594047986,0.16829050667921652,0.025018969793839274,3518
22994,0.16802330264685295,0.1898180835691198,0.16802330264685295,0.19487698242097815,3519
22747,0.16801229371961485,0.17163538872127407,0.16801229371961485,0.037540646103459474,3520
29046,0.16799286921998907,0.17478659840484348,0.16799286921998907,-0.0008970800670856649,3521
23791,0.16791307305064326,0.407334865380768,0.16791307305064326,0.02077050928718438,3522
26531,0.16790576080445696,0.4780307361880325,0.16790576080445696,0.03433238884544332,3523
27607,0.16777045626582424,0.1730700359726623,0.16777045626582424,0.07789024304975728,3524
29187,0.16761970840938978,0.7111674812596166,0.16761970840938978,0.0020117780208454006,3525
24036,0.16731474701686314,0.19990951698394388,0.16731474701686314,0.022491277137810795,3526
21954,0.16731162694605048,0.3738160505384437,0.16731162694605048,-0.00028821275754870035,3527
24093,0.16721803174598596,0.2595172011457536,0.16721803174598596,0.04621415738689705,3528
26400,0.16704801102817857,0.5130791550565796,0.16704801102817857,-0.0023267816655128115,3529
23959,0.16704564046177087,0.20517649663168236,0.16704564046177087,0.1409686458392237,3530
25988,0.16704454627653154,0.17952894130051195,0.16704454627653154,0.030506270706287753,3531
28277,0.1670367332469801,0.5195237696681141,0.1670367332469801,0.022587030987721635,3532
20997,0.16701463352277296,0.20939282670506143,0.16701463352277296,0.018469600002929243,3533
26705,0.16693209987080904,0.5839559790130191,0.16693209987080904,0.0023853140346071777,3534
29185,0.16689467744478403,0.8227792322287216,0.16689467744478403,0.0,3535
27457,0.16674335166196647,0.321841488122604,0.16674335166196647,-0.0036922651882942414,3536
28528,0.16671791213220005,0.22532221348417256,0.16671791213220005,0.012822605331592074,3537
24612,0.16669018320525686,0.35386016480700827,0.16669018320525686,0.002362333934814609,3538
29683,0.16661798509124806,0.1965637831135002,0.16661798509124806,0.0897072992158276,3539
25761,0.16655063124934905,0.2887492958033545,0.16655063124934905,0.019637557584815946,3540
29203,0.166465111598809,0.5990109331721406,0.166465111598809,0.029531764933746207,3541
29919,0.16643086532509643,0.5274637293872735,0.16643086532509643,0.021476629995580088,3542
24055,0.16640627775120026,0.3410098512637171,0.16640627775120026,0.008228313036180157,3543
21955,0.1663598504288024,0.30257344045929124,0.1663598504288024,0.01873793913027444,3544
29340,0.1663300768135615,0.21679551714564713,0.1663300768135615,-0.012516505078119244,3545
28323,0.16617334563878108,0.225132870915546,0.16617334563878108,0.0360335467423909,3546
29197,0.16614927128141949,0.22549400903123082,0.16614927128141949,0.05680483024607108,3547
23326,0.1661045938762556,0.21290129416284226,0.1661045938762556,0.08546059731389538,3548
22520,0.16604952060139389,0.7966788590170503,0.16604952060139389,0.0029787613069519603,3549
24788,0.1660441730159868,0.3667606242606684,0.1660441730159868,0.053661333226568575,3550
20163,0.16588725068392035,0.22864115335452417,0.16588725068392035,0.08301163726023897,3551
24538,0.16588333632911034,0.4659814027430736,0.16588333632911034,-0.01578594618424567,3552
23344,0.1658769051811102,0.1820285470543129,0.1658769051811102,0.059172260354286396,3553
24483,0.1658561705484085,0.22340921741327124,0.1658561705484085,-0.002110624814811557,3554
20545,0.16578505330669613,0.1983273487351797,0.16578505330669613,0.04785944977571038,3555
28406,0.16567965845790875,0.2189924071488856,0.16567965845790875,0.1895221229878915,3556
29050,0.16562321570298175,0.19278131058169998,0.16562321570298175,0.04108157480932681,3557
24397,0.16548923556589346,0.5630706941614959,0.16548923556589346,0.016952766774052552,3558
22450,0.16542353358854117,0.1866321187897167,0.16542353358854117,0.0037007482490671872,3559
21751,0.16538778166923393,0.2020073319632742,0.16538778166923393,0.02285852850070519,3560
24518,0.1653123879834849,0.211733172833989,0.1653123879834849,-0.002247937900943353,3561
25523,0.1651704587459279,0.2215582818350559,0.1651704587459279,0.06652558347127963,3562
27116,0.16515683802579972,0.7497707886352808,0.16515683802579972,0.03077497710599697,3563
26323,0.16512977399918444,0.16735955856552467,0.16512977399918444,0.14336661529304381,3564
21288,0.16493230153203994,0.1878485495695596,0.16493230153203994,-0.010151529462061104,3565
22282,0.16488384575777204,0.20285551789230125,0.16488384575777204,0.019535432815391274,3566
25597,0.16474700576602597,0.7360774622412114,0.16474700576602597,0.0,3567
25063,0.164733517534018,0.18211109567852501,0.164733517534018,0.09469071362372539,3568
25497,0.16464478882107722,0.1706760549728325,0.16464478882107722,0.12522451778505211,3569
28218,0.16453680361040107,0.2630710121544297,0.16453680361040107,0.20050971800603654,3570
21424,0.16453649135141207,0.4232637705990398,0.16453649135141207,0.11519728583554756,3571
21001,0.16447539140664824,0.21070126926930682,0.16447539140664824,0.0018846610259480867,3572
26926,0.16443616062658684,0.28341670320301315,0.16443616062658684,0.040362389818409394,3573
27874,0.16441885842031653,0.36239603984835894,0.16441885842031653,0.03800001200271863,3574
29653,0.16440629931395678,0.18235783987469606,0.16440629931395678,0.0434106708261493,3575
20130,0.16439781232213363,0.17752062869637508,0.16439781232213363,0.09840748090675397,3576
28233,0.16434615005883185,0.18507816461252635,0.16434615005883185,-0.027897556215583375,3577
20760,0.16431648841375435,0.28667215658550005,0.16431648841375435,0.01258431225495149,3578
27161,0.16427001219743323,0.3182817342573894,0.16427001219743323,0.041770836815914536,3579
20794,0.1641591164042741,0.18819931437315252,0.1641591164042741,0.0742274356005016,3580
25245,0.16414781026663494,0.342025389265378,0.16414781026663494,0.003702626998231928,3581
29883,0.16406603006676646,0.31152264328179896,0.16406603006676646,0.025379571681270474,3582
25964,0.16401513431015657,0.26509664961483687,0.16401513431015657,0.04754163369032649,3583
24167,0.16398076013833396,0.2822341499175504,0.16398076013833396,0.006220699215334524,3584
24752,0.16394550505539077,0.3028960187253565,0.16394550505539077,0.09638023063785767,3585
20841,0.1639425474412353,0.2144124976486441,0.1639425474412353,0.10679081540079222,3586
25171,0.16387805309332293,0.3891193800216249,0.16387805309332293,0.006197433501966443,3587
25954,0.16373685240804356,0.24750125092068498,0.16373685240804356,0.15205160893486436,3588
21691,0.16368188473895767,0.30268629818849296,0.16368188473895767,-0.012148555018256568,3589
29310,0.16353350873080394,0.19159548852686964,0.16353350873080394,0.010783504463325322,3590
26107,0.1634546203951746,0.409472802841286,0.1634546203951746,0.022326636465348937,3591
24346,0.16344597609270645,0.23653145073528742,0.16344597609270645,0.01669615568110666,3592
20216,0.1634172983634095,0.17533502940703258,0.1634172983634095,0.024712677289198348,3593
21223,0.16339239768970493,0.4497218689598674,0.16339239768970493,0.01844611428983267,3594
22392,0.16324348697481345,0.39807629662820226,0.16324348697481345,0.04185734588015061,3595
26215,0.1632212897192464,0.41260929089342674,0.1632212897192464,0.01744790426321252,3596
21137,0.16319859244332655,0.1931777378704781,0.16319859244332655,-0.005117462848334586,3597
23955,0.16319243085400856,0.3006067886354426,0.16319243085400856,-0.006631429878949158,3598
26959,0.16314697446910803,0.3133997448563387,0.16314697446910803,0.11632249054134514,3599
29843,0.16312091011680785,0.24625565002323932,0.16312091011680785,0.04678346497021035,3600
21013,0.16307258273694017,0.1914326121034949,0.16307258273694017,0.03705437304063347,3601
29582,0.1630327607614238,0.7972210432913034,0.1630327607614238,0.011040144923591622,3602
25223,0.16297042004066054,0.547283281823731,0.16297042004066054,0.0,3603
28430,0.16296437781671955,0.24467063680842255,0.16296437781671955,0.06521080329890966,3604
28899,0.16294633257141963,0.1756443766453161,0.16294633257141963,0.1331555636741426,3605
24646,0.16292127678809404,0.18956678398092985,0.16292127678809404,-0.009105589347153553,3606
26097,0.16286872517105916,0.2835005755544308,0.16286872517105916,-0.001533453279994046,3607
28210,0.16276025083464576,0.34652253501731195,0.16276025083464576,0.046561326033595474,3608
21950,0.1627080137025947,0.17348314410644858,0.1627080137025947,0.13792388193667912,3609
29876,0.1626008811237765,0.20424342542364277,0.1626008811237765,-0.030899284605934663,3610
28244,0.162594166820685,0.18644411268547811,0.162594166820685,0.017454276197945595,3611
28027,0.1625298044050121,0.3249224733008913,0.1625298044050121,-0.005764292310938335,3612
24931,0.16247793502050584,0.21908918521218798,0.16247793502050584,0.04505346289295653,3613
29700,0.16247643459862166,0.5810531278026932,0.16247643459862166,0.003595158847202795,3614
21741,0.16245185773026205,0.19657535889097377,0.16245185773026205,0.04002538977065723,3615
24720,0.16229922383820158,0.3529405363692692,0.16229922383820158,0.0049189566179407285,3616
28759,0.16215456461916072,0.23715550251344453,0.16215456461916072,-0.0013935719263160062,3617
27624,0.16214561025017382,0.3544049749334645,0.16214561025017382,0.22193223824466637,3618
22898,0.1621202502433824,0.20289144574132528,0.1621202502433824,0.05329449513618606,3619
29776,0.16208456856955505,0.3970843926040175,0.16208456856955505,-0.009006370960476406,3620
25828,0.16189344780734227,0.3941363980615558,0.16189344780734227,0.0,3621
23915,0.16174759229347027,0.32024729227312404,0.16174759229347027,0.031316019731025324,3622
23725,0.1617221537366733,0.30020041924538476,0.1617221537366733,0.12204146535091459,3623
25689,0.1616750587871033,0.6191226322156682,0.1616750587871033,-0.002348507705170255,3624
26699,0.16155724571994573,0.49715809355589485,0.16155724571994573,-0.0005842353815251888,3625
22480,0.1614925264912637,0.2488251286447124,0.1614925264912637,0.02131568577041093,3626
28751,0.16146889394740488,0.22412721642077338,0.16146889394740488,-0.009207886580969549,3627
20628,0.1614625066125656,0.19084582217949986,0.1614625066125656,0.05919565363276469,3628
29355,0.16139280073749673,0.30553610334836007,0.16139280073749673,0.044538914554555664,3629
25789,0.16135904318662903,0.17559273811477835,0.16135904318662903,0.03915834402810936,3630
20680,0.16123692310243154,0.7802991861605284,0.16123692310243154,-0.003160889858748517,3631
29896,0.16114520761414697,0.19365890003318137,0.16114520761414697,0.12086450243159169,3632
26043,0.16112716442120245,0.2562806562298771,0.16112716442120245,0.011736315040061729,3633
28550,0.16112545790259925,0.2913076493174251,0.16112545790259925,0.027815809244196577,3634
20565,0.1611203283349507,0.492961493440752,0.1611203283349507,0.02018262861762332,3635
25723,0.1611178556383156,0.2899280195710976,0.1611178556383156,0.009041685515823017,3636
25415,0.16103323810146997,0.1958417629300754,0.16103323810146997,0.008864749468884936,3637
24216,0.16092092625434648,0.20216822046139207,0.16092092625434648,0.01849323139503739,3638
20478,0.16086759777796297,0.2561389860752582,0.16086759777796297,0.07084547002763031,3639
29841,0.1608329224592979,0.2003137609054211,0.1608329224592979,0.016993425791939798,3640
22779,0.1607999099520312,0.29012928741174027,0.1607999099520312,0.035516443218541915,3641
25647,0.1607787875048743,0.16521748579795342,0.1607787875048743,0.053584109776197875,3642
20108,0.16076882884338659,0.19537719333284453,0.16076882884338659,0.11794093452248247,3643
22002,0.16050393265313911,0.18516531087704696,0.16050393265313911,0.02228265093685522,3644
27340,0.160483129951576,0.2344438713742052,0.160483129951576,0.003311064011834286,3645
25291,0.1604594220167555,0.19321291430915488,0.1604594220167555,0.023260175026582564,3646
23544,0.16040346870265554,0.33337493269617874,0.16040346870265554,0.13333922308606497,3647
22311,0.16034085102318596,0.1820283075283504,0.16034085102318596,0.13479275508797886,3648
24444,0.16024467761178252,0.22607843742333308,0.16024467761178252,0.012147563069898837,3649
29874,0.1602041939294409,0.3625492350937952,0.1602041939294409,-0.007634035159599983,3650
24354,0.16019513146412634,0.22188119962117078,0.16019513146412634,0.025887484673699,3651
20578,0.16019167445186677,0.7129333873447694,0.16019167445186677,0.0,3652
23814,0.1599988024980203,0.43031597476606076,0.1599988024980203,0.1715877972674592,3653
22135,0.1599421875903848,0.1766997541092691,0.1599421875903848,0.14032501811206133,3654
21248,0.1599169024898407,0.5753480221596068,0.1599169024898407,-0.011925817645742298,3655
25973,0.15991041698746927,0.5143739615212936,0.15991041698746927,0.013610162430430117,3656
23354,0.15984756548459178,0.44711934238387324,0.15984756548459178,0.008124122915728893,3657
29845,0.15984144818416815,0.32753869945639014,0.15984144818416815,0.040002151870025926,3658
26464,0.15969369424864002,0.3093423036954815,0.15969369424864002,0.10819404435839586,3659
26406,0.15963289601910025,0.2774724028419377,0.15963289601910025,0.04942448733200866,3660
27417,0.1595967756723114,0.5066573670865345,0.1595967756723114,-0.002425022783474784,3661
21760,0.15953360488524,0.19399454296038784,0.15953360488524,0.0015129525885964612,3662
20322,0.1594337721359516,0.2846787743450433,0.1594337721359516,0.03483512254882071,3663
29603,0.15939977496224345,0.4390050030971367,0.15939977496224345,-0.016544210472503873,3664
20379,0.1593442444141773,0.18436707804854188,0.1593442444141773,0.10777625989394032,3665
27346,0.1593401535522757,0.23040204749752807,0.1593401535522757,-0.012890291017978506,3666
21104,0.15933476881762942,0.6541044926098777,0.15933476881762942,0.02839005236848846,3667
27282,0.15926210861614615,0.162234519427293,0.15926210861614615,0.05156496202879515,3668
20302,0.1591602070824225,0.45430085170231355,0.1591602070824225,0.04079023484287653,3669
28660,0.15911407891796703,0.45190232261374474,0.15911407891796703,0.007556234674782336,3670
27601,0.15899570077960978,0.4843019022402593,0.15899570077960978,0.011646523426104172,3671
24039,0.15896457335203526,0.3105381967346912,0.15896457335203526,0.04512367828720393,3672
22479,0.15888407509730293,0.22951493734714493,0.15888407509730293,0.08186658347924847,3673
21974,0.15888313701980963,0.1733522091157306,0.15888313701980963,0.08545276312136363,3674
20985,0.15874266425334926,0.7776090266107786,0.15874266425334926,0.0,3675
25209,0.15868152424097193,0.49571111366044734,0.15868152424097193,0.00028673576880999807,3676
28144,0.15864300686729563,0.1774552275101897,0.15864300686729563,0.020512131102717546,3677
25994,0.15853493744683114,0.3062112428427186,0.15853493744683114,0.019823600414927645,3678
27561,0.1585346974721441,0.7389085154683214,0.1585346974721441,0.017441948663621254,3679
26878,0.15851239667722178,0.48815340360697934,0.15851239667722178,0.017583534505850873,3680
27592,0.15847430907864812,0.18580212674302005,0.15847430907864812,0.05550186696194678,3681
28422,0.15842178419536151,0.1984488686936393,0.15842178419536151,0.06271793554563032,3682
21324,0.15841713835617174,0.20722429125823782,0.15841713835617174,0.06268309753899698,3683
23941,0.15834684024303708,0.5422222670768311,0.15834684024303708,0.0011542864885996096,3684
20778,0.158302818114826,0.5357375104440287,0.158302818114826,0.0,3685
21650,0.15825304115880612,0.2127670405484143,0.15825304115880612,0.009731505729114631,3686
22891,0.15825102384936596,0.22280673296467474,0.15825102384936596,-0.010158886086509278,3687
23123,0.1581924991378877,0.19926160124651732,0.1581924991378877,0.019694464067318895,3688
23409,0.1581295300657748,0.18645083984562869,0.1581295300657748,0.017208603369870706,3689
26373,0.15808777569764496,0.36864575075470424,0.15808777569764496,0.01422822541735519,3690
26269,0.1580815286049138,0.5640891031584048,0.1580815286049138,0.04192013754004087,3691
29323,0.1580084369005591,0.25642100033761245,0.1580084369005591,0.018529299993990056,3692
29212,0.15797556779716093,0.40800440786490727,0.15797556779716093,0.004351097182586916,3693
24635,0.15792060376329514,0.40460433570450355,0.15792060376329514,0.032506313150581556,3694
29474,0.15791889477747625,0.2057100897044993,0.15791889477747625,0.028397441591043182,3695
27257,0.15789537205553417,0.6708121622815579,0.15789537205553417,0.002896398141507328,3696
21344,0.1578525112062736,0.23458678976472275,0.1578525112062736,0.04221743153764418,3697
22669,0.15784343014607116,0.4363007024284687,0.15784343014607116,0.04319151903509444,3698
22764,0.15774126103770458,0.20698262632116823,0.15774126103770458,0.0062718601312286015,3699
24382,0.15740914618391813,0.37957934012991035,0.15740914618391813,0.0420870724042095,3700
20935,0.15740365090760128,0.404743926321569,0.15740365090760128,0.05256511268944719,3701
20111,0.15739089681150742,0.2943423232838835,0.15739089681150742,-0.002316910316727927,3702
26028,0.15738835636297777,0.20912970641019538,0.15738835636297777,0.04331206025413292,3703
25665,0.15725479427404493,0.42044573375292793,0.15725479427404493,0.0014604406249806856,3704
20557,0.15723547741007432,0.3742803898495835,0.15723547741007432,0.04342258800317855,3705
28221,0.15712308241385764,0.1826984830238297,0.15712308241385764,0.0867440925632314,3706
20492,0.15711251099382856,0.18523523935114133,0.15711251099382856,-0.009840558201348382,3707
20133,0.1570868447583964,0.16740304123886834,0.1570868447583964,0.030933669017470022,3708
25959,0.1569337291255749,0.3360744870734249,0.1569337291255749,0.005385403529727828,3709
21448,0.15691258560697857,0.48971776516676113,0.15691258560697857,-0.0012512269976094892,3710
20529,0.1567002442388458,0.3913472316597407,0.1567002442388458,0.0,3711
23183,0.1566898059585163,0.1655129015697813,0.1566898059585163,0.02555677837023107,3712
26349,0.1566859843316092,0.1633848361787676,0.1566859843316092,0.1637123793304238,3713
28782,0.15668589273194683,0.5157655861757141,0.15668589273194683,-0.002803232611512274,3714
24511,0.15668073982626146,0.3372860400599193,0.15668073982626146,0.026556512165132606,3715
21032,0.1566780010910973,0.5796841504523815,0.1566780010910973,-0.011085181161790691,3716
27749,0.1566095716366339,0.19116719842121777,0.1566095716366339,0.01641514708587305,3717
21075,0.1565959912513892,0.3412380056632184,0.1565959912513892,0.011275284194434687,3718
20146,0.15659309208586072,0.31866704701153376,0.15659309208586072,0.0407695358621904,3719
24941,0.15659229337784983,0.20103490522557105,0.15659229337784983,0.10551821253657362,3720
27852,0.15647062728320485,0.17297141779231354,0.15647062728320485,-0.01914368390684623,3721
20364,0.1564191919295293,0.2249060115466594,0.1564191919295293,0.134566626052749,3722
23522,0.1563076423404628,0.7650158289418706,0.1563076423404628,0.013893310212585441,3723
29943,0.15627909760003839,0.49165561862541457,0.15627909760003839,-0.0003384520477556219,3724
29840,0.15624324798238984,0.36438954122066086,0.15624324798238984,0.0282873804243583,3725
21135,0.1561793633252123,0.21295441036791596,0.1561793633252123,0.053498856118500276,3726
20054,0.15617568216861616,0.2532400244567614,0.15617568216861616,0.021377788610082327,3727
20443,0.1561601484449585,0.45455073570025306,0.1561601484449585,0.012429234372758002,3728
20280,0.15614650966721702,0.2966016961912111,0.15614650966721702,0.032035581035989524,3729
22709,0.15614490165907746,0.2079236707001704,0.15614490165907746,0.013609718482342936,3730
28153,0.1560846411315398,0.4018063237462412,0.1560846411315398,0.025139631440776966,3731
28421,0.1560526912949177,0.38854615397990355,0.1560526912949177,-0.016062914192785493,3732
24772,0.15595270413598622,0.5908703088160326,0.15595270413598622,0.03215387201452158,3733
23887,0.15595087742307934,0.24688572129815636,0.15595087742307934,0.1032964556965991,3734
25984,0.1559238039348706,0.5159628431710422,0.1559238039348706,-0.0039888500714432285,3735
28723,0.15586110039253548,0.2106909668492423,0.15586110039253548,-0.015282818769904005,3736
20552,0.1558201426736323,0.1621517668218945,0.1558201426736323,0.07000059400425623,3737
26094,0.15581724000622224,0.15963456179744662,0.15581724000622224,0.04719943903828483,3738
20750,0.15580185675964825,0.30876803531117963,0.15580185675964825,-0.013194502410797448,3739
27438,0.1557542203681866,0.24947146016512933,0.1557542203681866,-0.012319097362267217,3740
23920,0.15574108532015918,0.3583076321539556,0.15574108532015918,-0.002422792550792585,3741
25935,0.15570059945667414,0.30917251384932803,0.15570059945667414,0.0,3742
29297,0.15568090815221153,0.4118702503587653,0.15568090815221153,0.02144194025576629,3743
22260,0.15567849732198452,0.1599480158694994,0.15567849732198452,0.11998681650544085,3744
24071,0.15567468280207988,0.22931240271646774,0.15567468280207988,0.06913409826227399,3745
22772,0.15567342914755627,0.19000535294360577,0.15567342914755627,0.03450461533708815,3746
29834,0.15566054666947582,0.5865483801119145,0.15566054666947582,-0.01006492200868847,3747
24007,0.15563226806483982,0.234015521026123,0.15563226806483982,0.03604643975124233,3748
20134,0.1556213399474441,0.23678107142950638,0.1556213399474441,0.02037899847179614,3749
26675,0.15559699642616956,0.18764484155826813,0.15559699642616956,0.09411125575886786,3750
20479,0.1555404993585065,0.32109003886310067,0.1555404993585065,-0.0017650860086139142,3751
21723,0.15553096193174998,0.4427215379946605,0.15553096193174998,-0.004923210751597851,3752
27887,0.15549922348510145,0.19595424780572945,0.15549922348510145,0.07799733122645447,3753
24531,0.15549440239493248,0.17130858129147866,0.15549440239493248,0.008755564093119561,3754
22702,0.15549086618732583,0.3313659552479649,0.15549086618732583,0.019694349843310643,3755
21631,0.15543969480097977,0.29372701604522483,0.15543969480097977,0.034766627784968085,3756
29319,0.15534872242834463,0.5427629342830085,0.15534872242834463,0.014618394701264359,3757
25365,0.15531878205409017,0.41777037872653705,0.15531878205409017,0.030847890717176252,3758
24095,0.15512697064131048,0.3856016950304035,0.15512697064131048,0.015309359585897075,3759
27628,0.15502763518480298,0.3061827423418304,0.15502763518480298,0.015238096123628142,3760
22665,0.15499021788502673,0.2822187436352275,0.15499021788502673,-0.011873508093465768,3761
20827,0.15495658326507167,0.24800518160262744,0.15495658326507167,0.062284949110620214,3762
29502,0.15494002168943388,0.2973421172790564,0.15494002168943388,0.013804354966845234,3763
25770,0.15487403005282047,0.3718902409354971,0.15487403005282047,0.01738849268273457,3764
27573,0.15482650977826287,0.16674981628346322,0.15482650977826287,0.06787773826344268,3765
20506,0.15475253720447762,0.4508409538188658,0.15475253720447762,0.034236971793972115,3766
27644,0.15466480439031519,0.25018980573970145,0.15466480439031519,0.019670539693232347,3767
25462,0.15451213382775028,0.40098410683452157,0.15451213382775028,0.05557197176110801,3768
23373,0.15435940624474564,0.16067616292024753,0.15435940624474564,0.04896272642525645,3769
25837,0.1543591953160687,0.2012360097799843,0.1543591953160687,0.0012461871907466504,3770
27413,0.15434453092758596,0.2345338467064082,0.15434453092758596,0.039936660126434625,3771
25549,0.15430344383480388,0.5571239498700347,0.15430344383480388,0.01411536795445456,3772
27892,0.1542272834541799,0.7671090683046344,0.1542272834541799,0.0,3773
21539,0.154196320495192,0.2683741670400311,0.154196320495192,0.03198301378769686,3774
27056,0.15411414490914654,0.9079104509882844,0.15411414490914654,0.001691161959302967,3775
29656,0.15399416797734589,0.5284053933675391,0.15399416797734589,0.02565918628047914,3776
23489,0.15397442039267378,0.5830214224835238,0.15397442039267378,0.004943387223740547,3777
20560,0.15395275746698622,0.32103221498506995,0.15395275746698622,0.006198896173573054,3778
28675,0.1539289312183256,0.33521460950454984,0.1539289312183256,0.054985451857058776,3779
28467,0.15385594012843712,0.17901719209699554,0.15385594012843712,0.04564039974348649,3780
23303,0.15378646343860725,0.5422549734001827,0.15378646343860725,0.0035794446569831218,3781
20377,0.1537056618264407,0.3246112285609104,0.1537056618264407,0.04236693116214579,3782
22924,0.15370463036789211,0.16440970342947372,0.15370463036789211,0.09049789995175381,3783
25715,0.15359760069142026,0.5038400117461838,0.15359760069142026,0.01869544228447273,3784
20160,0.15350130044079613,0.24250775776456623,0.15350130044079613,0.009010392562641134,3785
20953,0.15346749774414287,0.3277209300607623,0.15346749774414287,0.04646155386527234,3786
24353,0.15346699725064583,0.4931572971151479,0.15346699725064583,-0.0023703867037737636,3787
27144,0.15346503175704415,0.17799279482531583,0.15346503175704415,0.07883406262036818,3788
22350,0.1532660365418228,0.1631466329423565,0.1532660365418228,0.019404497573225904,3789
29338,0.15324856994387248,0.6572453467051125,0.15324856994387248,0.0033672493252565605,3790
25526,0.15311289332918437,0.3051465204579963,0.15311289332918437,-0.004675968262171204,3791
24767,0.15293243065264306,0.18390965219055463,0.15293243065264306,0.028693226456608323,3792
20085,0.15288902821226197,0.2153241321570333,0.15288902821226197,0.040040313741303846,3793
20767,0.1528413512625336,0.20998249777928737,0.1528413512625336,-0.011572726716503445,3794
21009,0.152777972328516,0.19949911572044313,0.152777972328516,0.01850807219021333,3795
22402,0.1527565522526572,0.2168715876724163,0.1527565522526572,0.0555250283975616,3796
22528,0.15269154923876777,0.49874040560762817,0.15269154923876777,-0.012402280175063396,3797
21541,0.1526400133284701,0.21522155454614464,0.1526400133284701,0.03205580962559168,3798
27691,0.15255948656128535,0.1654729779864852,0.15255948656128535,-0.010342828211035965,3799
24883,0.15248628725344132,0.541764340642848,0.15248628725344132,0.013492590058497012,3800
24358,0.15243869601021953,0.19458831643090105,0.15243869601021953,0.0665574893325373,3801
20375,0.15242590588704003,0.45954884714703564,0.15242590588704003,0.031233783382869806,3802
23452,0.1523103581446695,0.202502605818967,0.1523103581446695,0.024210672490103224,3803
28709,0.15228073260715586,0.27233245279196927,0.15228073260715586,0.013939453732514484,3804
28562,0.1522661512861821,0.18231427989045046,0.1522661512861821,0.047786888679704764,3805
24660,0.1520904343332253,0.16287061049070992,0.1520904343332253,0.025556980616536523,3806
29829,0.15207709953560056,0.6701172647046343,0.15207709953560056,0.0,3807
28160,0.1520673666934649,0.3991580556323949,0.1520673666934649,0.05452289581328473,3808
29964,0.15204971750900004,0.15587060015535073,0.15204971750900004,0.13002818163613444,3809
26754,0.15201501419240354,0.408279191218263,0.15201501419240354,0.055418835177032055,3810
28098,0.15190568962027462,0.3883559828734814,0.15190568962027462,0.05182308522210788,3811
28783,0.1518831616237929,0.16039807670368242,0.1518831616237929,0.10065696304932598,3812
26392,0.1518691264497609,0.17216789610285876,0.1518691264497609,-0.03454449742417237,3813
21661,0.1518461298689321,0.25153350347867154,0.1518461298689321,0.0047862016364437765,3814
22290,0.1518093665808709,0.2223202867611932,0.1518093665808709,0.060111261571431984,3815
21431,0.15170191168762276,0.40071662796954133,0.15170191168762276,0.014201463428313688,3816
29208,0.15167151357059916,0.2288079651961523,0.15167151357059916,0.12231133701667901,3817
28932,0.15166987226298567,0.2158395485318834,0.15166987226298567,0.1252844757055233,3818
20790,0.15163195389582818,0.16893650565209095,0.15163195389582818,0.020490718929311258,3819
22541,0.15158742004546355,0.15846093121769111,0.15158742004546355,0.01349953233431564,3820
28497,0.15156466399236787,0.17247890455963716,0.15156466399236787,-0.002424673825850987,3821
24694,0.15152578414003276,0.5841045517927017,0.15152578414003276,0.03721055473995649,3822
29830,0.1515035815393657,0.38158243685147614,0.1515035815393657,0.030391444239444454,3823
25307,0.15145920177579392,0.24112123834539786,0.15145920177579392,0.035881946985444835,3824
26641,0.15145179193143035,0.32839438258925757,0.15145179193143035,0.01879906087285549,3825
24616,0.1513454253932819,0.32317643636375065,0.1513454253932819,0.001225611009051275,3826
25646,0.15134405498070633,0.28319676240300756,0.15134405498070633,0.03910883240477797,3827
24551,0.15132507973393874,0.24791316195043947,0.15132507973393874,0.01111069418630628,3828
25712,0.15131220035175247,0.29020905857874607,0.15131220035175247,0.0024450888318344743,3829
26547,0.15129447039775784,0.3318084296556291,0.15129447039775784,0.0208943460644056,3830
20051,0.15127122425947293,0.3738883516243672,0.15127122425947293,0.025797122511959425,3831
23047,0.15126120205400723,0.5139347681006595,0.15126120205400723,0.003267388391703707,3832
29675,0.1512586323413613,0.1943283680501809,0.1512586323413613,0.15646384128216922,3833
27193,0.15120676188778948,0.2001706154215199,0.15120676188778948,0.002193069130688341,3834
24886,0.15114561298792634,0.16852512599734176,0.15114561298792634,0.19464480327512965,3835
21700,0.15106517304368186,0.1998547596481388,0.15106517304368186,0.041979723858172335,3836
25091,0.1509811066068137,0.1730904545223241,0.1509811066068137,0.13202836466181864,3837
20555,0.15091399364231256,0.21701496731562614,0.15091399364231256,0.012039081261135287,3838
25879,0.15080543699371465,0.16153774520339076,0.15080543699371465,0.05891565670279206,3839
22722,0.15077545524511643,0.2786175785673022,0.15077545524511643,-0.004501215813375592,3840
27083,0.15065967242203646,0.23715429047946424,0.15065967242203646,0.010919948802857515,3841
22726,0.1505972649228111,0.17491056144618702,0.1505972649228111,0.10634713791971773,3842
26101,0.15058615813770718,0.17926861423906845,0.15058615813770718,0.14651756152554066,3843
27923,0.15054648037108292,0.2699303717473888,0.15054648037108292,0.042773535758706294,3844
26499,0.1505177563245198,0.17035780740398526,0.1505177563245198,0.08928133796368262,3845
24127,0.15046889956747628,0.3689946431560953,0.15046889956747628,0.008430163178594963,3846
29782,0.15043783228621854,0.15805858769831702,0.15043783228621854,0.13872645950102522,3847
22884,0.15036049830370557,0.17012466064747636,0.15036049830370557,0.08368478758768189,3848
28847,0.150306435160747,0.40093794697212076,0.150306435160747,-0.012629395586640335,3849
29844,0.1502731901825336,0.5197977364968566,0.1502731901825336,0.01467950362517445,3850
24361,0.15016850827412315,0.30717758543102486,0.15016850827412315,0.003694686961452698,3851
29496,0.1499927752709732,0.7252036471847795,0.1499927752709732,-0.0009268406468426749,3852
29145,0.14997463636549763,0.6247550433383876,0.14997463636549763,-0.0024612084876153295,3853
20971,0.1499123595248587,0.2873212920406427,0.1499123595248587,0.0034706146120346837,3854
26257,0.14984584355302344,0.4404814562447398,0.14984584355302344,0.011759734269277067,3855
24693,0.14980301961237713,0.48192272149734666,0.14980301961237713,0.002448040632266224,3856
28612,0.1497653413739997,0.1714760131121932,0.1497653413739997,0.19409344845335008,3857
29068,0.14960564870863402,0.26784893967379797,0.14960564870863402,0.031519199093702044,3858
22306,0.14936795348602777,0.20154525312852778,0.14936795348602777,0.013273392759719976,3859
21138,0.14932291288562213,0.1960509952714663,0.14932291288562213,0.19872496019227676,3860
26092,0.1492184091387474,0.4150706225161325,0.1492184091387474,0.002973980916487151,3861
20907,0.14920038395461244,0.2987825935374976,0.14920038395461244,0.02754932001957633,3862
29471,0.1491130699601183,0.3374670854707762,0.1491130699601183,0.05968200420197872,3863
20671,0.14897557970491562,0.1840048179793972,0.14897557970491562,0.0029806473449929816,3864
27537,0.1489734119977139,0.2458926597361161,0.1489734119977139,0.013372301680807164,3865
20627,0.148820708609403,0.16347953354502853,0.148820708609403,0.047058729189808274,3866
28506,0.14878729683284794,0.28520764248640684,0.14878729683284794,0.01151617094397317,3867
22926,0.1486460090242001,0.5556719576229994,0.1486460090242001,-0.011550616928142965,3868
26922,0.14860636115313694,0.20043833404589803,0.14860636115313694,0.051406658016173834,3869
21176,0.14859410558224162,0.20000424933412986,0.14859410558224162,0.000863876816543041,3870
27242,0.1485847701851957,0.2564714129362339,0.1485847701851957,0.02952608411602936,3871
24392,0.1485029600192856,0.3852659151645784,0.1485029600192856,0.05437528443779749,3872
22957,0.14848644793827914,0.4914076326228965,0.14848644793827914,0.00310328129224402,3873
29401,0.1484824166755324,0.365293161549518,0.1484824166755324,0.0053774440903539,3874
29247,0.14845874625458608,0.20773230507627208,0.14845874625458608,0.0013937297978407481,3875
27411,0.14845274574267409,0.26103541138629177,0.14845274574267409,0.019441872990262676,3876
27781,0.14843767447809467,0.3613436989104325,0.14843767447809467,0.045347041153235124,3877
22565,0.14837776408931214,0.3500734737646401,0.14837776408931214,-0.002428448596938415,3878
26814,0.14832079032344753,0.17727129903062694,0.14832079032344753,0.08689005860339741,3879
21703,0.148292834436401,0.17989674542791192,0.148292834436401,0.0675706419611507,3880
24967,0.14827577816921683,0.4049862977134914,0.14827577816921683,-0.0023614435602854478,3881
23501,0.14812700403632334,0.2122224867029867,0.14812700403632334,0.020982995392745396,3882
20512,0.14810631369224653,0.5307956905247379,0.14810631369224653,-0.0024217481437495136,3883
24826,0.14807801400826498,0.3389437331618772,0.14807801400826498,-0.0010524834269665106,3884
24540,0.14803751740059196,0.1517445071921748,0.14803751740059196,0.032014316315613134,3885
26682,0.14795416694439498,0.35438947933323345,0.14795416694439498,0.005261644064328608,3886
23018,0.14794472648813822,0.47703932787987546,0.14794472648813822,-0.014452262758982926,3887
21990,0.14786690581130194,0.15808432482824442,0.14786690581130194,0.019061285392883875,3888
29141,0.14786197369575946,0.226471052545011,0.14786197369575946,0.03770930165526004,3889
25355,0.14782662467369367,0.22862373175912806,0.14782662467369367,0.057774493093234736,3890
25892,0.1477884722766108,0.15991495338032077,0.1477884722766108,0.022151706503563573,3891
22774,0.14772550048930694,0.5228580616542103,0.14772550048930694,0.0010596030615342422,3892
22846,0.14765868554077144,0.16896105924352892,0.14765868554077144,0.09050554215957357,3893
25753,0.1476384329854496,0.24509183144597346,0.1476384329854496,0.1768622030795399,3894
20110,0.14760523274710882,0.3755768330093219,0.14760523274710882,-0.006812762932981109,3895
22191,0.1475683369713083,0.36297732153496237,0.1475683369713083,0.009247965507587663,3896
23986,0.14753133631582777,0.22612437035452826,0.14753133631582777,0.015049678791067278,3897
23322,0.1475137735648615,0.5925718675883128,0.1475137735648615,0.034843437708154124,3898
21406,0.14751256125699655,0.15968068617318817,0.14751256125699655,0.08583985533134642,3899
20170,0.14740593830900553,0.15152101454700664,0.14740593830900553,0.03711728693213573,3900
21072,0.14739447469189984,0.2186589784016412,0.14739447469189984,0.050406303367860006,3901
23207,0.14720889766497272,0.20530842754515147,0.14720889766497272,0.07312042707004404,3902
20510,0.1472083039599456,0.23910605210464758,0.1472083039599456,-0.003945802289031686,3903
22581,0.14716718244725918,0.4116954687111852,0.14716718244725918,0.033373466723917944,3904
23229,0.14710906331430734,0.14857103022869994,0.14710906331430734,0.1268862050787685,3905
29857,0.14703178840661296,0.20807955483511187,0.14703178840661296,-0.004732414381159511,3906
28530,0.14696516904093104,0.14992232893670862,0.14696516904093104,0.08905257226018023,3907
27650,0.1469625972057493,0.15314819093357124,0.1469625972057493,0.05982489217508205,3908
28705,0.14690734347550857,0.3646452763238346,0.14690734347550857,0.02074087099728522,3909
21701,0.146853606262624,0.3382625779093545,0.146853606262624,0.032263463886982646,3910
22773,0.1468396548157338,0.43982584374211386,0.1468396548157338,-0.0018026034337377261,3911
29049,0.14679968690763218,0.20209695636763195,0.14679968690763218,-0.019116221591197025,3912
20294,0.14673513875236938,0.18371683630252172,0.14673513875236938,0.002328950796423257,3913
22922,0.1464994808241633,0.714343675485741,0.1464994808241633,0.023080972299977964,3914
25873,0.14648340427384451,0.15206758181287525,0.14648340427384451,0.01425486256810965,3915
22054,0.1464670612849811,0.22751860222147877,0.1464670612849811,0.021958928006899414,3916
22036,0.14632068082847188,0.45766492022952915,0.14632068082847188,0.013493343070722696,3917
28200,0.14632058263858663,0.3160670103592564,0.14632058263858663,0.019390614416161855,3918
22812,0.146220488483213,0.2273034940933154,0.146220488483213,-0.02000227148622169,3919
27602,0.14614734988548755,0.2813987285166926,0.14614734988548755,0.012532879350982296,3920
27327,0.1459504983770801,0.3089562215143063,0.1459504983770801,0.03403042494278197,3921
21729,0.1458224441601461,0.1523636403081608,0.1458224441601461,0.05993705988650572,3922
21021,0.14571570460109295,0.21530148457497666,0.14571570460109295,0.11798409214304995,3923
21464,0.14569878675652403,0.6546854258645033,0.14569878675652403,0.0014386274403631605,3924
20075,0.14569548302021346,0.410953459745442,0.14569548302021346,0.05326179148524013,3925
21750,0.14567401331311644,0.1531341650983306,0.14567401331311644,0.15581217449676463,3926
24801,0.14565697517516935,0.22773813818786934,0.14565697517516935,0.004737422441064898,3927
24002,0.1456150531437282,0.19783461684640175,0.1456150531437282,0.010886764319302467,3928
20549,0.14559898975811503,0.3643812682675564,0.14559898975811503,0.11745324595122342,3929
26066,0.14559339354566514,0.8784141676700263,0.14559339354566514,0.005951947249749123,3930
26850,0.1455683488333263,0.19903775413082772,0.1455683488333263,0.029843571291434667,3931
24798,0.1455177166724308,0.15049154611770418,0.1455177166724308,0.13803114469553987,3932
28130,0.14551725709664934,0.3097496337138885,0.14551725709664934,0.031518301708807595,3933
20212,0.1455123433566216,0.407226640042277,0.1455123433566216,0.0015257446614648784,3934
21019,0.14548344046189554,0.47695244320134206,0.14548344046189554,-0.002284614530617901,3935
25094,0.1454636969366202,0.2817627072530247,0.1454636969366202,0.025419424843232064,3936
25327,0.14539508851278926,0.16332218904721094,0.14539508851278926,0.08105525154332091,3937
28909,0.14538307627927594,0.17541011122036437,0.14538307627927594,0.13491811488771283,3938
27298,0.14521440452122938,0.2061318438020611,0.14521440452122938,0.018550583566927015,3939
26291,0.14508581855014063,0.208405080021603,0.14508581855014063,0.036576213164591864,3940
23014,0.14506110766776573,0.1704867726036497,0.14506110766776573,0.008511907143514796,3941
21589,0.14503553286149545,0.5023979617818777,0.14503553286149545,-0.0003391965415698861,3942
22283,0.14501763505917614,0.43395731077103245,0.14501763505917614,-0.011168157445083982,3943
26328,0.144900285888464,0.573197693714211,0.144900285888464,0.0048380759953382535,3944
29467,0.14480812199052845,0.1552217111115956,0.14480812199052845,0.0854665743743073,3945
28965,0.14477933067042065,0.24002287091266286,0.14477933067042065,0.0035073461484584345,3946
27272,0.1447692987831067,0.3758682863930835,0.1447692987831067,0.08190793141855124,3947
21382,0.1447426700595564,0.2718965981672265,0.1447426700595564,0.005020448867830707,3948
22778,0.14472446209675227,0.2676431090185158,0.14472446209675227,0.16652024528105255,3949
20278,0.1447128902955564,0.1630532720800714,0.1447128902955564,0.012892136714737323,3950
29576,0.14470888776648694,0.47423080987429567,0.14470888776648694,0.019503883288285617,3951
27391,0.14465921483390756,0.1564832337112346,0.14465921483390756,0.1997231973411501,3952
28525,0.1446128299305163,0.2980790720985547,0.1446128299305163,0.04629579116268523,3953
22153,0.14455594581807746,0.2016954428825053,0.14455594581807746,0.05534552734930703,3954
23094,0.14455014018750031,0.20704134436540692,0.14455014018750031,0.047700313699506225,3955
23851,0.14450158041200545,0.17674084282517694,0.14450158041200545,0.006054528249023472,3956
25788,0.14449660292394223,0.49553794664638484,0.14449660292394223,-0.0024159756735526727,3957
29534,0.1444964584975159,0.4751214004902518,0.1444964584975159,0.007046399510879597,3958
28358,0.14448431066792874,0.1844841199975247,0.14448431066792874,0.015211481947805472,3959
22172,0.14439331731265287,0.15377967981798077,0.14439331731265287,-0.026148465878970073,3960
26125,0.1443496689849719,0.2028900151886012,0.1443496689849719,0.05305013969200911,3961
26566,0.14418822630081557,0.6131300519531258,0.14418822630081557,0.006428565990877988,3962
24023,0.14408221858723808,0.1466536452696641,0.14408221858723808,0.016754241892116134,3963
22664,0.14387102133211271,0.25114601512841606,0.14387102133211271,0.0030132324681733103,3964
21129,0.14386703230679052,0.19978387834978353,0.14386703230679052,-0.010289424257642843,3965
24410,0.1438130570279046,0.1485074452896441,0.1438130570279046,0.16100247557977407,3966
22358,0.1437753551521623,0.1727212803658615,0.1437753551521623,0.15570882239080666,3967
26402,0.14376832618996718,0.2112010040330044,0.14376832618996718,0.05457560281839857,3968
22281,0.14360124306457556,0.9251038586609884,0.14360124306457556,0.01016200731526995,3969
20102,0.14345622863091842,0.1905409830283144,0.14345622863091842,0.03950524142114281,3970
29518,0.14341414152073736,0.1632805422224646,0.14341414152073736,0.1208116785327856,3971
22375,0.14336373573175715,0.19435679612014314,0.14336373573175715,0.05478077565367054,3972
29055,0.14325428541722057,0.1477538652268141,0.14325428541722057,0.10607735991691003,3973
26882,0.14323175508983654,0.42422358180489056,0.14323175508983654,-0.0002944280758331308,3974
21422,0.14322353650056818,0.25493206471020463,0.14322353650056818,0.013969559276836518,3975
25890,0.14315524429298807,0.1756740731373424,0.14315524429298807,0.014564489750592824,3976
27002,0.14314608303757193,0.7996110177886289,0.14314608303757193,-0.0052160289958786965,3977
23156,0.14306337781123946,0.2897228133242359,0.14306337781123946,-0.00776758208004058,3978
22694,0.142998084341594,0.29322132785277233,0.142998084341594,0.05885200686776637,3979
29942,0.142998082173818,0.21976634452927593,0.142998082173818,0.03142315839959697,3980
20926,0.14296073126488892,0.38536478425789533,0.14296073126488892,0.024886060040344993,3981
23004,0.14293977594311932,0.1468326158285288,0.14293977594311932,0.15209258751168075,3982
25249,0.14290064540300718,0.7857558222674667,0.14290064540300718,0.0038952612588302182,3983
28396,0.14287835968827028,0.609572227579763,0.14287835968827028,-0.02076210868504791,3984
23460,0.14287325091595734,0.26130876586627066,0.14287325091595734,0.022418091959316044,3985
20376,0.1427980984159335,0.5723338640369452,0.1427980984159335,0.01905139908257536,3986
21239,0.14279113384920172,0.4634122778810789,0.14279113384920172,0.018074208881708076,3987
25675,0.1427871516576668,0.46382066531397137,0.1427871516576668,0.004567724137141016,3988
28814,0.14276288668598547,0.6200766913979934,0.14276288668598547,0.02811912738540434,3989
29734,0.14272919484413243,0.1982627544622432,0.14272919484413243,0.002979128394557329,3990
21187,0.14268600601015638,0.1486502651533921,0.14268600601015638,0.06123066045902664,3991
26010,0.1426700692019446,0.2821354877703822,0.1426700692019446,0.012153363018947538,3992
22214,0.14266722667552934,0.4826743683939428,0.14266722667552934,0.026264849217856212,3993
25856,0.14265524444601463,0.7126624273441953,0.14265524444601463,0.01907156923037756,3994
23106,0.14265444718568288,0.17360583069609611,0.14265444718568288,0.030033647447007206,3995
27112,0.14256463509457457,0.15904598467292286,0.14256463509457457,0.05796632424280196,3996
21200,0.14248220892511315,0.5977787656826206,0.14248220892511315,0.0,3997
28516,0.1424546061944557,0.4794240044825161,0.1424546061944557,0.03041225676848147,3998
27542,0.1422776882270151,0.3122929546620737,0.1422776882270151,0.022884453758550527,3999
21373,0.14222624612631424,0.1464542710753281,0.14222624612631424,0.14479298701859256,4000
25301,0.14220902368635707,0.2595600210665544,0.14220902368635707,0.014749550642842502,4001
22456,0.14205367660005722,0.16279954113115977,0.14205367660005722,0.025906009932241375,4002
22862,0.1419777185673773,0.7488004128344553,0.1419777185673773,0.011623814915726727,4003
22406,0.14197050061142963,0.427978691585159,0.14197050061142963,0.007550008962655619,4004
26159,0.14191497210666998,0.5162023687619846,0.14191497210666998,0.021139340135174878,4005
26604,0.14186447086041992,0.4393350168147465,0.14186447086041992,0.006999627422678123,4006
29123,0.14159160779974572,0.4976201558668168,0.14159160779974572,0.012627332237286293,4007
26243,0.14156816850607734,0.20425125662642016,0.14156816850607734,-0.002845682035468533,4008
23448,0.1414193581970321,0.7639976066279252,0.1414193581970321,0.00845197147655019,4009
23192,0.14134890413318174,0.2152346132773159,0.14134890413318174,-0.0021983275609905317,4010
28913,0.1413172022575992,0.4653283752267321,0.1413172022575992,0.0028655614723291367,4011
29564,0.14126908142235434,0.16306444540830423,0.14126908142235434,0.050032935588439714,4012
24740,0.14112382443719318,0.4112616800709597,0.14112382443719318,0.015966682095903018,4013
25007,0.14111612739167598,0.1575207583523758,0.14111612739167598,0.009636897957624957,4014
23078,0.14109051220939972,0.5706041608003583,0.14109051220939972,0.00730567884104516,4015
20582,0.14075417677732782,0.20727445839484968,0.14075417677732782,0.029910205497152176,4016
29414,0.14073196238360078,0.35467740074874976,0.14073196238360078,0.0221224787663713,4017
24266,0.1407234692511006,0.3456229302314483,0.1407234692511006,0.019933700865472914,4018
25370,0.14072261123018706,0.3117845721982783,0.14072261123018706,0.03612593281468668,4019
26943,0.1405527395328838,0.23778085389357692,0.1405527395328838,-0.011980277978255516,4020
27287,0.1404988003493388,0.3115790479177954,0.1404988003493388,0.03322591626664412,4021
25017,0.14045466613309282,0.1431958352032006,0.14045466613309282,0.10434078922748796,4022
25982,0.14022442209415542,0.2535529251817115,0.14022442209415542,0.03936767089293142,4023
28212,0.14008742017445933,0.19167859702400086,0.14008742017445933,0.07693875309169779,4024
22138,0.13991611822866917,0.1812549557494027,0.13991611822866917,-0.009457147442994918,4025
29415,0.13977802061653435,0.16635098348811797,0.13977802061653435,0.008210041682225527,4026
26216,0.13975749256106157,0.17696579034006998,0.13975749256106157,0.02504875150506225,4027
24868,0.13975222749778665,0.14954043740928918,0.13975222749778665,0.04811490251626793,4028
29598,0.13953344853210922,0.1492288362812513,0.13953344853210922,0.14510510354378275,4029
25316,0.13950272113498657,0.2450589897840181,0.13950272113498657,0.0010109613178117538,4030
23819,0.1394584851455879,0.17507046825794934,0.1394584851455879,0.010458050902607319,4031
20525,0.13942338143990196,0.8860431939429012,0.13942338143990196,0.0,4032
26044,0.13940124396686387,0.5217560879670587,0.13940124396686387,0.0,4033
23618,0.13937995854280055,0.32686878604033465,0.13937995854280055,0.0834917317524218,4034
25130,0.13937963720796281,0.37932575068937857,0.13937963720796281,0.04395372283438853,4035
22304,0.1392311246088328,0.7593021701925486,0.1392311246088328,0.020561339948122148,4036
26196,0.13915641447204374,0.4848335073684476,0.13915641447204374,0.02438703382828522,4037
22207,0.1391505857198258,0.24551784090998344,0.1391505857198258,0.049707516286214115,4038
27696,0.13915020495245362,0.22191059396002877,0.13915020495245362,-0.0024286331802915173,4039
21209,0.13903486268168685,0.5981218812697673,0.13903486268168685,0.012827541989978264,4040
28504,0.13898098119981067,0.22803860849883023,0.13898098119981067,0.027111821401177627,4041
20741,0.13887911857032348,0.49793897015565985,0.13887911857032348,0.030329333300665173,4042
28942,0.13887200136161681,0.3655745277816095,0.13887200136161681,0.0007787876095118884,4043
27875,0.1388654185796902,0.1558422438979718,0.1388654185796902,0.004798238967589963,4044
21998,0.13885436239378615,0.35095592066554643,0.13885436239378615,0.023006629094056374,4045
29224,0.13883033125996158,0.25178067574837837,0.13883033125996158,0.12176185830454234,4046
28931,0.13868888137871527,0.7443504091301585,0.13868888137871527,0.009849342879469258,4047
26518,0.13860093987680694,0.2289361399394337,0.13860093987680694,-0.01313586741905337,4048
23424,0.1385683691011405,0.24870029214925338,0.1385683691011405,0.11931173659645244,4049
22667,0.13847539246734997,0.35521964309474424,0.13847539246734997,0.027404977429805855,4050
25756,0.13842838117161443,0.26098184220147835,0.13842838117161443,0.0,4051
29070,0.13842599294158392,0.19399775319708099,0.13842599294158392,-0.01722631910521427,4052
26938,0.1384040231713322,0.5135799091862647,0.1384040231713322,0.01514778698512198,4053
26458,0.1383559367265197,0.23265179627591703,0.1383559367265197,0.0030676769687467687,4054
21234,0.1383179326190706,0.3777141459410152,0.1383179326190706,0.011836933933061233,4055
20618,0.1382787492479683,0.15416448565107782,0.1382787492479683,0.047502295288029794,4056
20958,0.1382348577388116,0.13877176528689794,0.1382348577388116,0.06115918084750083,4057
26560,0.13819801427286316,0.46252220619194573,0.13819801427286316,-0.005021742069551249,4058
29255,0.13818410047593793,0.34306712864307826,0.13818410047593793,0.0390711717840212,4059
25763,0.13816264101444825,0.16677901140585963,0.13816264101444825,0.07250545234476763,4060
21980,0.13813589196747242,0.15391697983335295,0.13813589196747242,0.13822311061546522,4061
27554,0.1380979370466963,0.17459571195044854,0.1380979370466963,-0.021772822274019554,4062
28261,0.1380792810849377,0.15026368921967365,0.1380792810849377,0.05539923757171225,4063
29537,0.13805523163356637,0.842015709618848,0.13805523163356637,-0.0021663645149226918,4064
27029,0.13789904221622462,0.3562141993190135,0.13789904221622462,0.12422511097079006,4065
29408,0.1378783994468509,0.16176985294616364,0.1378783994468509,0.037069515516857665,4066
22488,0.1377499490430083,0.23385671447177545,0.1377499490430083,0.01303560049830027,4067
20007,0.13765818728281826,0.23064497262825825,0.13765818728281826,-0.029586713470981685,4068
25701,0.1375921158867665,0.1852376998716693,0.1375921158867665,0.022617953131701674,4069
26075,0.13757808368449412,0.18108830328261138,0.13757808368449412,0.02192691844615574,4070
23502,0.1375055718796133,0.3161190242262372,0.1375055718796133,-0.002359109034642648,4071
22611,0.13740692417967101,0.18168023285495646,0.13740692417967101,0.0038896539713109135,4072
25952,0.13736511901476117,0.39401637277366225,0.13736511901476117,0.02848891359552075,4073
29944,0.1373264622892812,0.20619124461106114,0.1373264622892812,0.09614894880198835,4074
24285,0.13724215344074078,0.14267781349516814,0.13724215344074078,0.18729488887836712,4075
23883,0.13710769612985682,0.30944582179895547,0.13710769612985682,-0.013349862243005994,4076
24596,0.13704068651113133,0.22366741471881557,0.13704068651113133,0.012450450275331426,4077
25797,0.1369199773494553,0.2789846946120502,0.1369199773494553,0.005448944493896879,4078
26916,0.13680161254025858,0.2177639865698317,0.13680161254025858,0.026637683608418894,4079
21121,0.1367965074366018,0.14093198743693386,0.1367965074366018,0.020302050621943624,4080
27895,0.13670895707740038,0.783586528342583,0.13670895707740038,0.004455083947706606,4081
29797,0.13669438680404572,0.45101941672992,0.13669438680404572,0.023267891550908026,4082
25004,0.13662249332983778,0.30987594689574555,0.13662249332983778,0.027693705215838138,4083
23372,0.13661909527118615,0.14314689543026962,0.13661909527118615,0.1359740159942177,4084
21472,0.13655023819284373,0.8023446811325265,0.13655023819284373,0.0,4085
28372,0.13643858828905192,0.1851309269345213,0.13643858828905192,0.04029734183832184,4086
20469,0.1364058936847078,0.13971914513336284,0.1364058936847078,0.04055852757697331,4087
25064,0.1363444750732031,0.2027899245298026,0.1363444750732031,0.007434191760442022,4088
27324,0.13629611409490378,0.4375575896458265,0.13629611409490378,-0.010013207915477218,4089
24065,0.13628755780211427,0.5449467263777487,0.13628755780211427,0.004554581895528043,4090
23695,0.13628057933677135,0.2627860104519543,0.13628057933677135,0.02754906430785431,4091
27055,0.13625877157288374,0.1682012022296073,0.13625877157288374,0.0029765078576727277,4092
29588,0.13619148462706587,0.35940359952658685,0.13619148462706587,0.027635883294299834,4093
23722,0.1360698800540543,0.2510603594533858,0.1360698800540543,-0.016439139208464737,4094
22716,0.13595245771097214,0.15866448501258051,0.13595245771097214,0.037757619471351866,4095
28643,0.13576992290146803,0.1975897998045817,0.13576992290146803,-0.006559347575195218,4096
20136,0.1357644108919408,0.6017477160753852,0.1357644108919408,0.03555305744045134,4097
24709,0.13574356844874896,0.6027059197983655,0.13574356844874896,-0.0029032085237223892,4098
27086,0.13574177624741743,0.22610621251425952,0.13574177624741743,0.03518551079629756,4099
29239,0.1357072824345591,0.22627927996331004,0.1357072824345591,0.11726759190706754,4100
24277,0.13564124627842064,0.35207088224114175,0.13564124627842064,0.02418805081858988,4101
29184,0.13561831478143804,0.45243047114074153,0.13561831478143804,-0.003811519203982483,4102
29967,0.13559806799364765,0.16612087638216497,0.13559806799364765,0.0398113111650259,4103
20589,0.1355974252328278,0.23035157240945378,0.1355974252328278,0.015552092512541082,4104
24947,0.135451792172687,0.6413557820580665,0.135451792172687,-0.00227764244117723,4105
22679,0.13537779189831187,0.17673959870207753,0.13537779189831187,-0.006828069598544401,4106
29343,0.13529878674109325,0.2113376757639194,0.13529878674109325,0.059884972120373026,4107
21833,0.1352534068719624,0.1596926732341969,0.1352534068719624,0.0362925145715815,4108
24004,0.13522614634130092,0.27178283645195817,0.13522614634130092,0.007138212507928426,4109
20984,0.1352076603427917,0.2768584043581499,0.1352076603427917,0.05114490274133615,4110
22775,0.13516034470200994,0.14636769199970434,0.13516034470200994,-0.0074651022937476386,4111
21828,0.13514174274906712,0.3777813537210864,0.13514174274906712,0.01629988828675022,4112
29367,0.1351335011500202,0.42310701369510745,0.1351335011500202,0.05434382330284865,4113
28271,0.13501755456258457,0.8432619062249429,0.13501755456258457,0.023701746841852556,4114
21470,0.13490382960822495,0.5038114443120448,0.13490382960822495,0.04887367801377973,4115
28744,0.13489565138291826,0.15062130638839252,0.13489565138291826,0.05905150330488655,4116
28326,0.1348784859917827,0.6230932385685196,0.1348784859917827,0.0,4117
29445,0.13478139022425673,0.21113036518301484,0.13478139022425673,0.032867666109739124,4118
27452,0.13476767430936865,0.16034295533589701,0.13476767430936865,0.06430235810559254,4119
29939,0.1347590963758663,0.2102156610575434,0.1347590963758663,0.19555455244451841,4120
22485,0.1347408926863341,0.2265929286051434,0.1347408926863341,-0.012872143368391292,4121
29691,0.13471819974317994,0.15605913021427525,0.13471819974317994,0.10978305295935958,4122
22202,0.13470817626291537,0.22144249703667077,0.13470817626291537,-0.01141729639273198,4123
21186,0.13465402989115466,0.14578394304969552,0.13465402989115466,0.186011633607377,4124
27473,0.13464417771202714,0.1917333356186638,0.13464417771202714,0.02059445268166249,4125
21208,0.13462706883892933,0.2210806193187971,0.13462706883892933,0.007813197865358779,4126
26769,0.13455352539621418,0.22061778884109343,0.13455352539621418,-0.018459030583292596,4127
22501,0.13453856691391897,0.5066259111375501,0.13453856691391897,-0.0024162571905526065,4128
27748,0.1345189014796197,0.13692716763536358,0.1345189014796197,0.04467372789677704,4129
23657,0.13451680397814808,0.42676438973042635,0.13451680397814808,0.024519985447481962,4130
29681,0.13448956140721147,0.6826968925548785,0.13448956140721147,0.016019562076305616,4131
24712,0.13442609701679076,0.49400655006832134,0.13442609701679076,0.039997277474504156,4132
27078,0.1343019334242399,0.2430093076048105,0.1343019334242399,-0.00242422229123046,4133
25968,0.13422999470609756,0.14229878267060597,0.13422999470609756,0.02711795367079145,4134
28495,0.1341096431045084,0.4069307921125999,0.1341096431045084,0.0007556989989980778,4135
25698,0.13406978979278222,0.1635874068133019,0.13406978979278222,0.06095227421632818,4136
21250,0.13405523496304095,0.37133265109025826,0.13405523496304095,0.014440335966047435,4137
28552,0.1339418536317894,0.3830147003423608,0.1339418536317894,-0.00753668205547281,4138
26244,0.13390327738165725,0.35471043727121254,0.13390327738165725,0.005894968067646167,4139
28717,0.13386856920350482,0.19057906417198006,0.13386856920350482,0.02190391871717806,4140
26038,0.13367774236363494,0.43206805564088396,0.13367774236363494,0.017697878106299636,4141
20050,0.13367730879440964,0.4657058078616149,0.13367730879440964,0.016421680505198433,4142
24613,0.133661601086879,0.19800048721723937,0.133661601086879,0.14648311649550944,4143
27687,0.13354827424417975,0.37015392949145876,0.13354827424417975,0.031581086906027234,4144
27422,0.13347354292840075,0.17525905320571422,0.13347354292840075,0.21965925492846466,4145
25619,0.13347236768248746,0.1958967899376182,0.13347236768248746,0.05678604454251157,4146
25120,0.13339551760876445,0.3227644533995057,0.13339551760876445,0.006748380390520448,4147
22431,0.1333541858556489,0.29844503436159414,0.1333541858556489,0.014033179626840975,4148
29366,0.13325970296307926,0.6249328691618339,0.13325970296307926,-0.010477129075808223,4149
24552,0.13323394789689239,0.1503599680681135,0.13323394789689239,-0.011430457297504026,4150
20683,0.13302895646998614,0.7142044496993796,0.13302895646998614,-0.002161309235400921,4151
21866,0.1330262747182819,0.18270828891827906,0.1330262747182819,0.0670177526489737,4152
28241,0.1329340845022326,0.5952688742284693,0.1329340845022326,0.016742844113134425,4153
22714,0.13292505383795605,0.7308252647133725,0.13292505383795605,0.019463433048848122,4154
29460,0.13291221726855088,0.31066659806614627,0.13291221726855088,-0.01387788204310858,4155
26796,0.13289695851802194,0.2979394063679629,0.13289695851802194,-0.004600490368621868,4156
23015,0.13287995529915583,0.18057522166791198,0.13287995529915583,0.08482329888033768,4157
27620,0.13278972866112473,0.2666352964232938,0.13278972866112473,-0.0024273293962084885,4158
21967,0.1327674803330865,0.4095289297787873,0.1327674803330865,0.01161257414749417,4159
24774,0.13273282859761512,0.35334152220588216,0.13273282859761512,-0.010908360622606084,4160
25311,0.1327253477814031,0.16571058784707413,0.1327253477814031,0.0689466141423572,4161
23260,0.13254387370444215,0.44004869001041635,0.13254387370444215,0.01020832868470023,4162
29916,0.1325432688662314,0.3147176380191866,0.1325432688662314,0.002776413950312251,4163
25686,0.1325393970570772,0.2934606208043099,0.1325393970570772,0.03810425636884751,4164
23134,0.13240648816530054,0.5230600200995745,0.13240648816530054,-0.0008180610359268536,4165
23242,0.13237665647973434,0.5878671902555684,0.13237665647973434,0.02715528493199504,4166
22360,0.1323292071599833,0.1813290296319021,0.1323292071599833,0.07032496918189185,4167
25594,0.1323043010044628,0.27118679423278286,0.1323043010044628,0.11584006562914131,4168
25500,0.13229509988783805,0.14425484421541257,0.13229509988783805,-0.007112060876561521,4169
28355,0.13220602036620577,0.14159984920859126,0.13220602036620577,0.011897072768292272,4170
25637,0.13219159408599793,0.21721590495490575,0.13219159408599793,0.025585105799234897,4171
26650,0.132177576638853,0.6949052186419107,0.132177576638853,-0.0022851497129841025,4172
22948,0.13214127752943455,0.14306725577578064,0.13214127752943455,0.05447534946951513,4173
25651,0.1321224346274094,0.17155576923386195,0.1321224346274094,0.0013217014216500567,4174
23395,0.13203710778894562,0.15446997813551291,0.13203710778894562,0.07274187500554816,4175
27999,0.1319958529868675,0.13316264093258837,0.1319958529868675,0.059963943104488715,4176
26186,0.13196958123910735,0.39510585547337784,0.13196958123910735,0.04714228728788711,4177
28810,0.13172996166858064,0.6721623973849031,0.13172996166858064,0.005884495251686994,4178
20579,0.13168905603356792,0.1550668910215205,0.13168905603356792,0.04402215411524957,4179
28171,0.13167441292592408,0.7799217674174814,0.13167441292592408,0.021023188559662342,4180
27832,0.13166707442436631,0.19452496866095947,0.13166707442436631,0.061151353547189646,4181
22020,0.1316147017688094,0.24868623841122847,0.1316147017688094,0.041542840465451314,4182
21915,0.1313650541307711,0.1424497197221826,0.1313650541307711,0.07892567134272271,4183
22265,0.13134082415992826,0.36196800222699227,0.13134082415992826,0.061410557401817445,4184
22755,0.13131316645183072,0.19391778121393347,0.13131316645183072,0.051388008790656026,4185
25016,0.13130129533895957,0.6150149262620492,0.13130129533895957,-0.0022686815216126366,4186
22001,0.13123818388386738,0.24361499817639726,0.13123818388386738,0.003889278375135974,4187
24909,0.13121762053602265,0.21402129050526203,0.13121762053602265,0.06749565086950204,4188
22502,0.13121581500185703,0.4861819471863993,0.13121581500185703,-0.012657895700473931,4189
24347,0.13115184838781196,0.2609812921461982,0.13115184838781196,0.17583435428953262,4190
20646,0.13113909262245044,0.30500993422773076,0.13113909262245044,0.013932976123813612,4191
27268,0.13112284389356405,0.38222563285024264,0.13112284389356405,0.014865247766526313,4192
24666,0.13110686085129408,0.8047878537494666,0.13110686085129408,0.004534245741650289,4193
23188,0.13107646791784142,0.2871457918721364,0.13107646791784142,0.007004628146618508,4194
25706,0.1310661994700918,0.16785514824241926,0.1310661994700918,0.04885318338453443,4195
20337,0.13106619461439578,0.21925832390525207,0.13106619461439578,0.05224951582760945,4196
23675,0.131060307798762,0.17791750657024613,0.131060307798762,0.17609486611123304,4197
28936,0.1310282117492576,0.5957806423561274,0.1310282117492576,0.0,4198
23077,0.13100586533105968,0.26075493166308017,0.13100586533105968,0.019995602590048567,4199
25965,0.1310055046334163,0.1500983369689115,0.1310055046334163,0.06252858045909834,4200
22576,0.13098538521759495,0.2015436182285299,0.13098538521759495,0.12529373101372646,4201
23392,0.13092676936450878,0.158014906589523,0.13092676936450878,0.026347309873453795,4202
20230,0.1308817753623209,0.15046085784847593,0.1308817753623209,0.17672699090853017,4203
26611,0.13086519573651734,0.31111077407117027,0.13086519573651734,0.00265553701271104,4204
20704,0.13085887044776923,0.16214764754087818,0.13085887044776923,0.15823274033164392,4205
20367,0.1308130050623154,0.414475564536275,0.1308130050623154,0.014316305737644086,4206
21981,0.13068457926945953,0.13393092257373473,0.13068457926945953,0.05123254438381747,4207
22007,0.13063478867034406,0.15884057874415625,0.13063478867034406,0.019467725110700995,4208
20112,0.13060981478735892,0.21471278904684196,0.13060981478735892,-0.002414664059636862,4209
20214,0.13046126454665005,0.15958577145370215,0.13046126454665005,0.025846291114746983,4210
25654,0.1304265511485264,0.13560907955112497,0.1304265511485264,0.0,4211
27011,0.1304126714711597,0.15518471958762442,0.1304126714711597,0.1974912792779864,4212
25255,0.13036472894775952,0.277142424874665,0.13036472894775952,0.0251476189749254,4213
29376,0.130320389070901,0.3046669834002519,0.130320389070901,-0.021517042888682947,4214
21383,0.13028903473061645,0.33466012353716107,0.13028903473061645,0.06395479782215885,4215
28388,0.13021763778818335,0.17769366201233291,0.13021763778818335,-0.02109023032798657,4216
25429,0.1301642943639837,0.1703388746743184,0.1301642943639837,0.0446736100035896,4217
26839,0.1301261325450275,0.14047802124740394,0.1301261325450275,0.04085153471815117,4218
22579,0.13012368218782439,0.30501796347365745,0.13012368218782439,0.17569659318238612,4219
22174,0.130084188163484,0.16709583249922255,0.130084188163484,-0.015741044549321737,4220
26320,0.12995104944486424,0.17006648942838082,0.12995104944486424,0.1610957918364879,4221
29477,0.1299331999939714,0.1775992810352074,0.1299331999939714,0.06000959697919647,4222
20476,0.12983639633931093,0.3018344810728099,0.12983639633931093,-0.0109312613939338,4223
21618,0.12982193015350074,0.5162750766530332,0.12982193015350074,0.0,4224
25215,0.12978774145581998,0.15972644422292426,0.12978774145581998,0.0009869124979522415,4225
21305,0.12970488938662383,0.13515172965009406,0.12970488938662383,0.021308304560785002,4226
28361,0.12964005556769745,0.29409649140127386,0.12964005556769745,0.012777022875329946,4227
29687,0.1296304084900378,0.15360078002689984,0.1296304084900378,0.04940284839666664,4228
28688,0.12960872352635452,0.13116955627193053,0.12960872352635452,0.07072747408885988,4229
24955,0.12955270642008831,0.3006285566442482,0.12955270642008831,-0.0023100639380778665,4230
27359,0.1295379722863863,0.23753302197217557,0.1295379722863863,0.054201069837274796,4231
21634,0.1295219139871494,0.7236785124489061,0.1295219139871494,-0.0005282931369724464,4232
29446,0.12952011082357628,0.6199774280332928,0.12952011082357628,0.008547741268590037,4233
27368,0.12944176082154513,0.22793496792628415,0.12944176082154513,0.06171156261970262,4234
28930,0.12934881662074038,0.616404659649125,0.12934881662074038,0.013590360033046145,4235
29389,0.12934458386614955,0.24201238258583993,0.12934458386614955,0.06104592189868008,4236
26711,0.12931289179709327,0.18686405171317916,0.12931289179709327,0.04510966521460724,4237
24887,0.1293006812633236,0.6502314790452611,0.1293006812633236,0.0,4238
27319,0.12923034989233484,0.6109614766003804,0.12923034989233484,0.01602088938734536,4239
21687,0.12916108389463202,0.19000195824512642,0.12916108389463202,0.0012202299171679698,4240
27929,0.12913952956209152,0.25191925839214757,0.12913952956209152,0.02787116726472394,4241
24174,0.12906757022005722,0.2715837465144763,0.12906757022005722,-0.013559490975157351,4242
29659,0.12905554827589635,0.21122173272766315,0.12905554827589635,-0.0033108952741053854,4243
25269,0.1290445794638754,0.33761209075349047,0.1290445794638754,0.021948849924376235,4244
28964,0.1290245702077478,0.37614825653117673,0.1290245702077478,0.03015216099505308,4245
29190,0.1289673893120642,0.5589228750238098,0.1289673893120642,0.005023325683153779,4246
22904,0.12888927749227058,0.18402356726181643,0.12888927749227058,0.005927176839954917,4247
23363,0.1288723083787362,0.1606609445165824,0.1288723083787362,0.074032761619658,4248
24009,0.12878233868798872,0.13313652977676393,0.12878233868798872,0.06581581170298872,4249
23053,0.1287032527061922,0.15220756872601096,0.1287032527061922,0.006323306499305459,4250
24959,0.12869835100993376,0.7748304561301037,0.12869835100993376,0.003742696899580511,4251
29158,0.12869123041292135,0.5863560446614766,0.12869123041292135,0.007082425651023794,4252
23122,0.12867199443561583,0.31865230914399606,0.12867199443561583,0.024923790748358987,4253
24668,0.12863883730017708,0.3093612438526949,0.12863883730017708,0.05529634454518545,4254
27403,0.1286359714056842,0.14502958075779127,0.1286359714056842,0.17548698662079798,4255
29194,0.12863586150997725,0.20550943058500196,0.12863586150997725,0.06221357829414892,4256
26562,0.12842955228965472,0.17593252988887031,0.12842955228965472,0.018991308162306486,4257
26778,0.12839071028960986,0.26286217577553267,0.12839071028960986,0.025963614823434622,4258
27738,0.12838800053000352,0.1605121620307209,0.12838800053000352,-0.02823367074291272,4259
23535,0.12836883157387197,0.3612255823046084,0.12836883157387197,0.024563675261950746,4260
27631,0.12825726018771966,0.13134199115877437,0.12825726018771966,0.045391191763599736,4261
24404,0.12821431562925908,0.15467281711931333,0.12821431562925908,0.02736289010355339,4262
28180,0.12820525546134248,0.1832900036554967,0.12820525546134248,0.05280229729008826,4263
29957,0.12819288539192472,0.13806826519554868,0.12819288539192472,-0.0025555301877229764,4264
21873,0.1281431560675788,0.21141437490916867,0.1281431560675788,0.01983602709441612,4265
28524,0.12813635685365665,0.24672456313879776,0.12813635685365665,0.010220360735045397,4266
25459,0.1280202071626696,0.5535855570949753,0.1280202071626696,0.016183271358941875,4267
24627,0.12797424727606838,0.1578225080275967,0.12797424727606838,0.08104264892597485,4268
23297,0.12791751563177048,0.1800383124221032,0.12791751563177048,0.013329636334602213,4269
20955,0.1278916780404679,0.20032603358557577,0.1278916780404679,-0.017476348285573984,4270
25077,0.12781237970884785,0.2565483064940312,0.12781237970884785,0.06804686912492303,4271
25051,0.127797330079218,0.13990775998957228,0.127797330079218,-0.008294899846258086,4272
27020,0.1277425902176325,0.14575641108101947,0.1277425902176325,0.04477239112204601,4273
25390,0.12772276865797152,0.2152749659032565,0.12772276865797152,-0.044339675836931935,4274
28527,0.1277191730885677,0.23878247757750126,0.1277191730885677,-0.0015634331691856684,4275
27521,0.12771000473025482,0.12955410023807254,0.12771000473025482,0.04072171618449094,4276
26473,0.1276792417036559,0.3225904260258922,0.1276792417036559,0.007912604821300406,4277
23496,0.12765907844212893,0.6262632369357033,0.12765907844212893,0.022179378385606907,4278
29570,0.1276578482728303,0.3613493984515383,0.1276578482728303,0.014197790989852521,4279
21794,0.12759688044328646,0.18110312681750299,0.12759688044328646,0.010062937350086287,4280
24221,0.12757629339220175,0.14290532698235328,0.12757629339220175,0.045173119901892655,4281
25380,0.12755954558236404,0.45258264022063033,0.12755954558236404,0.01899775133136339,4282
28974,0.12753719185388485,0.5064444320078951,0.12753719185388485,-0.0023287838740976285,4283
26111,0.12750548767433256,0.5092207987794224,0.12750548767433256,0.010581699325935556,4284
25326,0.1273942115214669,0.318303446723089,0.1273942115214669,0.05548538856313279,4285
29828,0.12734421411724517,0.6303838421946356,0.12734421411724517,0.0022066171977865867,4286
29271,0.12726158700068566,0.15614223316313428,0.12726158700068566,0.02492512644075856,4287
23306,0.12712101474372353,0.13186055294337806,0.12712101474372353,0.17377031471489304,4288
26708,0.12711251726388972,0.5169211691676772,0.12711251726388972,0.05336781587987194,4289
20171,0.1270592159383975,0.2690161709693935,0.1270592159383975,-0.002406864954269894,4290
20766,0.12699486881174682,0.20670320048397448,0.12699486881174682,0.09610442619292991,4291
22820,0.12693348643789962,0.24819921793549485,0.12693348643789962,0.04972912923889261,4292
26435,0.12683024731002512,0.20758543432173063,0.12683024731002512,0.060686135909630234,4293
26963,0.12674457938471906,0.5025539301602593,0.12674457938471906,0.016202877232330604,4294
26815,0.12667112528164565,0.14417437569492209,0.12667112528164565,-0.0210484282564542,4295
23095,0.1265980251337877,0.30057887388050303,0.1265980251337877,0.042995466143628924,4296
21747,0.12659157634777463,0.20764162407187767,0.12659157634777463,0.009712402394439601,4297
22445,0.1265396810693457,0.2899504332564597,0.1265396810693457,0.016262416441222505,4298
21333,0.12647935192093326,0.25184627311483687,0.12647935192093326,0.003678879727181672,4299
20003,0.1264166264564607,0.1659144303634316,0.1264166264564607,-0.00414048606064954,4300
26713,0.12637215187044668,0.14965713179473403,0.12637215187044668,0.0028804321108327757,4301
23249,0.12624315927524832,0.7632794261856501,0.12624315927524832,0.008161957245909068,4302
25351,0.12621781280719754,0.16079230035721306,0.12621781280719754,0.029977243657953012,4303
21117,0.12621481362759085,0.5986518253512897,0.12621481362759085,0.01091914434833019,4304
23444,0.12617483873518037,0.20724593646038295,0.12617483873518037,0.10386576379272988,4305
27227,0.12606144053662016,0.2790295718734133,0.12606144053662016,0.03365360742643031,4306
24044,0.12604185515529975,0.19193232711803218,0.12604185515529975,0.008348379731171363,4307
25419,0.1259731664794912,0.12793014469355435,0.1259731664794912,0.0547778862633011,4308
27987,0.12593273229464036,0.1426946184610318,0.12593273229464036,0.0714365946644317,4309
20009,0.12590526654972464,0.14255227702263712,0.12590526654972464,9.668250405109324e-05,4310
20908,0.12590344814094998,0.13160780166096697,0.12590344814094998,0.09160813043464433,4311
25000,0.12581054128492414,0.3229342945062064,0.12581054128492414,0.009889594472951235,4312
24624,0.12579324308606837,0.5557764964510723,0.12579324308606837,-0.0034092261741234253,4313
27778,0.12572358974375053,0.13886560708425524,0.12572358974375053,0.018904100238286203,4314
28268,0.12569144175738944,0.1392650848511173,0.12569144175738944,0.11228350641269413,4315
20267,0.12566983736968956,0.15267981970759334,0.12566983736968956,0.047775866519664145,4316
22017,0.1256605044223642,0.7458527401266446,0.1256605044223642,0.02706855587633994,4317
27915,0.125658948484498,0.7307459128133529,0.125658948484498,0.011566462463198701,4318
20624,0.1256519250973891,0.44763188089260014,0.1256519250973891,0.07121280718757589,4319
22209,0.12556302132051397,0.2477429851315824,0.12556302132051397,-0.0031682926283612134,4320
26169,0.1253967990563644,0.2474874944585393,0.1253967990563644,-0.024280738818896308,4321
21695,0.12518029261683417,0.7319579937696898,0.12518029261683417,0.0,4322
27225,0.12515396849395977,0.28752645477850813,0.12515396849395977,0.005921598266329875,4323
22155,0.1251306268088256,0.28747545713113476,0.1251306268088256,0.012424313805656673,4324
28341,0.12511330888622282,0.36982857246003037,0.12511330888622282,0.028164206240958944,4325
23239,0.12511114149011626,0.18007321657847142,0.12511114149011626,0.054586121257916786,4326
21392,0.12502916493979532,0.5884280728570366,0.12502916493979532,0.06364018012341643,4327
26663,0.12502413018955752,0.3445796169015393,0.12502413018955752,0.022714502050275143,4328
23320,0.12495442416244379,0.38331253161276807,0.12495442416244379,-0.002405247002159605,4329
28001,0.12495194676669394,0.18191759499239818,0.12495194676669394,0.09508954576431056,4330
24539,0.12494623804618182,0.6198665969421714,0.12494623804618182,0.013099899950039684,4331
22917,0.12483485660963722,0.6131138721111183,0.12483485660963722,0.0,4332
29106,0.12475585807906964,0.29844004494746434,0.12475585807906964,0.0333923383807343,4333
27943,0.12473898545873624,0.13563222798317828,0.12473898545873624,0.01377618430833566,4334
27563,0.1246871152265502,0.12837829307051601,0.1246871152265502,0.053034712962391484,4335
20623,0.12464735513659655,0.26068054780752564,0.12464735513659655,-0.004439050001711631,4336
23277,0.12464349201647443,0.3589999614457157,0.12464349201647443,-0.004082784816764273,4337
29618,0.12463138176623027,0.1297242084400163,0.12463138176623027,0.03356063047232058,4338
21515,0.1246200427420185,0.19635600204563783,0.1246200427420185,0.17008831096653423,4339
20210,0.1245559114601776,0.14944851631163467,0.1245559114601776,0.019926293349231017,4340
28229,0.12454487810401926,0.5423595019480866,0.12454487810401926,0.016422363757109926,4341
28796,0.12453681986949827,0.6760792097551022,0.12453681986949827,0.024986071561479473,4342
25687,0.1244799156433779,0.7209518520406496,0.1244799156433779,0.009288089473405092,4343
23084,0.1244483365215322,0.877476373381484,0.1244483365215322,0.0016768008550555047,4344
30000,0.12443420544721631,0.25457804761081043,0.12443420544721631,-0.00998669070267516,4345
24303,0.12438929822334456,0.12666370759378595,0.12438929822334456,0.07231339513947432,4346
21279,0.12435722890614417,0.2099279165538026,0.12435722890614417,-0.00370616435622545,4347
23494,0.12432719302831541,0.48913097506112707,0.12432719302831541,0.03542344500340555,4348
29034,0.12421798385591555,0.211992704817882,0.12421798385591555,-0.03080261211474583,4349
28885,0.12409584791391029,0.1835084179431849,0.12409584791391029,0.029841300991660935,4350
26465,0.12408755839301194,0.3271197878065694,0.12408755839301194,0.0065533427410942036,4351
22190,0.12406485720628611,0.13366508500588814,0.12406485720628611,0.005388219316016352,4352
23922,0.12394793081679424,0.19578307504580705,0.12394793081679424,0.07308848027307896,4353
22583,0.1238747310131014,0.3629192674575775,0.1238747310131014,0.010288072411779259,4354
23838,0.12385744279253075,0.2680409903489564,0.12385744279253075,0.0,4355
25574,0.12376189775797353,0.26556317409855323,0.12376189775797353,0.000710337636031011,4356
23273,0.12375631879294456,0.14307486575311554,0.12375631879294456,0.08792509357293857,4357
25752,0.12368541692126392,0.15764687480217393,0.12368541692126392,0.024889320123881342,4358
25537,0.12362666721470957,0.12654177644445225,0.12362666721470957,0.08881216612067339,4359
28327,0.12359449860868874,0.1838609550000957,0.12359449860868874,-0.0037900551719439735,4360
26601,0.12354631903014329,0.28728824939793746,0.12354631903014329,0.019931718014652378,4361
21758,0.12354614384404292,0.15177298768112238,0.12354614384404292,0.010424100322988628,4362
28365,0.1235085585761065,0.1632898724233265,0.1235085585761065,0.006742536357132789,4363
21375,0.12349265645915151,0.16257105381728892,0.12349265645915151,0.046204421397261275,4364
27174,0.12348543434048335,0.13189060438416111,0.12348543434048335,0.015229520766658455,4365
26687,0.1234332530860758,0.15008761441953375,0.1234332530860758,-0.004509348080548148,4366
26880,0.12340575496747752,0.4457197566640864,0.12340575496747752,-0.002381909639844859,4367
29565,0.12338885508484967,0.129467308588364,0.12338885508484967,0.20792076541778598,4368
27081,0.12328428079111275,0.1619353989915531,0.12328428079111275,0.05953188915284818,4369
24464,0.12323155363872448,0.27104785749035143,0.12323155363872448,0.03623351233519395,4370
20824,0.12320625583416367,0.7179075171197014,0.12320625583416367,-0.0023369004065175725,4371
21277,0.12316449069228486,0.1248609511327769,0.12316449069228486,0.06705354475637357,4372
26969,0.12313424898619527,0.23342925781408397,0.12313424898619527,0.026100388936051655,4373
24184,0.12312097722004625,0.3255419847733684,0.12312097722004625,0.00275265434034333,4374
23022,0.12311547926428049,0.13284861573379889,0.12311547926428049,0.05422486443231689,4375
26550,0.12309565113270432,0.15363227397954823,0.12309565113270432,0.05222218706605003,4376
24195,0.12305227418293502,0.24658448918871076,0.12305227418293502,0.0324545433686762,4377
25128,0.12292768061728163,0.24504709813495368,0.12292768061728163,0.002628035306439458,4378
29217,0.1229251404671734,0.6257235654335616,0.1229251404671734,-0.008546420792198695,4379
26331,0.12283820013659849,0.3535845532189912,0.12283820013659849,0.0442563759895685,4380
24374,0.12283751715257764,0.13583134738741828,0.12283751715257764,0.03405285265349417,4381
24594,0.12283644423829376,0.410632452285808,0.12283644423829376,0.0253504051271487,4382
29765,0.12272039388636595,0.16990244629636625,0.12272039388636595,0.0019737366756772956,4383
22630,0.12265753485326178,0.27339362171688897,0.12265753485326178,0.01885893270654332,4384
25079,0.12264329890040643,0.4832285977733543,0.12264329890040643,0.01338063682611007,4385
27803,0.12258420835217743,0.14748252606234613,0.12258420835217743,0.025816942312213792,4386
27183,0.12257562118522773,0.1856881263304714,0.12257562118522773,0.025469869976566195,4387
29142,0.12256166402915546,0.24028247348956683,0.12256166402915546,-0.0034173713877271306,4388
20556,0.12252065434284679,0.2903199787621973,0.12252065434284679,0.009507927311594333,4389
25914,0.12244439957674536,0.1442503424299689,0.12244439957674536,0.007519689198941748,4390
28982,0.12241120135864826,0.1310437842526115,0.12241120135864826,0.09075290313487983,4391
21765,0.12236602833910676,0.5790091168315891,0.12236602833910676,0.02597922621944082,4392
25049,0.12221810931628166,0.14628979761931635,0.12221810931628166,0.02680406999920959,4393
20192,0.1221371618727931,0.2459918649661619,0.1221371618727931,-0.014695555816724493,4394
25378,0.12199223468946314,0.23456668833034744,0.12199223468946314,0.005026690195782779,4395
26889,0.12191788610643983,0.16801694353414393,0.12191788610643983,-0.03084662513547115,4396
29575,0.12178441773441995,0.2586930918712653,0.12178441773441995,0.03859705520075185,4397
21213,0.12176696507139208,0.14466290186908246,0.12176696507139208,0.23878961912320495,4398
26740,0.12174710872087768,0.24130358130488475,0.12174710872087768,0.1082528969879736,4399
28204,0.12173905363726442,0.35968822977649495,0.12173905363726442,-0.007693239891085779,4400
29243,0.12173868605237106,0.14710434486723828,0.12173868605237106,-0.01476887390832926,4401
23793,0.12171875884244007,0.27238945636626094,0.12171875884244007,0.04455135302080909,4402
21871,0.12166054790280753,0.18414255924376594,0.12166054790280753,0.00045487354148732173,4403
24665,0.12155170607361657,0.2968718563517249,0.12155170607361657,0.026956440769062284,4404
27076,0.12146302584585564,0.14536734667296947,0.12146302584585564,0.03071766384632904,4405
21337,0.12137659421488312,0.3952763704877252,0.12137659421488312,0.011690828388672247,4406
22250,0.12135615183704118,0.13565214302897957,0.12135615183704118,0.1455232801049709,4407
24632,0.12132627629267187,0.28834499482710013,0.12132627629267187,-0.005952300854393133,4408
29289,0.12130543936979324,0.27107939375067025,0.12130543936979324,0.019255559261727728,4409
28081,0.12129626958718544,0.13698830101143328,0.12129626958718544,0.008498333008544579,4410
21110,0.12122800663232244,0.18055825596668426,0.12122800663232244,0.0462992262293746,4411
23118,0.12116993435833569,0.17932944987205396,0.12116993435833569,0.003388894086405858,4412
21105,0.1211124648498822,0.157653854899615,0.1211124648498822,0.05087596190043467,4413
25207,0.12111208493178016,0.26418615638384346,0.12111208493178016,0.010120987937100756,4414
29216,0.12102844706320723,0.3584770454437806,0.12102844706320723,0.009862023949270438,4415
24467,0.12101554568387093,0.32617252385857715,0.12101554568387093,0.15122114054019836,4416
28571,0.1210018089665107,0.5535283777871354,0.1210018089665107,0.008143583964415946,4417
24226,0.12091106555407594,0.1213144894627372,0.12091106555407594,0.2222151118925178,4418
21811,0.12085792547216184,0.3122002989159892,0.12085792547216184,0.03319747856708882,4419
28720,0.12084121489148197,0.3685262102341253,0.12084121489148197,0.0654237207587508,4420
26667,0.1208018288338667,0.1992046789311452,0.1208018288338667,0.014543305838458864,4421
26067,0.1207503943752683,0.46720913718838813,0.1207503943752683,0.016961609685025802,4422
26167,0.12073878125385941,0.12849012649987007,0.12073878125385941,0.0410545520592277,4423
23969,0.12072203887614774,0.6301939487212015,0.12072203887614774,0.011682054751240623,4424
20330,0.12068657751627326,0.12202042175562428,0.12068657751627326,0.009125820538495505,4425
20808,0.12066959781198189,0.3634725747597996,0.12066959781198189,0.02806519867013113,4426
26459,0.12066659265519843,0.1270992347673097,0.12066659265519843,0.0933714580295979,4427
23243,0.12056946306041996,0.15166235741114864,0.12056946306041996,0.1418724629393417,4428
23447,0.12052997675253244,0.13458392120579696,0.12052997675253244,0.0874224376518436,4429
25842,0.12052194032091906,0.15689084843549522,0.12052194032091906,0.015372688404155177,4430
20494,0.12040599644730005,0.1240878376022741,0.12040599644730005,0.01679253841344225,4431
21793,0.12025799846473006,0.20110943547163948,0.12025799846473006,0.08262922223474406,4432
20505,0.12022156974810277,0.17340070035493876,0.12022156974810277,-0.0024238319595774604,4433
25913,0.12011409054292302,0.2777830379328452,0.12011409054292302,0.05107067632251,4434
27949,0.12010721899395733,0.23615881521168214,0.12010721899395733,0.06034374030125672,4435
24999,0.12010078290558825,0.12553726561574227,0.12010078290558825,0.038055684065389506,4436
20334,0.12007984220972642,0.31881368788550596,0.12007984220972642,0.002556948889917199,4437
27199,0.12006537999103317,0.37369825552803937,0.12006537999103317,0.07478037466735404,4438
24609,0.12006229717171306,0.13528097013879045,0.12006229717171306,0.05945715631132359,4439
21049,0.12005340314687463,0.4781030383611783,0.12005340314687463,0.022266005841524994,4440
27666,0.1200177655632467,0.1695021193127076,0.1200177655632467,0.026826952696876516,4441
21763,0.11996606329922564,0.23949783116527903,0.11996606329922564,-0.01253040067261424,4442
25768,0.11992553818665275,0.16939900416098455,0.11992553818665275,0.051093009747549156,4443
29396,0.11978920645436557,0.20863782854073112,0.11978920645436557,0.015463827493595816,4444
22993,0.119772983050483,0.13105959132327216,0.119772983050483,0.06733256881227548,4445
29602,0.1195257981925429,0.13430649550001283,0.1195257981925429,0.10310026447113443,4446
26426,0.1195149073182843,0.1541843611552953,0.1195149073182843,0.08599320653639014,4447
25257,0.11935436846488046,0.31827356666211554,0.11935436846488046,0.023518737230107833,4448
22104,0.11923696542266561,0.14436040400777847,0.11923696542266561,0.001214584080607789,4449
25979,0.11920270848905763,0.19197634985092463,0.11920270848905763,0.05703270201673122,4450
21088,0.11916440582994037,0.13606203610815074,0.11916440582994037,0.08506488722764738,4451
28119,0.11912772651121861,0.5755165067001671,0.11912772651121861,-0.007514673672399386,4452
23212,0.11907994941105343,0.4039395916755972,0.11907994941105343,0.02822486192574153,4453
21443,0.11903736126660243,0.18913598134002624,0.11903736126660243,-0.008373644355505916,4454
28086,0.11897466467703066,0.5739173736643356,0.11897466467703066,-0.0024114565978407,4455
26415,0.11893466825706754,0.16965262255079266,0.11893466825706754,0.025632098927340474,4456
21027,0.11891932823759521,0.17545622462848995,0.11891932823759521,-0.02692616975537604,4457
26967,0.11889407599501879,0.16487634456533015,0.11889407599501879,0.05969401070730879,4458
27423,0.11880461703425835,0.13964891367221258,0.11880461703425835,0.05117396800650095,4459
29443,0.11868645530654556,0.23885646583172462,0.11868645530654556,0.029544356713633757,4460
25962,0.11866805292583404,0.43145242168180065,0.11866805292583404,0.027664692140721814,4461
29274,0.11862387264183011,0.25761906784513644,0.11862387264183011,0.024240562283880385,4462
24000,0.11861493496350439,0.15289588963386022,0.11861493496350439,0.07020340182563908,4463
21521,0.11860993157384048,0.2429459298570156,0.11860993157384048,0.03617287999889901,4464
24863,0.1185837166778954,0.1270837539886582,0.1185837166778954,0.11843671861074076,4465
26991,0.11854376943491582,0.14251909961988388,0.11854376943491582,0.10230286261826171,4466
21020,0.11850012872521548,0.464477031158376,0.11850012872521548,-0.023478918067768417,4467
24271,0.11847194053831428,0.13082833348729897,0.11847194053831428,0.12432995510677122,4468
25606,0.11845559640908128,0.1959852617689043,0.11845559640908128,0.0073141558590718025,4469
20194,0.11837974241070558,0.14164172876119147,0.11837974241070558,0.013074019694897132,4470
28892,0.11832662890499657,0.622769915936219,0.11832662890499657,-0.0012039560508434466,4471
29635,0.11825548164544132,0.1960217244971618,0.11825548164544132,0.0027318629984898757,4472
23482,0.11819558841217132,0.15541690095687744,0.11819558841217132,0.06415803949728643,4473
22144,0.11819193439699163,0.21549364537194712,0.11819193439699163,0.02052205758790243,4474
28832,0.11801485742022677,0.22722518600657943,0.11801485742022677,0.034914804288945445,4475
23210,0.11801392736620366,0.16475622286747849,0.11801392736620366,0.060247029312679806,4476
23163,0.11799919899751375,0.13361944254912772,0.11799919899751375,0.07446338824708837,4477
20147,0.11795295341152393,0.12872704460330753,0.11795295341152393,0.013199268624181304,4478
28082,0.11795179907198947,0.25982662893032865,0.11795179907198947,0.029172922387566302,4479
29160,0.1179245639179814,0.28651466532958986,0.1179245639179814,0.04309145980460777,4480
21914,0.11791341233313402,0.7253832479131135,0.11791341233313402,0.002988484396515112,4481
22531,0.11789918187382836,0.34882753683862716,0.11789918187382836,0.015439778641716528,4482
25695,0.1178988525141792,0.7303960176260665,0.1178988525141792,-0.002107995411198771,4483
20203,0.1178176050194779,0.18932841488676558,0.1178176050194779,-0.0069308564566158415,4484
23797,0.11769287018092774,0.2350164144372387,0.11769287018092774,0.03353487930679533,4485
26302,0.11767173053915361,0.13434013788617558,0.11767173053915361,0.08462610795213221,4486
22867,0.11762897078467266,0.44825488183167755,0.11762897078467266,0.008931385316642948,4487
22619,0.11758674626521415,0.7544411881991232,0.11758674626521415,0.0049756290958498095,4488
29337,0.11755989875347599,0.1482595843413267,0.11755989875347599,0.07327826233011825,4489
27215,0.1175498002601307,0.17681232152249482,0.1175498002601307,0.00534179471037266,4490
20071,0.11754617760190186,0.2397523094476585,0.11754617760190186,0.029484490600999336,4491
21046,0.11749460063509592,0.13443938123230584,0.11749460063509592,-0.01207009178566118,4492
21813,0.11748774497262596,0.25042601359482936,0.11748774497262596,0.004060110116200971,4493
28750,0.11747340340811648,0.1355869332407955,0.11747340340811648,0.008422709769757897,4494
21066,0.11747256106600268,0.5621344738582974,0.11747256106600268,0.03159672615778586,4495
27400,0.11738968619838527,0.2858226925956492,0.11738968619838527,0.057479690220339996,4496
29950,0.11728386663577708,0.13542166453253882,0.11728386663577708,0.10434115436724506,4497
23281,0.11720423420651721,0.13798011217928413,0.11720423420651721,0.014045182574876025,4498
27377,0.11716580667489715,0.1846407631863632,0.11716580667489715,0.014215035982659996,4499
25876,0.1170500189559115,0.24538438769272053,0.1170500189559115,0.02199700616361444,4500
27143,0.1169202672929022,0.26766463430201315,0.1169202672929022,-0.004626879539317952,4501
20356,0.11689858550520349,0.17657269091881134,0.11689858550520349,0.03690762128057726,4502
26471,0.11688114736676591,0.2301619469378902,0.11688114736676591,-0.0008053343283119241,4503
23257,0.11678360427992611,0.16550320386650774,0.11678360427992611,-0.00663498387213346,4504
29333,0.11673790804714215,0.18191002742625864,0.11673790804714215,-0.024133391552746075,4505
27344,0.11673184515400133,0.16876621699278177,0.11673184515400133,-0.002397217799129381,4506
26445,0.11670347666048264,0.4718440911681019,0.11670347666048264,0.0037980842874402176,4507
27761,0.11664693902452984,0.21958084089055613,0.11664693902452984,-0.031044595318590773,4508
27841,0.11648698103036645,0.16841015289279146,0.11648698103036645,-0.020095089562038038,4509
23630,0.11646780316119112,0.13721094178296242,0.11646780316119112,0.1030670730023471,4510
27599,0.11633895892491769,0.12632099340209876,0.11633895892491769,0.0770562642124264,4511
28544,0.11619040831530035,0.13183749385777394,0.11619040831530035,0.009076944926095232,4512
20310,0.11618032167857947,0.12952292441986613,0.11618032167857947,0.010615871776062213,4513
27238,0.11595330681592997,0.5361614655385285,0.11595330681592997,0.0043006675986342335,4514
22482,0.11593120383192802,0.1636368292212403,0.11593120383192802,0.03219525771969384,4515
21177,0.11586175127254844,0.24161096196684892,0.11586175127254844,0.026869126338483207,4516
28895,0.11586035280425844,0.1332012117337518,0.11586035280425844,0.03268702112339178,4517
24074,0.11580781326342908,0.1246778624050395,0.11580781326342908,0.031101582400994643,4518
23227,0.11580091301361072,0.13562585964963497,0.11580091301361072,0.00814099591674644,4519
22697,0.11571339986883894,0.2725275552227151,0.11571339986883894,-0.002427756465001374,4520
25938,0.11565015497193373,0.1835800654204466,0.11565015497193373,0.18778247450236452,4521
21908,0.1155760952963443,0.3377272294660696,0.1155760952963443,0.00591673621145844,4522
27060,0.11554126621051586,0.24958101497451546,0.11554126621051586,0.03307242862380988,4523
28698,0.115500729369899,0.1312712987157929,0.115500729369899,0.16753129905586217,4524
28061,0.11549869900875497,0.1469710141048564,0.11549869900875497,0.006939963344118727,4525
28294,0.1154764910708042,0.15783991923451896,0.1154764910708042,0.04811834835918022,4526
27718,0.11536990818763238,0.6298567896473557,0.11536990818763238,-0.002353116518449605,4527
27917,0.11534056456857361,0.5283523951007644,0.11534056456857361,0.0,4528
21109,0.11533158706354017,0.2186329729800996,0.11533158706354017,0.007169124323692322,4529
24372,0.11518189779201997,0.19477975865833858,0.11518189779201997,0.00820483961259555,4530
23411,0.11516313185381229,0.12016860208467363,0.11516313185381229,0.05563672150990956,4531
27889,0.11514159695811464,0.1296262286560292,0.11514159695811464,0.018633552469974085,4532
27901,0.11512524264209048,0.12541846513620655,0.11512524264209048,0.1299270997598999,4533
27629,0.11507058906812889,0.5668945407303556,0.11507058906812889,0.0007081370847132895,4534
27172,0.1150619388759424,0.3477936908288992,0.1150619388759424,0.026443512868108865,4535
23110,0.11501426095508294,0.4759031297793537,0.11501426095508294,0.006283058044814438,4536
23669,0.1149206004128307,0.37511661932501145,0.1149206004128307,0.028513250755775377,4537
24362,0.11478615871031458,0.31216005570208716,0.11478615871031458,0.03659368634862775,4538
20422,0.11474022789831437,0.1305162694141887,0.11474022789831437,0.09356656944125608,4539
23728,0.11473985014479189,0.13414238685698304,0.11473985014479189,-0.02621243040076826,4540
27515,0.11469406249562247,0.13778692009058818,0.11469406249562247,-0.02877275637747534,4541
28673,0.1146898294769877,0.13513877822196613,0.1146898294769877,0.05067647383343532,4542
28398,0.1146589394226109,0.12844493411329108,0.1146589394226109,0.036415065551815534,4543
20131,0.1146182823979946,0.4666184114757847,0.1146182823979946,0.04920097628693498,4544
23708,0.11447498787664813,0.19313044428959103,0.11447498787664813,0.004398965046687242,4545
29066,0.11433341847388212,0.4396537855430254,0.11433341847388212,-0.009930523265059388,4546
20519,0.114257885502691,0.6666649847213335,0.114257885502691,0.01973727715236817,4547
21658,0.11420302082431155,0.5895235130308618,0.11420302082431155,0.0018431736086041983,4548
24427,0.11410809412378065,0.4642435641837861,0.11410809412378065,0.01935065368490624,4549
26535,0.11410101677891482,0.3806932474865645,0.11410101677891482,0.00416811843386683,4550
27353,0.11408291676849382,0.1246660296489553,0.11408291676849382,0.021077871681687177,4551
28419,0.11406355852439962,0.34931349853908417,0.11406355852439962,0.009778657552079018,4552
27109,0.11398645462622929,0.12399769075191705,0.11398645462622929,0.02659699585922959,4553
23724,0.1139198848624304,0.17242450354930144,0.1139198848624304,0.02564554225369281,4554
20198,0.11390032491955233,0.2009630565007037,0.11390032491955233,-0.012396558140555874,4555
21411,0.11383750502955065,0.5305962825208431,0.11383750502955065,-0.002427958006833819,4556
28798,0.11383328022698572,0.1515061001162826,0.11383328022698572,0.0017069866024069513,4557
29667,0.1138221877104682,0.4536143740518351,0.1138221877104682,0.038784634898920034,4558
24728,0.11379366116725453,0.3488268444974123,0.11379366116725453,0.017794913891913178,4559
20047,0.11376635963617301,0.11728163145209651,0.11376635963617301,0.05696496728812894,4560
23956,0.11376272743769754,0.12226297941104572,0.11376272743769754,0.010314819325776159,4561
27036,0.11372303646746196,0.46606710254759476,0.11372303646746196,0.011236080869381992,4562
24024,0.11349986758582822,0.13326235753490143,0.11349986758582822,-0.009485428691835385,4563
23894,0.1134042567180854,0.17943928362683725,0.1134042567180854,0.05889032835882635,4564
21999,0.11331142263981055,0.14473435285989236,0.11331142263981055,0.03339341513445199,4565
24754,0.11319809909053774,0.11372796253440196,0.11319809909053774,0.07573470750519112,4566
21243,0.11312088068081388,0.5321573845918187,0.11312088068081388,-0.008985689274565,4567
28789,0.11310472873296668,0.41602098587623215,0.11310472873296668,0.0045509714396336776,4568
26467,0.1130746098285336,0.24040678290308376,0.1130746098285336,0.01735144387123222,4569
25073,0.11303117975695853,0.3764406437230844,0.11303117975695853,0.00575749877442161,4570
21221,0.11297015146616185,0.5262410729418052,0.11297015146616185,-0.006210808055281514,4571
22008,0.11295875614528933,0.4970620878538595,0.11295875614528933,0.010271253373682399,4572
22442,0.11292966422147725,0.16820210213373193,0.11292966422147725,-0.0009285631362006552,4573
23352,0.1128834476239046,0.11880181989576938,0.1128834476239046,0.03715231551540507,4574
24690,0.1128688760504985,0.17986795512183612,0.1128688760504985,-0.0014817797385192621,4575
20725,0.11284098597449177,0.5740012892276015,0.11284098597449177,0.0678285804681018,4576
21247,0.11265677340891594,0.2749898278150289,0.11265677340891594,0.021734352615732977,4577
25318,0.11260427656187744,0.7164784102327638,0.11260427656187744,0.0019035773565617697,4578
21290,0.11249398549652787,0.12154514300713132,0.11249398549652787,-0.01546913397991656,4579
29303,0.11248960951369141,0.6120750563151534,0.11248960951369141,0.045628105141935604,4580
26316,0.11241318067530737,0.3301380387431667,0.11241318067530737,0.02030370622372424,4581
27815,0.11236474849868733,0.13115118002462034,0.11236474849868733,0.056544340013121586,4582
24220,0.11231185018127718,0.18479536973541552,0.11231185018127718,-0.010765091726919862,4583
23481,0.11221190253923188,0.12610347775425398,0.11221190253923188,0.1641761386386788,4584
29753,0.11217500134377315,0.24776716091607873,0.11217500134377315,0.0063418973378650545,4585
26294,0.11198716623919736,0.23142693397229866,0.11198716623919736,-0.021938132458579895,4586
25617,0.11194272447544223,0.3988023298922598,0.11194272447544223,0.05204235209683222,4587
26122,0.1118856873634985,0.20178050286233537,0.1118856873634985,0.016599353059800204,4588
27336,0.11181032017554357,0.13705860906810807,0.11181032017554357,0.03647570612863127,4589
25950,0.11180788149237686,0.1383182279414098,0.11180788149237686,0.08831029175604124,4590
27502,0.11180650319622541,0.18106768755865804,0.11180650319622541,0.022649727830397648,4591
24388,0.11178516243547859,0.39097488189891494,0.11178516243547859,0.01469975507738669,4592
29892,0.11177962703657499,0.16010148924989626,0.11177962703657499,0.08510867895234736,4593
28442,0.11170793639975841,0.20390991376810244,0.11170793639975841,0.0242668696206621,4594
24786,0.11169445594013001,0.19406833254832373,0.11169445594013001,0.114030262163201,4595
20026,0.11163155937966066,0.14004480546254952,0.11163155937966066,0.09810164468153795,4596
20463,0.11155991093660744,0.7624819476700738,0.11155991093660744,0.009898584275064404,4597
25102,0.11151973534376142,0.5975747085640029,0.11151973534376142,0.001087067261956176,4598
20321,0.11151941141107832,0.21505588480892765,0.11151941141107832,0.02077775475937399,4599
21610,0.11147236954243005,0.20455842645455316,0.11147236954243005,0.026612529278521424,4600
27861,0.11146958563957604,0.410601761768627,0.11146958563957604,0.002067481753135869,4601
24144,0.11137406776885589,0.20480684058109205,0.11137406776885589,0.02814928753441165,4602
24742,0.11129984191003356,0.11386426810001742,0.11129984191003356,0.039137533058711815,4603
26635,0.11126846414980368,0.11981067910511736,0.11126846414980368,0.061397107479235186,4604
20385,0.11121409264181892,0.3733109725248509,0.11121409264181892,0.04854207574328928,4605
27519,0.11113582043419251,0.31001664200201196,0.11113582043419251,-0.00234454991395161,4606
21576,0.1110719126311274,0.33932662964431937,0.1110719126311274,0.025410246169378314,4607
20221,0.11101723867971147,0.1423278493497151,0.11101723867971147,-0.015741150763101425,4608
23858,0.1109202638552792,0.23187074892260479,0.1109202638552792,0.2044805778512078,4609
22323,0.11086038924162062,0.2760814522658717,0.11086038924162062,-0.007683585015943295,4610
24230,0.11084112906070791,0.1850735118243486,0.11084112906070791,0.007484329163510939,4611
24915,0.11079601422377161,0.17103789280921106,0.11079601422377161,0.1442853727778541,4612
21911,0.110725772188137,0.33672306713456374,0.110725772188137,0.012732928259456155,4613
22289,0.11068948068738296,0.16338268112455084,0.11068948068738296,0.01125483883300793,4614
23795,0.11064084731488462,0.21593944227881648,0.11064084731488462,-0.012144125171844766,4615
24735,0.11058889998167493,0.3446192744038542,0.11058889998167493,0.025765322618247877,4616
23091,0.11056071684203234,0.42971015986130423,0.11056071684203234,-0.017875376009712007,4617
25880,0.11053180221043535,0.38641350556765314,0.11053180221043535,0.005054402349468745,4618
29657,0.11041787259846364,0.3188310480897052,0.11041787259846364,0.008629727089503936,4619
23784,0.1102278229125645,0.37052680141542516,0.1102278229125645,0.009473744817528718,4620
20251,0.1101824774629242,0.13621912197773364,0.1101824774629242,-0.002360641947783626,4621
25002,0.11016561967122941,0.13238214239436147,0.11016561967122941,0.027432348689325647,4622
29259,0.11016365110152271,0.3391929500500715,0.11016365110152271,0.006476384238325306,4623
28116,0.10996132655264479,0.2973843002674964,0.10996132655264479,0.01978054222983333,4624
27651,0.10986771007538318,0.17181790653237985,0.10986771007538318,0.0013719200571864487,4625
27830,0.10969179106796773,0.5386039424661686,0.10969179106796773,0.04985078240042623,4626
24017,0.1096825432302182,0.4577214280197947,0.1096825432302182,0.012114817710368153,4627
26600,0.10965891669879227,0.18100827808068937,0.10965891669879227,-0.007138881774951755,4628
29739,0.10963364093485493,0.12698303782527634,0.10963364093485493,0.0432152686472681,4629
20117,0.10950576274805204,0.2860249184579358,0.10950576274805204,0.03414890871467979,4630
22872,0.10949180745291656,0.27383067525502885,0.10949180745291656,0.03630551877952265,4631
28555,0.10948500289992597,0.3326431813222497,0.10948500289992597,0.01981027939384672,4632
24119,0.10947284508075246,0.19192829305353473,0.10947284508075246,0.01447603004772996,4633
24582,0.10942822602372704,0.18390303678984052,0.10942822602372704,0.011348855164848737,4634
29860,0.10939101794841222,0.27256912382231674,0.10939101794841222,0.010109298463015837,4635
27735,0.10938614310964082,0.20122230525090246,0.10938614310964082,0.09961883624565687,4636
29322,0.10936710931885044,0.1294591583773447,0.10936710931885044,0.006757173042123532,4637
21855,0.10922649583544103,0.1475165676239959,0.10922649583544103,-0.0024221468003449154,4638
20754,0.10921218407306629,0.16543003494598785,0.10921218407306629,0.07579936662912623,4639
23383,0.1091670580480024,0.11319639453287877,0.1091670580480024,0.08866529627180994,4640
27881,0.10904425446210868,0.1260156884761841,0.10904425446210868,-0.01783597926343744,4641
27942,0.10903356732403297,0.15279515702584412,0.10903356732403297,0.18079151090626297,4642
22107,0.10900966476790795,0.10975744429738071,0.10900966476790795,0.062015631804420324,4643
21559,0.10900074469321665,0.21050320752901305,0.10900074469321665,0.054495137064411725,4644
23518,0.10898311536478869,0.2549603255902876,0.10898311536478869,0.03985043124957527,4645
24173,0.10897445634741731,0.1240869351615612,0.10897445634741731,0.006443325189874283,4646
21184,0.10870968879047811,0.15543057514261632,0.10870968879047811,0.14863200451676373,4647
22588,0.10862870234694254,0.14789671160152634,0.10862870234694254,0.07467722088573236,4648
21642,0.10857985029944778,0.12409906281085174,0.10857985029944778,-0.006974505438247347,4649
27487,0.10857052013913368,0.2800818138382836,0.10857052013913368,0.06395428521192503,4650
24165,0.10856223593410516,0.29725286937704687,0.10856223593410516,-0.00581810119887205,4651
24904,0.10853388552682225,0.1734394237315805,0.10853388552682225,0.026626711650221513,4652
27581,0.10848099042367362,0.34721066297299963,0.10848099042367362,-0.00579847021790364,4653
29673,0.10848063004527068,0.199509358572865,0.10848063004527068,0.03751945224999226,4654
25521,0.10845104529269622,0.6117002694323962,0.10845104529269622,0.0,4655
22823,0.10830310979642001,0.13327619077194805,0.10830310979642001,0.021976280322684838,4656
26569,0.10827216366866527,0.32324532293806774,0.10827216366866527,0.05083084210571165,4657
26355,0.10826905223050261,0.20194171000576747,0.10826905223050261,0.038252428427771434,4658
20293,0.10826820909983773,0.3169015732182107,0.10826820909983773,0.1088529126075774,4659
29697,0.10824500088741484,0.14881607555656395,0.10824500088741484,0.004651198668409906,4660
29468,0.10819337026147108,0.3454195428683714,0.10819337026147108,0.039219833330404685,4661
26012,0.10818297517165731,0.1899719913582238,0.10818297517165731,0.0038424558237118434,4662
24042,0.10814930785449452,0.12925610653948746,0.10814930785449452,0.04461523203024015,4663
28298,0.10813908196124265,0.14973310864825798,0.10813908196124265,0.23840618692847346,4664
21371,0.10813733012763521,0.2848923696474724,0.10813733012763521,0.004205380904890477,4665
22253,0.10813405880846201,0.16525193687033304,0.10813405880846201,-0.012639561218665607,4666
27867,0.10812837018196596,0.13295724985237806,0.10812837018196596,-0.0025818489121098853,4667
25062,0.10807034993290446,0.11991808810446994,0.10807034993290446,0.036783089509442646,4668
24139,0.10792201717923058,0.15252559497777055,0.10792201717923058,0.05420408137870997,4669
25807,0.10787277746840315,0.14476966035210992,0.10787277746840315,0.014541417333828466,4670
29881,0.10786021012302444,0.25016545533423024,0.10786021012302444,0.03626445219296098,4671
27497,0.1078578153813847,0.11212388331285036,0.1078578153813847,0.03591324479769603,4672
21783,0.10782980163447581,0.23579516388104732,0.10782980163447581,0.0014081867658944924,4673
22315,0.107818806406091,0.11438250004635975,0.107818806406091,0.029399712452010507,4674
22640,0.10774570737253666,0.24809773464564241,0.10774570737253666,-0.010225732148213457,4675
24446,0.10770566983867647,0.2865643489463944,0.10770566983867647,0.005471633806652387,4676
24380,0.10768376488657105,0.7027746294731859,0.10768376488657105,-0.002307395994569972,4677
25328,0.10758479114122958,0.13697425482682044,0.10758479114122958,0.07046414649775024,4678
26661,0.10754599471635573,0.12087403470261113,0.10754599471635573,0.024220995747526397,4679
24478,0.10752605866698584,0.11889005872092193,0.10752605866698584,0.05421099003770158,4680
26370,0.10747960662519251,0.13214013278556444,0.10747960662519251,0.0229137062636654,4681
26296,0.10747138020232827,0.3759290801501185,0.10747138020232827,0.018284421103687443,4682
27288,0.10746762539485671,0.16929626205922327,0.10746762539485671,0.024207385911769408,4683
22707,0.10740636549041115,0.17829911360539935,0.10740636549041115,0.008501188645365754,4684
22463,0.10737392922680444,0.4152499722439842,0.10737392922680444,0.031705553426911615,4685
29114,0.10734926203671666,0.1387907504618671,0.10734926203671666,0.052879592617249116,4686
20957,0.10733206231384132,0.23792919476451532,0.10733206231384132,0.006481545519811283,4687
24299,0.10725797303359783,0.2679130212354874,0.10725797303359783,0.028910369375634182,4688
29929,0.10719777389495136,0.3270223078750191,0.10719777389495136,0.012036747990668728,4689
26325,0.10719323008930043,0.252215929487888,0.10719323008930043,0.0006077478555671645,4690
22793,0.10713874137994031,0.2683943953042115,0.10713874137994031,-0.00300929329428834,4691
23262,0.10711001498957097,0.13873319706353887,0.10711001498957097,0.20564729741296467,4692
24963,0.1071083427464504,0.14045587202500256,0.1071083427464504,0.03223679228180412,4693
23709,0.10703626001160405,0.11338710959811606,0.10703626001160405,0.10895125611217829,4694
23261,0.10702812866095449,0.13722762962480817,0.10702812866095449,0.18666912978450528,4695
27637,0.10700871268497791,0.48528476605333204,0.10700871268497791,0.0,4696
25396,0.10700863237916558,0.7234184894904588,0.10700863237916558,0.022857551329464765,4697
27688,0.10696323178937855,0.12263118499994477,0.10696323178937855,0.03143349820529698,4698
27788,0.10693060050381052,0.16257914104041488,0.10693060050381052,0.011784859597532282,4699
21428,0.106684575325265,0.1284167101321363,0.106684575325265,0.018166463023711166,4700
24584,0.10666907651180588,0.244139588699869,0.10666907651180588,0.04587823309336986,4701
29162,0.10663229437608632,0.11895224463472896,0.10663229437608632,0.06854048163299525,4702
26337,0.10654007636454121,0.22071908785975877,0.10654007636454121,0.03120128740335698,4703
23356,0.10644899713354518,0.225851470052194,0.10644899713354518,0.028713592216679573,4704
27265,0.1063741812183177,0.12055865997455054,0.1063741812183177,0.07238435697841364,4705
27822,0.10634536901133806,0.33829200569486445,0.10634536901133806,-0.005635168608079055,4706
27759,0.106327909070598,0.24271578010538128,0.106327909070598,0.017820215946626194,4707
29728,0.10625046668533727,0.5052585871716981,0.10625046668533727,0.012920757808523198,4708
27728,0.10614094341883107,0.386527567939865,0.10614094341883107,0.001892637364745653,4709
28367,0.10614021485230685,0.6112940334733294,0.10614021485230685,-0.0024210461509268644,4710
22548,0.10607133310761055,0.12604357118285936,0.10607133310761055,0.014611666062420703,4711
20797,0.1060167272933435,0.4948753054778089,0.1060167272933435,0.01547557696510471,4712
24591,0.10600156825361412,0.5978794624476291,0.10600156825361412,0.03892120755175893,4713
24475,0.1059900684501399,0.11812461677843862,0.1059900684501399,0.03840405791211954,4714
21122,0.10590114727196343,0.44234781503491943,0.10590114727196343,0.0,4715
29032,0.10589028398602374,0.11264902825642625,0.10589028398602374,0.15240145217323714,4716
25465,0.10585681286918258,0.7800014985981145,0.10585681286918258,0.025318529697040515,4717
23155,0.10577502876553768,0.4041406552565404,0.10577502876553768,0.012874737876483633,4718
23841,0.10573588727246014,0.3653654888867323,0.10573588727246014,0.0015633623080921755,4719
23515,0.10567023369206056,0.12465738482651313,0.10567023369206056,-0.02995665198547265,4720
23946,0.10566358147219336,0.17273990892194413,0.10566358147219336,0.06815772698128195,4721
22937,0.1056498195494895,0.2222041025651921,0.1056498195494895,0.032211761375636694,4722
24188,0.10561352589489544,0.18605077831528377,0.10561352589489544,-0.011990649089754835,4723
22882,0.10560300727939889,0.11497138551012466,0.10560300727939889,-0.03989458787491093,4724
27677,0.10559230393638998,0.15505458523814858,0.10559230393638998,0.0,4725
22130,0.10554350364573883,0.12344383776533535,0.10554350364573883,0.07763426185309252,4726
27819,0.10550865254030348,0.20852440005150855,0.10550865254030348,0.02658596215074821,4727
20654,0.10550199267332294,0.11535602754902866,0.10550199267332294,0.20044464429570266,4728
24998,0.1054934504577689,0.10812577710169119,0.1054934504577689,0.07196295228998176,4729
27656,0.10549117014732728,0.15326779040691307,0.10549117014732728,0.03209345382982931,4730
26446,0.10541264463702821,0.37233474601021316,0.10541264463702821,0.04965440841530344,4731
28316,0.10535819956977066,0.5767043418759152,0.10535819956977066,0.003098520794530657,4732
29159,0.10522634087069349,0.3553899811703297,0.10522634087069349,0.05012026168413397,4733
21099,0.10518399723493088,0.2135086241100129,0.10518399723493088,-0.0023934657319761854,4734
27605,0.10516592539111042,0.17729163041028906,0.10516592539111042,0.040753877070572875,4735
21340,0.10505644387425381,0.23170891671463034,0.10505644387425381,-0.002281181832705037,4736
28811,0.10504914301777157,0.44514656100272365,0.10504914301777157,0.0019511042449141813,4737
24920,0.10502081422286519,0.23016641831113588,0.10502081422286519,-0.0014944773071028372,4738
21022,0.10500501419463681,0.21613506772376959,0.10500501419463681,0.039719790150873124,4739
23584,0.1049907177486884,0.1568122384360937,0.1049907177486884,0.05739761759941253,4740
26962,0.10495479600555112,0.11532541353019182,0.10495479600555112,0.05435550796651323,4741
21434,0.10494783760912424,0.42927860897461245,0.10494783760912424,-0.002326517185962884,4742
25853,0.10491465550433385,0.3517549517222669,0.10491465550433385,0.020038634377763265,4743
26120,0.10488377756007408,0.18017111542466152,0.10488377756007408,0.07445138449628452,4744
26195,0.10480935458219401,0.2728676996401154,0.10480935458219401,-0.017026966765890106,4745
29419,0.10479722507839553,0.18324417626163025,0.10479722507839553,-0.011205741354681109,4746
22631,0.10473742788161466,0.16851889678266257,0.10473742788161466,0.07831472813200119,4747
26090,0.104682083904657,0.1106113941153971,0.104682083904657,0.05018866122536378,4748
21473,0.1046763738916639,0.39173854066224534,0.1046763738916639,0.026138558830849257,4749
25217,0.10464007636603134,0.13242857295651758,0.10464007636603134,0.008463271491520596,4750
20202,0.10429300934081401,0.15161427917226866,0.10429300934081401,0.12087891522430999,4751
21453,0.10424685228435798,0.3301516909029592,0.10424685228435798,0.024078659495950727,4752
22181,0.10423821182486767,0.3058643401795515,0.10423821182486767,-0.012841009902096356,4753
21943,0.10411213560520598,0.21572303483689553,0.10411213560520598,0.027698804910526842,4754
20718,0.10403289186255735,0.15954358963793902,0.10403289186255735,0.00783499826471179,4755
24527,0.10395540064606987,0.24618467124597226,0.10395540064606987,-0.020638463929665285,4756
21471,0.10385695560031862,0.10749517739743196,0.10385695560031862,0.16982727818643154,4757
27860,0.10371476717279611,0.13587501932280954,0.10371476717279611,-0.0057229834679183855,4758
22239,0.10369318858974672,0.1262643112607373,0.10369318858974672,0.0037752998689747075,4759
27514,0.10368733750032358,0.10848938062208661,0.10368733750032358,0.011656999459612377,4760
24987,0.10366456849049968,0.35332861594103065,0.10366456849049968,0.06199204680222381,4761
27608,0.10358225018119338,0.6412888234948672,0.10358225018119338,0.004504358930490282,4762
28862,0.10350037458367928,0.11090433611493311,0.10350037458367928,0.08304486289172852,4763
21101,0.10346928638530696,0.2071631022617803,0.10346928638530696,-0.00975611152645861,4764
28490,0.10342154573165524,0.1684028355183103,0.10342154573165524,0.1215733142901286,4765
29760,0.10338500467130532,0.2982870740385624,0.10338500467130532,0.03707001575250579,4766
23019,0.10335278427000236,0.10735971935790661,0.10335278427000236,0.06528098032432325,4767
23044,0.10327426607373015,0.13148572068851935,0.10327426607373015,0.03252597962036566,4768
28000,0.1031687090553679,0.2511444397954356,0.1031687090553679,0.044793177072869894,4769
29514,0.10314591702369455,0.14389858540608017,0.10314591702369455,0.036219737041286726,4770
27201,0.1031436662134,0.18635758582976336,0.1031436662134,0.0907088630775979,4771
22642,0.10310786547400863,0.45030828290197517,0.10310786547400863,0.043224880904860874,4772
29179,0.10310744169945602,0.37333895556955765,0.10310744169945602,0.01649528972846004,4773
25493,0.10310386558011853,0.7278546181232246,0.10310386558011853,0.0019509246820327286,4774
24648,0.10308941711317168,0.2410453853884735,0.10308941711317168,0.11069775261601977,4775
22538,0.10307908153513559,0.1511387300742373,0.10307908153513559,-0.009695776108638338,4776
25188,0.10295556220603135,0.1844704661463483,0.10295556220603135,0.03366668435111503,4777
23075,0.10293053091589256,0.22013100479643036,0.10293053091589256,0.016544668709625177,4778
21441,0.10286704173032277,0.12829198582825363,0.10286704173032277,0.03333069993232346,4779
26697,0.10283010286645822,0.8043332107451707,0.10283010286645822,0.02236978349539709,4780
21704,0.10278759660923745,0.23960008309737202,0.10278759660923745,0.01776870981596196,4781
26919,0.10273163849887729,0.105254829172836,0.10273163849887729,-0.033980857879471915,4782
23264,0.10263497816764067,0.6313639170721007,0.10263497816764067,-0.0012721259445719335,4783
23643,0.10259719910628315,0.12481261314228789,0.10259719910628315,0.0997095480414314,4784
27005,0.10252451083181852,0.24043442683063573,0.10252451083181852,0.029430088339727767,4785
21629,0.10251687722036638,0.2225690913461629,0.10251687722036638,0.004046345348939051,4786
26538,0.10247455836330975,0.18272862105440468,0.10247455836330975,0.19469610822990388,4787
23569,0.10235568098099349,0.11951430846970948,0.10235568098099349,0.006865418103557008,4788
24813,0.10229160833773442,0.11158080106717447,0.10229160833773442,0.05770689714408289,4789
27790,0.10217142432020831,0.14380061050633883,0.10217142432020831,0.018007684085952436,4790
24966,0.10207937148833973,0.4087726571570635,0.10207937148833973,0.013028000383076832,4791
20667,0.10206251891257814,0.18268938091269626,0.10206251891257814,0.21123572998484252,4792
26241,0.10195542137673369,0.13885391501883207,0.10195542137673369,0.022686884196937818,4793
25019,0.10191606920078677,0.13984172117573113,0.10191606920078677,0.1458830290716782,4794
26091,0.10191296443028014,0.13325934985636861,0.10191296443028014,0.11297210730055737,4795
29170,0.1019065074611118,0.20960462256069684,0.1019065074611118,0.09800605342911889,4796
26483,0.10190617591750495,0.1881049482810631,0.10190617591750495,-0.0023842745702744583,4797
23885,0.10190448791612265,0.2236887583593991,0.10190448791612265,0.013137134697532193,4798
28855,0.10187816799362626,0.7492327628525528,0.10187816799362626,0.0,4799
27971,0.10180580877364076,0.6003543404988038,0.10180580877364076,-0.0010189637991598888,4800
23720,0.10170606904685889,0.1337829663108475,0.10170606904685889,0.018362097346668937,4801
22888,0.10165628530173293,0.5671793144145896,0.10165628530173293,-0.0023580405940535343,4802
21139,0.10144899338327351,0.21789624861599494,0.10144899338327351,0.024600741697930584,4803
29557,0.10130756733311408,0.15735487308158783,0.10130756733311408,0.00807873437009482,4804
28045,0.10129610305335224,0.535712688847676,0.10129610305335224,0.004180901647444113,4805
25308,0.10129363434462985,0.12049460118242437,0.10129363434462985,0.08057176490386253,4806
27051,0.10128189074301452,0.16211045854438355,0.10128189074301452,0.011141760936875855,4807
28926,0.10127054025180837,0.38350713328693076,0.10127054025180837,0.024366147037522767,4808
26338,0.10126246955831442,0.46130545685240937,0.10126246955831442,0.014463848475251062,4809
27555,0.10123696967029419,0.13635455639614802,0.10123696967029419,0.003398688070015199,4810
22490,0.10122043636225658,0.31503328812748543,0.10122043636225658,0.0209280961861254,4811
20722,0.10120014041121253,0.2508257514126074,0.10120014041121253,0.00247113974807589,4812
29300,0.10110794707690647,0.16530429430078222,0.10110794707690647,0.03559200243922578,4813
27220,0.10108640165330152,0.23764392983446636,0.10108640165330152,0.12596814595104125,4814
27685,0.1010777513188072,0.2559535221374673,0.1010777513188072,0.01458998400757111,4815
21666,0.1010453831724834,0.27651846817019987,0.1010453831724834,0.013744429949039738,4816
23687,0.10101238306046884,0.2923281872309688,0.10101238306046884,0.009689222483552307,4817
23998,0.10099961336892169,0.193133554534371,0.10099961336892169,0.046115253771387976,4818
28911,0.10091286418696815,0.23559061565882972,0.10091286418696815,0.022924556098582016,4819
20668,0.10091099309432608,0.24459738327562974,0.10091099309432608,0.01109357218053797,4820
21426,0.10065422294804129,0.10703857140744875,0.10065422294804129,0.0571268470667039,4821
27593,0.10063219109706459,0.17400447552503254,0.10063219109706459,-0.0014940522325412875,4822
28633,0.10060350947462739,0.17675138609479576,0.10060350947462739,0.1513803792711813,4823
22298,0.10060254553432711,0.1588675864609016,0.10060254553432711,0.15567458713155313,4824
23549,0.10054902037900326,0.6496136595802643,0.10054902037900326,0.019123755629608996,4825
24592,0.10053134509687978,0.5002114188608285,0.10053134509687978,0.0,4826
22035,0.1003795213773826,0.37591595300702135,0.1003795213773826,0.017996576240770057,4827
21533,0.10033847875226647,0.16217184251608213,0.10033847875226647,0.008896661514231796,4828
20241,0.10033016356915145,0.12947876725875312,0.10033016356915145,0.1156840738571844,4829
20185,0.10024899363276568,0.1129642162852428,0.10024899363276568,0.024247368785905887,4830
23126,0.10022483750695269,0.27025800842403175,0.10022483750695269,-0.007426121709725619,4831
26822,0.10015630799743538,0.1128112620897269,0.10015630799743538,0.04106916725390264,4832
23660,0.10011096950270076,0.24331659400187539,0.10011096950270076,0.03631329380883491,4833
22506,0.10004021787258384,0.10610021806943373,0.10004021787258384,0.04747604515283127,4834
25502,0.09998006967790607,0.44984863810886583,0.09998006967790607,0.020889669071276096,4835
28650,0.09997716288677166,0.21641772011013502,0.09997716288677166,0.04709763961591312,4836
24923,0.09994312611089684,0.1407135979248343,0.09994312611089684,0.013014149113658502,4837
22242,0.09991177151324354,0.12721205843145353,0.09991177151324354,0.04320717995458251,4838
20481,0.0997914506744431,0.21716738332405755,0.0997914506744431,0.1291268718179466,4839
27572,0.09975482534541369,0.23803811086673252,0.09975482534541369,0.003372470010462758,4840
29910,0.09973758962439122,0.3445606337213011,0.09973758962439122,0.03268878109656059,4841
29377,0.09971099812488564,0.11124473921505289,0.09971099812488564,0.0013763547515367458,4842
22303,0.09964100234273573,0.26717281552050826,0.09964100234273573,-0.011158414729807081,4843
28595,0.09963414992474397,0.10115913278348145,0.09963414992474397,0.13541403652916809,4844
22966,0.09963212881350253,0.5964877000456963,0.09963212881350253,0.025355650471335145,4845
27927,0.0995376994510686,0.3615821983491462,0.0995376994510686,-0.001015469450349693,4846
28169,0.09953464708400325,0.1275382819477411,0.09953464708400325,-0.003828010713269353,4847
21183,0.09953282541031666,0.2005608520875229,0.09953282541031666,-0.014635453810032062,4848
24670,0.09933900675605176,0.2889753628517202,0.09933900675605176,0.024620911496907316,4849
21039,0.09932408570485143,0.2640173982334338,0.09932408570485143,0.11016011405298928,4850
27124,0.09928708031484189,0.10724889261480926,0.09928708031484189,0.07107242446142362,4851
24750,0.09925206768068684,0.20181412410937954,0.09925206768068684,0.056433645078460604,4852
26772,0.09915624892555845,0.19201617278386396,0.09915624892555845,0.019906140311913456,4853
23775,0.09910538474708729,0.18270222686630494,0.09910538474708729,0.03533601542190268,4854
25508,0.09898788182434615,0.6495904950316718,0.09898788182434615,0.0,4855
20891,0.09894226580369159,0.23246676230138671,0.09894226580369159,0.07554454216596501,4856
23076,0.09891014123123273,0.24246876632024367,0.09891014123123273,-0.027990117797574654,4857
27745,0.09886372741964228,0.1535383735343746,0.09886372741964228,0.025342617208432783,4858
28297,0.09879280875409187,0.18490703936511665,0.09879280875409187,0.08430470610824481,4859
26290,0.09878949609385423,0.3144117729181666,0.09878949609385423,0.061649484821478195,4860
23988,0.09864099027183255,0.1893148356838951,0.09864099027183255,0.18774337943915648,4861
22193,0.09846781654316863,0.14922626156408242,0.09846781654316863,0.06903936212883244,4862
29800,0.09839304874596136,0.11075707123067413,0.09839304874596136,0.007027935414171682,4863
26995,0.09835761420751607,0.26917252039076184,0.09835761420751607,0.014399730855032433,4864
20044,0.09822498267962909,0.3538778411787781,0.09822498267962909,0.02133303048725893,4865
26593,0.09821928029698496,0.34959157715672257,0.09821928029698496,0.05295929532741195,4866
20227,0.09811340747384102,0.11119432520427322,0.09811340747384102,0.09990675137099184,4867
26309,0.09809051520053469,0.10129314582432208,0.09809051520053469,0.03509187621864629,4868
29607,0.09799529802634374,0.2070810667353764,0.09799529802634374,0.04727554352498986,4869
21761,0.09797959151374039,0.32802229289004886,0.09797959151374039,0.059339592977492084,4870
28069,0.09794571659901125,0.5656482545448696,0.09794571659901125,0.010778250110720755,4871
22385,0.09789629452139946,0.12335839145038976,0.09789629452139946,0.1306875055953322,4872
27279,0.09788883094809198,0.35865445632100434,0.09788883094809198,0.023532888595263257,4873
21702,0.09781203368091258,0.14005225529488158,0.09781203368091258,0.017550469543448022,4874
26147,0.09779851782065829,0.132675762589245,0.09779851782065829,0.04517902025221507,4875
25356,0.09778666567500444,0.12862325416731407,0.09778666567500444,0.006166493373168602,4876
21084,0.09775704743051944,0.5240553953894752,0.09775704743051944,-0.03292676036953551,4877
21130,0.0976965175534536,0.3843960261364641,0.0976965175534536,0.010630287499251656,4878
21705,0.09766973967626,0.11749095236525776,0.09766973967626,0.04995060869953913,4879
25276,0.09760017742680704,0.7085888030109478,0.09760017742680704,-0.006146592144551266,4880
27378,0.09751898147616805,0.1458175512017921,0.09751898147616805,0.011198939017705578,4881
29067,0.09733495307458812,0.5229805839405276,0.09733495307458812,0.01692378182869847,4882
29595,0.09728021895732747,0.26271976224987087,0.09728021895732747,0.10557701661674063,4883
25895,0.09722630653267053,0.26646114837409196,0.09722630653267053,0.0046829903395066985,4884
21486,0.09712883165542996,0.1053248925596153,0.09712883165542996,0.016749259428673835,4885
23454,0.09710620666107023,0.4259003575409452,0.09710620666107023,0.0505093197534775,4886
29871,0.09688947345753679,0.10391461825723022,0.09688947345753679,0.04620824198009352,4887
28852,0.0968701793070222,0.14462088318962932,0.0968701793070222,0.09600716667592574,4888
25069,0.09684765503738316,0.10728952964969143,0.09684765503738316,-0.0022688966251869502,4889
27634,0.0967931483478209,0.14432287654202977,0.0967931483478209,0.08587803374615488,4890
20001,0.09674260525165206,0.11838805115764607,0.09674260525165206,0.0,4891
23063,0.09665902418564658,0.22105419970795048,0.09665902418564658,0.01488030440915894,4892
27564,0.096596233304097,0.40394110719372955,0.096596233304097,0.021725450210194897,4893
28556,0.09657525127955066,0.18959210990608147,0.09657525127955066,0.017524556676945857,4894
28345,0.09657338984388776,0.19256399120149828,0.09657338984388776,0.08148758441844017,4895
20488,0.09652988039039134,0.18134575389984534,0.09652988039039134,0.1370287360363941,4896
21485,0.09651094749839793,0.11359359968301028,0.09651094749839793,-0.004458039299266386,4897
28267,0.09650828040677413,0.15110771605772122,0.09650828040677413,-0.00766104320576938,4898
24433,0.09646761503908058,0.30798195775441284,0.09646761503908058,0.011023087177435165,4899
27194,0.09643564963876805,0.7702382496484836,0.09643564963876805,0.0038822251107900607,4900
25154,0.09642975906657153,0.5020406260011634,0.09642975906657153,0.0060474736865779866,4901
29270,0.09629767632118556,0.17032754841631365,0.09629767632118556,0.05610010752532013,4902
21395,0.0962897051373888,0.11361717540291663,0.0962897051373888,0.02518620046513348,4903
26017,0.09628822796792727,0.22955170675540815,0.09628822796792727,0.03243960112377131,4904
24873,0.0962320121755918,0.21235629297189274,0.0962320121755918,-0.005955950369275653,4905
29497,0.09607036658094847,0.5333339993202998,0.09607036658094847,0.01743783242036867,4906
25046,0.09601004197206628,0.24407179036540366,0.09601004197206628,0.041800244443030765,4907
23846,0.09594346516001505,0.10190926194333899,0.09594346516001505,0.07159546639502065,4908
28841,0.09590793945104195,0.23604197951845296,0.09590793945104195,0.03635061555655583,4909
21679,0.09584936688678658,0.4742700581660987,0.09584936688678658,0.04781952369739245,4910
29195,0.09576910608037287,0.5422076675162547,0.09576910608037287,0.054521715160083695,4911
21291,0.09574446084302149,0.17218339943046523,0.09574446084302149,0.02555582267111406,4912
22959,0.0957041645622772,0.12184123830119639,0.0957041645622772,0.047962397723807226,4913
21203,0.09566924198429477,0.12063739485550311,0.09566924198429477,-0.006470637205514385,4914
20090,0.09560235748504689,0.14276785963560554,0.09560235748504689,-0.007610551061986659,4915
24057,0.09558587664636212,0.24362379724827235,0.09558587664636212,0.010624914085461956,4916
21846,0.09557170750591415,0.15269543978666428,0.09557170750591415,0.09529552857074206,4917
22620,0.0955712873938542,0.13719508186666385,0.0955712873938542,0.01759271907921478,4918
29130,0.09555249216925138,0.3237278231931144,0.09555249216925138,0.10406436898945065,4919
26801,0.09553262618266428,0.28711383336831725,0.09553262618266428,-0.006703547513829178,4920
28148,0.09550057219148458,0.31258121433812247,0.09550057219148458,0.021815004790086356,4921
25563,0.0953952663387715,0.10574876230089292,0.0953952663387715,0.03324785971337765,4922
23398,0.09539251858575179,0.29659765847107117,0.09539251858575179,0.011766586175273264,4923
24800,0.095383983682917,0.24299262870013727,0.095383983682917,0.0020437854724105198,4924
21946,0.09524413917781946,0.24951406392440134,0.09524413917781946,0.03435056489265742,4925
23945,0.09514558763582642,0.5214519727924635,0.09514558763582642,0.014487741204900928,4926
23102,0.09514490289788767,0.11177417404995592,0.09514490289788767,0.026178869658675774,4927
28535,0.0950877062977965,0.5270705432818692,0.0950877062977965,0.00903970281415345,4928
20502,0.09508618844224037,0.3110689873453017,0.09508618844224037,-0.001546499094981224,4929
28719,0.09507103373710302,0.410942619773193,0.09507103373710302,0.001092211822695477,4930
20098,0.09498660115143269,0.10490891738464594,0.09498660115143269,0.04705692886944707,4931
26140,0.09489193599370202,0.09865591393965997,0.09489193599370202,0.11257511768161266,4932
20904,0.09485365302573626,0.10339174768558634,0.09485365302573626,0.052049657557714624,4933
27756,0.0947471117615074,0.21685287688098578,0.0947471117615074,0.03488815636704223,4934
20410,0.09473873873332922,0.3746175842584277,0.09473873873332922,0.022022009576813217,4935
23067,0.09459741821635047,0.14383842110002515,0.09459741821635047,0.013989699977758258,4936
20201,0.0945888664606834,0.10572066888103333,0.0945888664606834,0.0011081613076441288,4937
20773,0.09455730051593039,0.14668949670740625,0.09455730051593039,0.13250191771511682,4938
20209,0.09451744999118634,0.21747612306709838,0.09451744999118634,-0.0005717850486884335,4939
23532,0.09450768267472814,0.4490126377121709,0.09450768267472814,0.0060185375345063186,4940
28302,0.09439651386668607,0.20641716094614004,0.09439651386668607,0.024419953253306204,4941
20179,0.09438691591692328,0.1151147009972921,0.09438691591692328,0.14621473859897643,4942
21319,0.09431730247308712,0.25473044993269484,0.09431730247308712,0.08560380739620829,4943
21853,0.09426439972441951,0.15764458954490912,0.09426439972441951,0.04211102153764695,4944
27229,0.09424881946110268,0.09834489703748797,0.09424881946110268,0.21884059055354438,4945
26674,0.09422306724847843,0.25359728803995946,0.09422306724847843,0.015539104702627038,4946
28740,0.09413695621498613,0.12236481781680597,0.09413695621498613,0.0006084697479824541,4947
23933,0.09410275676749465,0.20274693133298488,0.09410275676749465,0.004602336680476049,4948
29178,0.09406864712794011,0.2394798796654202,0.09406864712794011,-0.0023495957226047914,4949
23121,0.09402286806156385,0.1078463952522998,0.09402286806156385,0.10196020320587115,4950
27737,0.09391561182914537,0.2522126179305119,0.09391561182914537,0.04018877417430622,4951
22266,0.09386447682298561,0.20140912716403525,0.09386447682298561,0.0787512177587899,4952
28589,0.09382372108609363,0.24503564046286955,0.09382372108609363,0.05113740169444597,4953
25360,0.09381222388984761,0.11188884069308097,0.09381222388984761,0.13581549237569843,4954
25881,0.0937888269727889,0.1845277635446101,0.0937888269727889,0.027524641445562936,4955
21964,0.09358728628696977,0.46503697998550314,0.09358728628696977,0.030893331981214467,4956
24450,0.09354041440603081,0.10113672067073365,0.09354041440603081,-0.008272872536265019,4957
22934,0.09353544445572594,0.10829574982277235,0.09353544445572594,0.021192784641070994,4958
25083,0.0935147756895896,0.11257184285912493,0.0935147756895896,0.14985427947815966,4959
27398,0.09341846030527988,0.15175277270156007,0.09341846030527988,0.038095004059251036,4960
27042,0.09338229581501545,0.28073238638992626,0.09338229581501545,0.01257124423620698,4961
25634,0.09333366761663357,0.10380456927311114,0.09333366761663357,0.1510504354962515,4962
26379,0.09318677641186546,0.8032781686760435,0.09318677641186546,0.013995889841465159,4963
29795,0.09316731780691392,0.3234881924620091,0.09316731780691392,0.010438185589859206,4964
28938,0.09297465700117946,0.10292406139101828,0.09297465700117946,0.06337783090084764,4965
25398,0.09291061775632027,0.10360535829979628,0.09291061775632027,0.1157585040947832,4966
26595,0.0928565259868325,0.10101777196530193,0.0928565259868325,0.1255670230154296,4967
21148,0.09276715952475034,0.13181506650438332,0.09276715952475034,-0.01301405688584134,4968
29058,0.09271458243501418,0.3826501642631677,0.09271458243501418,0.041482273032237726,4969
24719,0.09264550024908966,0.10709411687815316,0.09264550024908966,0.051005562956383144,4970
23117,0.09259594990957232,0.48423161623790323,0.09259594990957232,0.010447425851200953,4971
24323,0.09255336565009989,0.18965213593906155,0.09255336565009989,-0.0021208390137646416,4972
25386,0.09249791941749562,0.20785027794814923,0.09249791941749562,0.06396918146690361,4973
23802,0.09244497919669842,0.09916633065853679,0.09244497919669842,0.03423731287738027,4974
23369,0.09239986905237121,0.2717897182697942,0.09239986905237121,0.03562998321556049,4975
27405,0.09238168393489227,0.10415470234470997,0.09238168393489227,0.03766833575309647,4976
26867,0.09238105334151796,0.10030471202866578,0.09238105334151796,0.032061735361843424,4977
28109,0.09237361215345824,0.531111653869004,0.09237361215345824,-0.002364060595788753,4978
23916,0.09232860578865859,0.10960387318514474,0.09232860578865859,0.06553542548763364,4979
20389,0.09226996475345615,0.0984459302230895,0.09226996475345615,0.043637408149267115,4980
24040,0.09224770746226979,0.13302712847355255,0.09224770746226979,0.03551978166455083,4981
20217,0.09207899263534713,0.11297473791157653,0.09207899263534713,-0.008659554424072013,4982
21505,0.09205906638698026,0.1297294203368215,0.09205906638698026,-0.0022331773801156918,4983
28289,0.0920064156364262,0.46875671587595485,0.0920064156364262,0.03882587232362611,4984
21051,0.09197836962382552,0.14980570058593742,0.09197836962382552,0.015922417119683896,4985
23300,0.09187885569392262,0.0971994567312723,0.09187885569392262,0.07982899793217854,4986
23025,0.09186557556097158,0.3291883343656188,0.09186557556097158,0.03872031899163475,4987
28274,0.09171705215398432,0.21037419312284575,0.09171705215398432,0.01569458148663949,4988
28456,0.09169722677453332,0.2593165651016102,0.09169722677453332,0.020079499316490307,4989
27544,0.09158058769231592,0.1559349510802459,0.09158058769231592,0.03256129803141389,4990
27626,0.09154153755920041,0.1725054550085275,0.09154153755920041,-0.0008253953165223704,4991
21613,0.09153604335602716,0.5351647876055391,0.09153604335602716,0.0,4992
26683,0.09150580196425256,0.27727483538416303,0.09150580196425256,0.003601585643781935,4993
24051,0.09138128089784284,0.2908751530802526,0.09138128089784284,0.05574217222978184,4994
27660,0.09136474300199983,0.19591269862561228,0.09136474300199983,0.023301006377277722,4995
29718,0.09134790293477052,0.14312086530709375,0.09134790293477052,-0.00248366100279529,4996
29280,0.09130302540925751,0.1168424226411644,0.09130302540925751,0.034519026043101475,4997
24479,0.09128952057378736,0.14676084187313285,0.09128952057378736,0.050126525591079385,4998
26416,0.09127585325618695,0.21930559757400261,0.09127585325618695,0.03244027541160077,4999
27965,0.09098430520515371,0.23859624859337422,0.09098430520515371,-0.00045427592464830635,5000
23655,0.09097987258133004,0.16583850917592868,0.09097987258133004,-0.009553553451794261,5001
21449,0.09096804802212621,0.15100928648299766,0.09096804802212621,0.08897014603898629,5002
28501,0.090915490751732,0.4424689195691898,0.090915490751732,0.04257278642087997,5003
24619,0.09090293989653243,0.21340044269439673,0.09090293989653243,0.07269584337907872,5004
22481,0.09087969799169732,0.5560547554273214,0.09087969799169732,0.0,5005
28151,0.09084311845083948,0.17728193771345216,0.09084311845083948,0.11024480655059543,5006
25970,0.0908409474323314,0.1285699907990657,0.0908409474323314,0.022560505742003578,5007
26474,0.09081432984675848,0.10415287975634827,0.09081432984675848,0.021321353274556254,5008
27768,0.09081187508314426,0.1420894952473824,0.09081187508314426,0.01975988146689972,5009
21103,0.09080373568306133,0.845435927094506,0.09080373568306133,0.00459472706262376,5010
29872,0.09070340436121749,0.09607875178124514,0.09070340436121749,0.02884735249358028,5011
28604,0.09056733676800247,0.22967651243168305,0.09056733676800247,-0.002610831482320386,5012
22462,0.09056447853745114,0.120480639916978,0.09056447853745114,0.05790145156111809,5013
29640,0.09055628641576402,0.5685267416461773,0.09055628641576402,0.00017665620091011913,5014
29262,0.0904960358541852,0.21761315797406008,0.0904960358541852,0.024942024325443846,5015
27139,0.09049538458945718,0.12355501809131274,0.09049538458945718,0.10306505760170015,5016
21063,0.09043750652304114,0.13573538665400944,0.09043750652304114,0.08925110953988324,5017
29161,0.0904259540399811,0.2900521079146372,0.0904259540399811,0.008625335049463001,5018
24289,0.09038385930134558,0.09555597540295914,0.09038385930134558,0.04764852162369346,5019
22558,0.09032849296946388,0.5255527926999121,0.09032849296946388,0.004889247569428323,5020
27243,0.09030122566997117,0.16794843037925355,0.09030122566997117,0.025517581416720114,5021
21410,0.09023687441378325,0.40262112821754037,0.09023687441378325,-0.009854474387895662,5022
29125,0.09022432221192056,0.40849253302022426,0.09022432221192056,0.039939743837761,5023
26443,0.09017203378249689,0.3566495901164848,0.09017203378249689,0.0390971581818792,5024
29344,0.09002254868809538,0.10723362149972425,0.09002254868809538,0.11505843980821828,5025
26440,0.08998630112178851,0.20334103654973612,0.08998630112178851,0.03695311398216944,5026
29393,0.08995731159550475,0.09511356661095537,0.08995731159550475,0.0807484502688389,5027
24841,0.08993097058604699,0.1318141772908238,0.08993097058604699,0.09452050083143382,5028
20020,0.08991265871858942,0.2417949194979659,0.08991265871858942,0.00367179566206588,5029
28914,0.08985591104100979,0.27785095598383797,0.08985591104100979,0.014527329964821145,5030
22021,0.08983188734503404,0.18537933749483979,0.08983188734503404,0.0035162262513147025,5031
24345,0.08981732356436696,0.19417213947917122,0.08981732356436696,-0.011137298552724273,5032
28563,0.0897886131742982,0.46205059802088866,0.0897886131742982,0.012880567834567591,5033
25027,0.0897779468401586,0.5074946550851384,0.0897779468401586,0.028565019574304906,5034
27933,0.08976442973705545,0.5954718256272493,0.08976442973705545,-0.002347156921816529,5035
20873,0.08969792250948228,0.7734183200337651,0.08969792250948228,-0.015127235969874198,5036
21602,0.08937502824034993,0.3271565266112739,0.08937502824034993,0.04666140741370911,5037
20242,0.08935236499320154,0.7793432556085885,0.08935236499320154,-0.0004178539192732922,5038
27342,0.08934881919216445,0.22166092676422375,0.08934881919216445,0.014408407011082536,5039
23200,0.0893328262373301,0.18748461654399773,0.0893328262373301,0.010895921207038806,5040
20602,0.0893200871153616,0.14465109880421584,0.0893200871153616,0.029350123610953238,5041
27809,0.08930074820816429,0.167259939830556,0.08930074820816429,-0.004411281176215198,5042
27208,0.08920864816390686,0.19595887820029131,0.08920864816390686,0.009686994923615078,5043
29020,0.08911365713218358,0.12688108880293003,0.08911365713218358,-0.0021775644256934734,5044
23997,0.08904608829019812,0.12088679261334903,0.08904608829019812,0.05942317431831473,5045
20220,0.0890304150007691,0.17974185148892613,0.0890304150007691,0.0013295234738521233,5046
23829,0.08898258214908661,0.5483232517226222,0.08898258214908661,0.0026253561624752786,5047
25214,0.08891130006456371,0.24387622127526049,0.08891130006456371,0.024832070765512415,5048
21359,0.08890944746796596,0.13705960037136497,0.08890944746796596,0.03608062878791801,5049
28700,0.08886209515765753,0.13364709734093927,0.08886209515765753,0.039479568392667974,5050
27945,0.08885196039820858,0.37735471028955897,0.08885196039820858,0.028673698232366374,5051
21064,0.08879316167304077,0.25595327774210647,0.08879316167304077,0.004144656224113918,5052
29485,0.08877267441247397,0.23611446164343627,0.08877267441247397,-0.0008484315957608679,5053
26425,0.0887080960333943,0.40940661993354355,0.0887080960333943,-0.015147594741380999,5054
26437,0.0886912460744862,0.3309015479939339,0.0886912460744862,0.04623990305700526,5055
27450,0.08865623935444679,0.16579465548066802,0.08865623935444679,0.01450810088554727,5056
29912,0.08864460536728555,0.15772459419817597,0.08864460536728555,0.008252149053665725,5057
27663,0.08863961388218794,0.2043254667542798,0.08863961388218794,0.0034241917503711194,5058
24706,0.08861576852461327,0.08885521466377222,0.08861576852461327,0.1002304085665538,5059
28559,0.08860495891849038,0.0955646545878187,0.08860495891849038,0.17689971557199263,5060
26053,0.08848437816964237,0.1356224995713294,0.08848437816964237,0.021045486721087803,5061
21668,0.0884609429372018,0.4517269603415383,0.0884609429372018,0.0232088515773885,5062
24994,0.08840949595208945,0.15779565550756644,0.08840949595208945,0.060872831285854745,5063
24468,0.0883859134637094,0.1094598049941335,0.0883859134637094,0.06392539404233866,5064
25721,0.08838115994465494,0.10310210395160192,0.08838115994465494,-0.014781756767353271,5065
21436,0.08833065425286375,0.1757160769757991,0.08833065425286375,0.04136731247426584,5066
26277,0.08831934158634686,0.41230857733319687,0.08831934158634686,0.0035683592329957547,5067
27833,0.08831278215208235,0.11590604778778056,0.08831278215208235,0.011046829888346765,5068
24803,0.08817988762629372,0.2358880381150225,0.08817988762629372,0.0017740063119660032,5069
25622,0.08817771132137274,0.09473951148311177,0.08817771132137274,-0.02121879895639875,5070
29395,0.08814375987422099,0.22641132490987398,0.08814375987422099,0.01818680690828378,5071
29117,0.08812832388847244,0.2940904693616283,0.08812832388847244,0.013466249772414618,5072
29029,0.08807664984605379,0.12271175657742625,0.08807664984605379,0.07081240011840795,5073
26161,0.08797056062710557,0.2519556572474107,0.08797056062710557,0.00841221629575667,5074
21385,0.08795942514372868,0.6408205780477823,0.08795942514372868,0.01487278703335071,5075
29562,0.08794600436304317,0.10094113188212077,0.08794600436304317,0.0015654186152387894,5076
29626,0.08793547175115618,0.369970595697157,0.08793547175115618,-0.007899671561108601,5077
22617,0.08790834992182678,0.08852025304731857,0.08790834992182678,0.04843926766226053,5078
26736,0.08783627781613551,0.2516474251700002,0.08783627781613551,-0.002443058315717228,5079
23401,0.08782201757389763,0.11586704604503735,0.08782201757389763,0.15124579566437568,5080
25983,0.08769494799168173,0.25897341196462353,0.08769494799168173,0.0632599961781578,5081
22653,0.0876746375390755,0.44064224894636644,0.0876746375390755,-0.006000452963159042,5082
22087,0.08766766159927099,0.20273154674249888,0.08766766159927099,-0.0012868076612705392,5083
20262,0.08764569097906677,0.3939832013894753,0.08764569097906677,0.008027598754581922,5084
29613,0.08762597391151605,0.24152102548268878,0.08762597391151605,-0.01768282129071802,5085
29599,0.08762024153699824,0.10900261406435939,0.08762024153699824,0.044428172546729705,5086
27771,0.08758525305600545,0.4482709968337948,0.08758525305600545,-0.004465192263935602,5087
26298,0.08750019044954094,0.5671589973004125,0.08750019044954094,-0.009594660790174736,5088
22931,0.08739597566321,0.6406478643588268,0.08739597566321,0.011125142296518786,5089
28579,0.0873381815489129,0.09377647010427882,0.0873381815489129,0.03738621172952028,5090
27479,0.08724710105029995,0.22020390369271559,0.08724710105029995,-0.006740060857373165,5091
20414,0.0872368787131734,0.2226052953131691,0.0872368787131734,0.08896265081422056,5092
28858,0.08722141495667983,0.08841375331541869,0.08722141495667983,0.03241529895373485,5093
21532,0.08721347295894458,0.14185084253603222,0.08721347295894458,-0.019784708342405533,5094
20434,0.08716886146408845,0.0890450424429039,0.08716886146408845,0.13813107607428732,5095
23884,0.08706590526247328,0.10218853257483954,0.08706590526247328,0.02099635193127619,5096
28611,0.08704401959229414,0.09874193118679596,0.08704401959229414,0.04708604051986315,5097
26098,0.08701834242112638,0.6537582738643891,0.08701834242112638,0.014028496960182602,5098
22601,0.08701461733106673,0.11672848667886772,0.08701461733106673,0.11436395637381491,5099
20402,0.08698257480766117,0.15607085000206408,0.08698257480766117,0.07376066681789328,5100
20820,0.0869819740321631,0.14736651119380847,0.0869819740321631,-0.008084570199700158,5101
20993,0.08697048234281132,0.09565161087623568,0.08697048234281132,0.010436906700777293,5102
23686,0.08693434535740469,0.2907047013315359,0.08693434535740469,0.03926823881006958,5103
21608,0.0869118417271624,0.28948689386156684,0.0869118417271624,0.03191498808706278,5104
20391,0.08681954811188863,0.7132804922935734,0.08681954811188863,0.016706652586758297,5105
28440,0.0867939723307395,0.0994011394869335,0.0867939723307395,0.030009535274700905,5106
20300,0.08677037988786611,0.16078898207266795,0.08677037988786611,0.102828721797944,5107
20522,0.08670653222902938,0.11933244516466991,0.08670653222902938,-0.003826207150470662,5108
22114,0.08667698541322694,0.26744826628672663,0.08667698541322694,-0.004411395275993657,5109
21194,0.08666390831092298,0.11397579751161813,0.08666390831092298,0.007152910382245137,5110
25595,0.08666231705378857,0.433533746211376,0.08666231705378857,0.037003594081733704,5111
29825,0.08664743732510374,0.19553988288980978,0.08664743732510374,0.025491415601752054,5112
29139,0.08658823205648195,0.08872697677683317,0.08658823205648195,0.07263925698596592,5113
29006,0.08644234476702628,0.7432971395862981,0.08644234476702628,-0.002284130142172769,5114
20119,0.08641805255746329,0.22926412894287565,0.08641805255746329,0.03704270395232989,5115
21404,0.08640289655775801,0.6216412324607227,0.08640289655775801,0.010858112927210395,5116
25294,0.08638926149339606,0.12065492052884155,0.08638926149339606,0.037937355676868456,5117
28275,0.08630134027669722,0.3858338386894982,0.08630134027669722,-0.05516685066974336,5118
22646,0.08617700546775767,0.1171563248569468,0.08617700546775767,-0.0031687099856090306,5119
25671,0.08614357957143368,0.1773542478195212,0.08614357957143368,0.010508681161026878,5120
29645,0.08608581062049972,0.10824086815679365,0.08608581062049972,0.04987028424698953,5121
29015,0.08606165012374319,0.1658703501469439,0.08606165012374319,0.014331673192724381,5122
29973,0.08600972112589471,0.10000776136093968,0.08600972112589471,0.0662493777858019,5123
24832,0.08598502571320954,0.11235507696569542,0.08598502571320954,0.0012270657009469943,5124
24934,0.08597964912170798,0.09284281214915384,0.08597964912170798,-0.01348944140876901,5125
29861,0.08579411972798129,0.11912001126001444,0.08579411972798129,0.024416760015222305,5126
23624,0.0857376142965216,0.5154832989148594,0.0857376142965216,-0.002249730362122948,5127
22068,0.08554047900963907,0.09326868567895422,0.08554047900963907,0.09123236169345697,5128
22379,0.0854845741005435,0.1474470310601462,0.0854845741005435,0.020982821759462866,5129
25339,0.0854711304611257,0.2762748033139698,0.0854711304611257,0.03291314483053831,5130
28770,0.08545452651476913,0.11056684611745236,0.08545452651476913,0.13238318810781702,5131
28741,0.08537152070087346,0.15420434653423096,0.08537152070087346,0.05704278675591645,5132
23374,0.08522873763135455,0.1653345209474561,0.08522873763135455,0.08543058408835857,5133
22805,0.08519437231192473,0.3390241934313243,0.08519437231192473,0.011544311238082972,5134
23878,0.08507467870353812,0.16809835925560268,0.08507467870353812,0.021467953846198484,5135
23507,0.08506292120631032,0.6842240038899979,0.08506292120631032,0.0,5136
25822,0.08504256393521742,0.13561804112756706,0.08504256393521742,0.007565557640139942,5137
20369,0.08502346519237747,0.14189825865205324,0.08502346519237747,0.073615050082258,5138
24976,0.08498143148385792,0.14443461980417455,0.08498143148385792,-0.04668372919775127,5139
22848,0.08487224585758327,0.26049645845140296,0.08487224585758327,0.027774295262564808,5140
27557,0.08480205749691089,0.15103650226774776,0.08480205749691089,0.09519906282992763,5141
26249,0.08477271292487018,0.10364649385943783,0.08477271292487018,0.17598493066211887,5142
21512,0.08469289358963068,0.15930721337301915,0.08469289358963068,0.047687482131485354,5143
28674,0.08464770833929613,0.22595191804328635,0.08464770833929613,0.007224751650831196,5144
21892,0.08463640198603789,0.131356491268359,0.08463640198603789,0.05026163977447523,5145
25499,0.08452681726623348,0.2138532307579608,0.08452681726623348,0.1444753688620067,5146
24455,0.08452616229779986,0.44553338494452094,0.08452616229779986,0.009394400304032269,5147
22414,0.08438892023504656,0.09595060710074527,0.08438892023504656,0.03381757672800201,5148
20994,0.0842936168844016,0.1350746415683779,0.0842936168844016,-0.003416147672671288,5149
25029,0.08414720088793605,0.17868010747846272,0.08414720088793605,0.027269160785684365,5150
23394,0.0840996481481456,0.10757019090510665,0.0840996481481456,0.15112573601885626,5151
24301,0.08407233419649196,0.10304673354701356,0.08407233419649196,0.1991652547814337,5152
28496,0.08404367021390406,0.20735100379932977,0.08404367021390406,0.0,5153
20256,0.0839683403626678,0.1352686682225513,0.0839683403626678,-0.007016484915849941,5154
23815,0.08396071921449635,0.21681999508697186,0.08396071921449635,0.013039582266828609,5155
20306,0.08389279319975676,0.25616694580245475,0.08389279319975676,0.019231771376027107,5156
21299,0.08389108855520633,0.4120596883922397,0.08389108855520633,-0.016845752627646038,5157
28807,0.08388493486089413,0.1668901485790604,0.08388493486089413,0.012947677357334264,5158
22801,0.08371253792027557,0.16651257634747343,0.08371253792027557,0.03181322883515658,5159
26022,0.08369114382170278,0.1313799066403694,0.08369114382170278,0.04772635035930478,5160
23595,0.08356540545436836,0.5771317238629966,0.08356540545436836,0.0025559830314569876,5161
20264,0.08348614901592963,0.3136984533406007,0.08348614901592963,0.007048413866374614,5162
22672,0.08343485402011633,0.31045823821001883,0.08343485402011633,-0.008910768264310032,5163
20544,0.08342302429552281,0.184445807278792,0.08342302429552281,0.010092646531044358,5164
21665,0.08339476843725474,0.420920208959814,0.08339476843725474,0.016256951140580234,5165
24006,0.08339217836811413,0.13765532096723926,0.08339217836811413,0.0569193966702734,5166
25241,0.08337695811350412,0.10323116290358171,0.08337695811350412,0.17107005060922786,5167
21724,0.08332221373313226,0.5373897696145299,0.08332221373313226,0.005370930036037946,5168
21161,0.08322418186443956,0.10780854297117115,0.08322418186443956,0.10038619423966066,5169
26330,0.0831248395628989,0.0888451583326086,0.0831248395628989,0.05971179719081003,5170
26571,0.08312120014365967,0.2320392964508854,0.08312120014365967,-0.03789747685791334,5171
29783,0.08302230712793131,0.10255566504309584,0.08302230712793131,0.0013621120067213166,5172
26376,0.08289889767696956,0.2326978295412181,0.08289889767696956,0.03032036068857752,5173
22682,0.08288546942502163,0.1455892446734158,0.08288546942502163,-0.027866306908817973,5174
29527,0.08284372917440999,0.20685578792235995,0.08284372917440999,0.03513321606120773,5175
23645,0.08284324368863664,0.17376975596674196,0.08284324368863664,0.010619392661248062,5176
29953,0.08270576259943152,0.09719610813039786,0.08270576259943152,0.02479252121364034,5177
29433,0.08267996044207034,0.12747214746830582,0.08267996044207034,0.11759391158321372,5178
23747,0.08267439344823364,0.18567186539901454,0.08267439344823364,-0.011126001191953228,5179
27827,0.0825383019399914,0.09160363415746403,0.0825383019399914,0.002560719962418634,5180
29779,0.08251048367442199,0.30034154918337347,0.08251048367442199,0.0006359650306730913,5181
26348,0.0824849761441058,0.09602953262618082,0.0824849761441058,0.014879009174168178,5182
27916,0.08243379314355853,0.22628485887972039,0.08243379314355853,-0.005087280746960465,5183
21942,0.08242479295884411,0.09211071919553164,0.08242479295884411,0.039393641835253734,5184
23677,0.08235968212882605,0.5587663770817488,0.08235968212882605,0.006479793995181726,5185
27888,0.08228825231914119,0.08586715405851846,0.08228825231914119,-0.0021483182928248024,5186
22272,0.08227833705416213,0.13898571894608755,0.08227833705416213,0.0014498859321507296,5187
28726,0.08216936373108541,0.6678683816403636,0.08216936373108541,-0.006483494542786072,5188
25302,0.08204368861694332,0.08957126695430759,0.08204368861694332,0.0180091183198261,5189
25436,0.08201482776624389,0.17643978180004508,0.08201482776624389,0.0036319777803276443,5190
24227,0.08194905140472097,0.4924359278695042,0.08194905140472097,0.020222670025073053,5191
29279,0.08194293936524483,0.11326244873926904,0.08194293936524483,-0.006873561832438091,5192
23387,0.08191448947274192,0.19044644093884497,0.08191448947274192,0.05439667160438866,5193
28840,0.08189776880527964,0.08934910003847706,0.08189776880527964,0.01945211818350856,5194
21188,0.0818878834980643,0.2402051300098072,0.0818878834980643,0.002139186578399843,5195
21772,0.08186203251369634,0.33329934934797234,0.08186203251369634,0.056218490154444245,5196
20538,0.081804485956064,0.10778556892921476,0.081804485956064,0.13563287880552824,5197
20961,0.08176259423143278,0.1742417306547364,0.08176259423143278,0.09770538766952164,5198
23982,0.08157900193980601,0.09544414525753583,0.08157900193980601,0.02724006272246285,5199
20286,0.08152907082955013,0.18083161894618646,0.08152907082955013,0.025141163011099366,5200
25427,0.08152712410857402,0.24903180429375407,0.08152712410857402,0.021403792998777094,5201
27823,0.08150327102014904,0.5795441213955417,0.08150327102014904,0.0,5202
28458,0.0813220641728547,0.3885314744618034,0.0813220641728547,0.016560169982582584,5203
20613,0.08131985016591159,0.08229635581918905,0.08131985016591159,0.06576034602793707,5204
26525,0.0813079857227478,0.13277004445169902,0.0813079857227478,0.05353172239686582,5205
27848,0.08127419916493345,0.415173381073458,0.08127419916493345,0.02096891579421134,5206
20229,0.0811696489931431,0.23858123573235313,0.0811696489931431,0.036139933229374144,5207
24482,0.0811613213171185,0.4793361613500535,0.0811613213171185,-0.00524885380826956,5208
28568,0.08105612454723043,0.19000890807997772,0.08105612454723043,0.017657415970246504,5209
28278,0.08105150130834635,0.2845290900512268,0.08105150130834635,0.02399229377546319,5210
26742,0.08102259506175072,0.3025542878166094,0.08102259506175072,0.009233811480701681,5211
25150,0.08098505436646808,0.6855238503603645,0.08098505436646808,0.0027154945964431576,5212
21947,0.08093630986909384,0.4221028001144371,0.08093630986909384,-0.0024973623837525327,5213
28620,0.08090074949779491,0.14363453592190334,0.08090074949779491,0.01335806085221769,5214
20472,0.08085339467277686,0.4797272171916775,0.08085339467277686,0.015876509970975394,5215
20240,0.08080832516902506,0.08333427968658855,0.08080832516902506,0.10415760703397481,5216
26790,0.08080765069690946,0.22638471799740892,0.08080765069690946,-0.007945169898850357,5217
25270,0.08079344512243614,0.5823077983599466,0.08079344512243614,0.02400514196368081,5218
28095,0.08077351109126063,0.6490841913332536,0.08077351109126063,0.006934529146570112,5219
22956,0.08063651445950391,0.2026682779904889,0.08063651445950391,-0.0035503669387499937,5220
20223,0.08061728996006942,0.20877911899651985,0.08061728996006942,0.03886554043478285,5221
22329,0.08054882194086915,0.4484901402956712,0.08054882194086915,0.014127950047631121,5222
26704,0.08054429304630906,0.8390315051868255,0.08054429304630906,0.0008619167197668753,5223
23614,0.08050623848250502,0.13738587656709594,0.08050623848250502,0.03535772726545516,5224
25734,0.08046538150684107,0.33687953545969357,0.08046538150684107,0.01305290348138538,5225
25379,0.08040052343987802,0.5602170628367313,0.08040052343987802,0.014554726380407057,5226
20255,0.0803660771359524,0.42486191556798075,0.0803660771359524,-0.00034503999762935944,5227
20186,0.08027617511130808,0.4589577747060608,0.08027617511130808,0.03880329795091214,5228
23298,0.08024025360529119,0.1009854122713742,0.08024025360529119,0.08614381967346693,5229
29030,0.08017844333908813,0.35964448072045885,0.08017844333908813,-0.0005965893738183459,5230
20941,0.0801648107090272,0.19452490440418826,0.0801648107090272,0.008354866948517559,5231
28602,0.08015736478815078,0.19481263058653164,0.08015736478815078,0.004291126943319734,5232
23538,0.0800781562545258,0.4546609401829722,0.0800781562545258,0.02652644793559289,5233
22618,0.08004057788506136,0.5578931585000951,0.08004057788506136,-0.015568593538585529,5234
27318,0.08002501232638984,0.09788630188607908,0.08002501232638984,0.051625305452766,5235
24200,0.08001914019410022,0.21276408953748005,0.08001914019410022,0.07723249512308883,5236
29713,0.0799599606103085,0.3214786280298907,0.0799599606103085,-0.005621972874100711,5237
26902,0.07991340500388597,0.09336243980812862,0.07991340500388597,0.046158052360490365,5238
25951,0.07989910005771908,0.10150296159469474,0.07989910005771908,0.12633199524152733,5239
23924,0.07987396462168536,0.21125710162697106,0.07987396462168536,0.0036224904934647473,5240
29915,0.07985584443797733,0.43787140662110385,0.07985584443797733,-0.0011898385949195012,5241
22634,0.07984570640071836,0.10968250402824653,0.07984570640071836,0.019236669454354927,5242
20563,0.07976652102345722,0.22992138010880936,0.07976652102345722,-0.01016800236628157,5243
24568,0.0797595405042771,0.2014226393869729,0.0797595405042771,0.030208057208430783,5244
21803,0.07960647132527404,0.41047367348162134,0.07960647132527404,0.006395728562451519,5245
26691,0.079547659051622,0.08477992129605029,0.079547659051622,0.18323406235315154,5246
20361,0.07949081903419924,0.4089746014589008,0.07949081903419924,0.03603495402224888,5247
22251,0.07944694227809256,0.08704845864837701,0.07944694227809256,0.037570850634583264,5248
23779,0.07944378216907265,0.09482461045675117,0.07944378216907265,0.1715079761470532,5249
28968,0.07937686661292143,0.34833622223465543,0.07937686661292143,0.01902168351955652,5250
20015,0.07926254640769509,0.241967240964748,0.07926254640769509,0.005699579536537769,5251
22037,0.07923341916885492,0.081470143770176,0.07923341916885492,0.05374367198897044,5252
29381,0.079217955869884,0.6980671110719955,0.079217955869884,0.03428600646539226,5253
29163,0.07920042996736151,0.25220879932693746,0.07920042996736151,-0.0104427181784158,5254
25423,0.07913705980415012,0.20293356259533005,0.07913705980415012,0.007506236008259559,5255
22081,0.07907406909385367,0.10266442572818496,0.07907406909385367,0.019773780617009212,5256
21563,0.07905141533145732,0.30378504997505096,0.07905141533145732,0.16579725690450853,5257
25426,0.078915356520067,0.10155979722400578,0.078915356520067,0.03401695174765759,5258
23220,0.07883609730967815,0.17769756692245764,0.07883609730967815,0.025248698857660568,5259
22828,0.07881825721663288,0.10647798727031188,0.07881825721663288,0.011380888781370668,5260
26191,0.07881616280635328,0.5641951799063262,0.07881616280635328,-0.002325964839841377,5261
26170,0.07874749332947234,0.09575458750397199,0.07874749332947234,0.05152530128535743,5262
29655,0.07872381628029801,0.12779019851514198,0.07872381628029801,0.13771824683203981,5263
28599,0.07871990333035428,0.27167952936131806,0.07871990333035428,-0.015418688140050762,5264
25749,0.07864425201368316,0.2224763219594139,0.07864425201368316,0.03709242483949782,5265
22136,0.07861674462852133,0.09689728167577939,0.07861674462852133,0.09531506335377032,5266
28649,0.07857610632820533,0.5661923589986047,0.07857610632820533,0.015178746162422874,5267
22967,0.0785678285937208,0.19017483626600445,0.0785678285937208,-0.01720854070230915,5268
28043,0.078478371630057,0.3363596144606135,0.078478371630057,0.004273501859422935,5269
24280,0.07846407395680091,0.08830365049978656,0.07846407395680091,0.011274006034948297,5270
24061,0.07844742451186991,0.17021826286400982,0.07844742451186991,-0.004876048785948939,5271
20980,0.07839838453346679,0.2677059941732152,0.07839838453346679,0.07260463993350419,5272
25641,0.07838767844326283,0.16512026274424937,0.07838767844326283,0.009698806256923598,5273
22780,0.07834454694386477,0.1101217835730596,0.07834454694386477,0.010132015142994388,5274
26921,0.07827200750856467,0.5821869221255305,0.07827200750856467,0.03376777482952242,5275
27335,0.07824055622844353,0.24807503273436585,0.07824055622844353,0.018723500036842367,5276
21738,0.07817012585675949,0.10755870809388367,0.07817012585675949,0.08565342250122049,5277
25108,0.0780765136469388,0.32923443181497697,0.0780765136469388,0.022836400821206748,5278
28749,0.07807283890691508,0.14619551095880287,0.07807283890691508,0.02769947262135164,5279
24297,0.07805184522857633,0.10079114705130444,0.07805184522857633,0.09076788314398754,5280
26776,0.07782383498656847,0.09514556368401778,0.07782383498656847,0.06573001991229288,5281
27594,0.07781285229926793,0.6138124771986371,0.07781285229926793,0.0,5282
20658,0.07780847389975687,0.5920078289984345,0.07780847389975687,0.010808989888612452,5283
23090,0.07775906059991844,0.255751575672513,0.07775906059991844,0.014849249494662042,5284
29958,0.07760461750471204,0.4959925668378092,0.07760461750471204,0.014462665615183945,5285
26834,0.07756807452829162,0.08773658318041787,0.07756807452829162,0.07529826904754522,5286
26540,0.07752925573433027,0.09132656106523936,0.07752925573433027,-0.006232235845767847,5287
28513,0.07729293449041139,0.11597645634349156,0.07729293449041139,0.007456452232814548,5288
20532,0.0772154208209308,0.07879054106039408,0.0772154208209308,0.0778000042362178,5289
26829,0.0772002457843371,0.361799856737358,0.0772002457843371,0.0076468751223826015,5290
21391,0.07718311660244603,0.4065598951498694,0.07718311660244603,0.006469956854520231,5291
26385,0.07711417404411089,0.13885108236179597,0.07711417404411089,0.01211967999695468,5292
22570,0.07711150968111441,0.5287319833907724,0.07711150968111441,0.006880360671480901,5293
29674,0.07705215500949653,0.14039051264042185,0.07705215500949653,-0.0009477479460222038,5294
27694,0.07704187708165813,0.10834706147154095,0.07704187708165813,0.05666190644828373,5295
28428,0.0769752539663589,0.11054292325026337,0.0769752539663589,0.04304145388928446,5296
20143,0.07686852383048982,0.1504944909476225,0.07686852383048982,0.0002535789473640526,5297
22271,0.07681961256673603,0.37998343510326726,0.07681961256673603,0.02786995471151843,5298
26976,0.07681261086178554,0.507561637688137,0.07681261086178554,0.0720427722230691,5299
20703,0.07670740795247934,0.13076658330385738,0.07670740795247934,-0.00344283099496151,5300
24406,0.07662967541434351,0.633409903965224,0.07662967541434351,0.0018238952755981197,5301
21607,0.07659830897733455,0.21882882963363048,0.07659830897733455,0.01724924006030748,5302
27618,0.07656762261124456,0.2901990410794908,0.07656762261124456,0.008136138813938043,5303
29503,0.07641453614645291,0.10664569652298382,0.07641453614645291,0.06532905592820973,5304
25362,0.07640170206448715,0.7212545424319574,0.07640170206448715,3.26443747470373e-05,5305
21675,0.07636271526044708,0.15433215621025093,0.07636271526044708,-0.007964524631772663,5306
29111,0.07620425706207982,0.1582454313881658,0.07620425706207982,-0.0004260080004413469,5307
24944,0.07591658100074757,0.16611300021661765,0.07591658100074757,0.03158018286184866,5308
22276,0.07588417043780508,0.09674800282934727,0.07588417043780508,0.06526545206676213,5309
29421,0.07572984900715615,0.29646116116198723,0.07572984900715615,0.041158162580767266,5310
25760,0.07571961978174224,0.10835323268751457,0.07571961978174224,0.005894664726996068,5311
22638,0.07571378974108789,0.5908419723581481,0.07571378974108789,-0.007411507129726047,5312
27711,0.0756444805559194,0.08599324102783734,0.0756444805559194,0.07437252610148001,5313
21114,0.07562553703773815,0.08884452395576681,0.07562553703773815,0.05320099168601336,5314
21749,0.07559340230927966,0.08473322845360746,0.07559340230927966,0.06844811175005952,5315
24365,0.07558500199525431,0.08862325060506895,0.07558500199525431,0.05576196859561999,5316
28301,0.07558261277650012,0.1636344312582873,0.07558261277650012,0.16021868841870687,5317
24852,0.07551531379582212,0.13955988147239642,0.07551531379582212,0.02901782861200991,5318
28187,0.07546053986471324,0.3923749418704977,0.07546053986471324,0.04224732250351193,5319
23139,0.07545505532886426,0.20851200831231936,0.07545505532886426,0.016297397839094452,5320
29232,0.07542527211753759,0.07794228747235973,0.07542527211753759,0.12799296879433852,5321
21617,0.0753580422082408,0.1682914612415783,0.0753580422082408,-0.002384090664865113,5322
21058,0.07535610786075367,0.24396526038889446,0.07535610786075367,0.027137302095002425,5323
21321,0.07529271819486616,0.6169307265882908,0.07529271819486616,0.00181493725540538,5324
24692,0.07527423731907441,0.18677322190216408,0.07527423731907441,0.026634906318975304,5325
26441,0.07526459922566997,0.6100244973078398,0.07526459922566997,0.01433793746354517,5326
25224,0.07516012429438632,0.27385983948557846,0.07516012429438632,-0.005648663865412962,5327
23528,0.07512185789919885,0.10947713260359963,0.07512185789919885,0.05335751745815129,5328
29287,0.07504465907447253,0.2180837543720141,0.07504465907447253,-0.026770838449646672,5329
20758,0.07503081490346467,0.08288341829948123,0.07503081490346467,0.046117159872890695,5330
26127,0.07494915387203527,0.6425888840992164,0.07494915387203527,-0.0023421721931722317,5331
28059,0.07487221652556988,0.16137867097770203,0.07487221652556988,0.01829880484062446,5332
29561,0.07484464195217992,0.07761633794110068,0.07484464195217992,0.15999447759341806,5333
27394,0.07479101019983898,0.09012153759483368,0.07479101019983898,0.08273964979111259,5334
25099,0.07474040884332933,0.39765006774620654,0.07474040884332933,0.006907512958696849,5335
28287,0.0746571531298944,0.12046497831529913,0.0746571531298944,0.06387312832716907,5336
21178,0.07464394022609416,0.3015202357821953,0.07464394022609416,0.03209907324972572,5337
28738,0.07451286576558341,0.25566012740737226,0.07451286576558341,-0.002570406069403064,5338
22027,0.07448441466636802,0.4865842568924637,0.07448441466636802,0.027360983915720283,5339
25165,0.07445702229070997,0.10200004568660581,0.07445702229070997,0.01340063264287819,5340
28051,0.07424589844062815,0.1290765359178039,0.07424589844062815,0.06462693816821521,5341
25003,0.07423330196852085,0.4944133227657759,0.07423330196852085,-0.0016310188031882777,5342
24248,0.07415410656322832,0.29837559653391393,0.07415410656322832,0.016907321437607037,5343
27997,0.07411974348437689,0.5109577010921097,0.07411974348437689,-0.0033427974841276353,5344
29991,0.07411080690955602,0.46006578389119884,0.07411080690955602,0.054732940375612105,5345
21087,0.0740801512962204,0.10336162591764278,0.0740801512962204,-0.00035822877828184385,5346
28949,0.07403621085033615,0.22293142683779316,0.07403621085033615,0.18428068967159414,5347
27670,0.07402231989969166,0.39841848084771436,0.07402231989969166,0.007888384754300204,5348
23245,0.07383456945033601,0.0890273466900401,0.07383456945033601,0.014454573646065283,5349
29018,0.07374859370552486,0.09681439200031484,0.07374859370552486,0.019470835345441417,5350
20876,0.07371298315081831,0.7436692959862286,0.07371298315081831,0.012179828854606,5351
28444,0.0736898641135112,0.7396873604302798,0.0736898641135112,-0.004251198820223623,5352
26777,0.07367138134831812,0.0881023746061312,0.07367138134831812,0.08715621908942675,5353
20661,0.07359592564911405,0.30399564323665745,0.07359592564911405,0.01618171821708536,5354
25485,0.07357986192699587,0.15280317210114483,0.07357986192699587,0.026064925591716137,5355
21566,0.07336131128739247,0.11352683961464514,0.07336131128739247,0.031972487369207825,5356
25605,0.07335630004233103,0.07562377985579291,0.07335630004233103,0.09863540819557484,5357
22938,0.0733301948738948,0.5824505111653534,0.0733301948738948,0.016610446511558852,5358
20066,0.07327941954467126,0.35609039074463933,0.07327941954467126,0.010654426703688824,5359
22466,0.073220066758242,0.09661899120595066,0.073220066758242,0.03340705467106514,5360
22983,0.07320904854807254,0.08072128349910766,0.07320904854807254,-0.02316491159589379,5361
26029,0.07315101066868065,0.25575709733184393,0.07315101066868065,0.003163897753128253,5362
22636,0.07314487398509173,0.08052906556218578,0.07314487398509173,0.062331667312623434,5363
25996,0.07311725897676861,0.15291146435071296,0.07311725897676861,0.025088141253703233,5364
23806,0.07308575099400681,0.08870810875962377,0.07308575099400681,0.120622781130169,5365
22592,0.07304540951219184,0.10079137975517734,0.07304540951219184,-0.006784421644017269,5366
28179,0.07298231876498545,0.379152829080789,0.07298231876498545,0.004581860613394162,5367
25455,0.07293502498894486,0.26761072972531574,0.07293502498894486,-0.013739186415799576,5368
22424,0.07290972864013126,0.1557224726594917,0.07290972864013126,0.06285185793333592,5369
27200,0.07284454259510786,0.34866055543110575,0.07284454259510786,-0.0023304803919958483,5370
28251,0.07275449758383494,0.11118256199602597,0.07275449758383494,-0.012077471337590073,5371
21878,0.0727186387899053,0.07353104508129578,0.0727186387899053,0.09368314886064097,5372
28284,0.07270831494689822,0.10884196211006827,0.07270831494689822,0.10900522836409146,5373
26106,0.07268348981557421,0.3826958890207275,0.07268348981557421,0.007125420856458731,5374
21985,0.07267405739392996,0.3788868324698789,0.07267405739392996,0.04511018895211372,5375
23187,0.07265687721885461,0.43177651142571677,0.07265687721885461,0.014938134083581245,5376
28411,0.07263958509606483,0.08008071209040152,0.07263958509606483,0.03770497963028263,5377
29505,0.07261458457535279,0.18133194707331424,0.07261458457535279,0.006271671829730485,5378
25682,0.07257078382885007,0.8679147429102304,0.07257078382885007,0.0,5379
26081,0.07251527030071107,0.08104823374971407,0.07251527030071107,0.058881822606447004,5380
28226,0.07249501398979613,0.08223286497032238,0.07249501398979613,0.0013807296419625081,5381
23157,0.07241705550578496,0.1921839975338005,0.07241705550578496,0.08792481566184429,5382
28320,0.07239327042565492,0.07860750740623033,0.07239327042565492,0.12844648083049764,5383
23246,0.07237387867330061,0.07768537903441211,0.07237387867330061,0.05526673141812477,5384
26847,0.07236820739046951,0.0840056877778166,0.07236820739046951,0.11129695645135962,5385
23137,0.07229824915328703,0.49213202801078315,0.07229824915328703,-0.0004262964382353296,5386
28357,0.07229701082936682,0.14950213865034223,0.07229701082936682,0.006350685445735749,5387
23082,0.07227638902457362,0.3989792200315615,0.07227638902457362,0.021090361038139882,5388
22286,0.07219907709171383,0.13870844817286618,0.07219907709171383,0.03948576825932243,5389
27013,0.0721905465832639,0.2669501202541576,0.0721905465832639,0.016705151388133832,5390
20017,0.07216255431622859,0.3715026250391747,0.07216255431622859,0.050412054335638556,5391
29685,0.07211150501977336,0.0789651610982317,0.07211150501977336,0.005828506085902907,5392
29584,0.07210606649311205,0.08501143534669076,0.07210606649311205,0.017535760180071247,5393
25592,0.0721004928964134,0.3471218226354868,0.0721004928964134,0.03911099135941187,5394
25905,0.07204034675538913,0.09762998679955855,0.07204034675538913,0.10744484387313419,5395
24135,0.07188881637244032,0.09471382651934583,0.07188881637244032,0.023259687477906854,5396
20271,0.07188438286983562,0.2469985245288026,0.07188438286983562,0.0072853846596690475,5397
28118,0.07187413291014695,0.16440203636820006,0.07187413291014695,-0.013950795510982605,5398
22834,0.07186799974173713,0.10166688789636284,0.07186799974173713,0.005393469726518468,5399
28114,0.07181716171840277,0.14322102891993915,0.07181716171840277,-0.005635638242652896,5400
23646,0.07177180250774604,0.252477256767449,0.07177180250774604,0.0053147293144270025,5401
24607,0.07173445469549013,0.10514972410307659,0.07173445469549013,-0.00429325067638614,5402
25992,0.07172282543429459,0.08210426904895837,0.07172282543429459,0.04200529366645933,5403
21917,0.07169538202145376,0.1105404667850943,0.07169538202145376,0.029884310671881853,5404
29885,0.07163979348621212,0.07553745673913165,0.07163979348621212,0.03795457730741145,5405
21231,0.0716162494579622,0.155678454636384,0.0716162494579622,0.0026312172969143455,5406
25366,0.07157661228121812,0.20699461800445434,0.07157661228121812,-0.00741339945971925,5407
29282,0.07151680576047546,0.15685013612882526,0.07151680576047546,0.047594874237142315,5408
24831,0.07147592420557033,0.14021677242453107,0.07147592420557033,0.03469576305834687,5409
22908,0.0714462925964614,0.8286204015070324,0.0714462925964614,0.00330634766842397,5410
22831,0.07134445391035925,0.1791903771637549,0.07134445391035925,0.02211855270591434,5411
28557,0.07133946207752365,0.2584561156052843,0.07133946207752365,0.003688115269386727,5412
23904,0.07127740107695546,0.41100435109896477,0.07127740107695546,0.02048401916294673,5413
29038,0.07121559840345319,0.09804251516733056,0.07121559840345319,-0.008554218794490198,5414
27173,0.07120191119713787,0.14714442371557068,0.07120191119713787,0.000637602493826106,5415
26915,0.07119369003154474,0.8014416297961185,0.07119369003154474,0.009788799782712188,5416
27015,0.07116425280184951,0.3829136725052311,0.07116425280184951,0.007297215401476986,5417
20199,0.07115096228433618,0.07242068761940552,0.07115096228433618,0.06412939444662719,5418
24089,0.07112762898418534,0.5496923971744074,0.07112762898418534,0.006249268110419148,5419
24586,0.0710179075570626,0.0784351594182591,0.0710179075570626,0.027308450890740743,5420
22999,0.07098343905395221,0.08307736379151645,0.07098343905395221,0.0023389430717511983,5421
28547,0.07093689813104725,0.07744507594581466,0.07093689813104725,0.09071817756461345,5422
23690,0.07091888171236842,0.09338857774599499,0.07091888171236842,-0.002348484124651995,5423
21199,0.07089641449099882,0.3262316970911067,0.07089641449099882,0.024182290701433296,5424
21710,0.07085251081417536,0.18184347899137157,0.07085251081417536,0.020053293046049026,5425
22470,0.07070977896323126,0.11335257883524158,0.07070977896323126,0.034678529553206244,5426
28266,0.07070085511302564,0.13194803192296972,0.07070085511302564,0.10014637278890001,5427
27370,0.07064494918409026,0.3231433768332839,0.07064494918409026,0.0313660306040181,5428
28052,0.07064473239733532,0.33946732821305614,0.07064473239733532,0.07404820476948304,5429
27578,0.07064363883532582,0.5021193349403396,0.07064363883532582,0.04388089763395642,5430
28763,0.07060677782372088,0.25650236642848,0.07060677782372088,0.05895460207326164,5431
22656,0.07052767603763488,0.3979868912896559,0.07052767603763488,0.04650509342648523,5432
26864,0.07049394719399185,0.18704818727054084,0.07049394719399185,-0.004909206656245058,5433
29751,0.07043883993989965,0.13398389501002145,0.07043883993989965,0.001469727986263436,5434
20193,0.07032686867683369,0.25914185950189866,0.07032686867683369,0.008007882072886774,5435
24603,0.07027101978971106,0.21131661796031312,0.07027101978971106,0.07018554917257053,5436
24379,0.07021677972964452,0.33875265624149364,0.07021677972964452,0.02654296413898638,5437
28117,0.07020543592128539,0.16837135653845764,0.07020543592128539,0.01234028931131298,5438
29621,0.07017813876522147,0.22868099048229767,0.07017813876522147,-0.022963970190405913,5439
28776,0.07015211606565269,0.5228010920193233,0.07015211606565269,0.0009292750044391784,5440
22238,0.07006495133252141,0.29808072787462503,0.07006495133252141,-0.009071159125134898,5441
25800,0.07000177674533725,0.7251375930545921,0.07000177674533725,0.014543079433336215,5442
29007,0.06999169081009617,0.1388384261479945,0.06999169081009617,0.016181389575127603,5443
29430,0.06997509834692264,0.10418479446589132,0.06997509834692264,0.07026103552576018,5444
20874,0.06995171389287663,0.20335171458191464,0.06995171389287663,0.0380402310729428,5445
26013,0.06992208054487042,0.5341407480492055,0.06992208054487042,0.02124129411104214,5446
22162,0.06990564464980895,0.09180826841378852,0.06990564464980895,0.004497391730539924,5447
25340,0.06989541207298777,0.5833451374293939,0.06989541207298777,0.0,5448
22074,0.06985367018186334,0.20436756593844102,0.06985367018186334,-0.010753654675325075,5449
24604,0.06978482695162501,0.07370423733177482,0.06978482695162501,0.04202871621616025,5450
23140,0.06978192101340977,0.281888067463054,0.06978192101340977,0.04679665238269198,5451
27141,0.069780780343539,0.09072385220401849,0.069780780343539,0.03443734594648595,5452
26961,0.06977418232711896,0.19057998833942963,0.06977418232711896,0.02508748790127846,5453
25795,0.06971189100699829,0.19601498575928625,0.06971189100699829,-0.006245742557027534,5454
26168,0.06958803656064583,0.1994257537799991,0.06958803656064583,0.044953226331931606,5455
27470,0.06953487263708368,0.09178051078235679,0.06953487263708368,0.014048768440906162,5456
21233,0.06953037713123844,0.7000378321063251,0.06953037713123844,0.024318284341040886,5457
29206,0.06952851854033859,0.4075743000930479,0.06952851854033859,-0.001225861264264605,5458
23341,0.0695036208463847,0.22246133550389682,0.0695036208463847,-0.018929320241471037,5459
27014,0.06948865954770833,0.07736924681687657,0.06948865954770833,0.14624676767619182,5460
23729,0.06943165784591843,0.10509248020806278,0.06943165784591843,0.0297730645496469,5461
25860,0.06922638436994273,0.17733462672561243,0.06922638436994273,0.0245666959923041,5462
20913,0.0691760632007733,0.15541149759956377,0.0691760632007733,0.084918313321762,5463
23832,0.06915857353333577,0.7672862028129865,0.06915857353333577,0.00946371444557026,5464
26647,0.06914111721543456,0.08834609197766281,0.06914111721543456,-0.0411808383022651,5465
25518,0.06910344137751223,0.1850937617983302,0.06910344137751223,-0.003480269102939526,5466
21818,0.06910323252601275,0.42929525156931925,0.06910323252601275,0.011037139109900118,5467
20673,0.06905176977673622,0.5121633958818761,0.06905176977673622,0.04537170119329342,5468
24907,0.06904530873156045,0.12512871939761783,0.06904530873156045,0.06748362823268092,5469
24026,0.06902142893246263,0.3161786074055769,0.06902142893246263,0.05241175252861735,5470
23316,0.068996295154996,0.09024895014848353,0.068996295154996,0.03561586991670984,5471
25441,0.06898462052442891,0.1067626409269728,0.06898462052442891,0.01796717174867979,5472
27619,0.06887563780864625,0.301985821281336,0.06887563780864625,-0.002373631296917811,5473
24519,0.06884963535971236,0.1656289978593837,0.06884963535971236,0.011573378201753803,5474
24113,0.06884945289844813,0.51981027391175,0.06884945289844813,-0.005321906301685164,5475
21059,0.06879146885252266,0.12658575630887986,0.06879146885252266,0.11635242982806643,5476
29118,0.0687864708426581,0.09200658375003393,0.0687864708426581,0.07252883062983337,5477
20711,0.06876902238263494,0.26576736346504587,0.06876902238263494,0.021180780528483323,5478
22369,0.06870536042394665,0.12679817771944077,0.06870536042394665,0.007553671695800457,5479
29351,0.06868806505052893,0.09250859567549279,0.06868806505052893,0.020590667436999,5480
27508,0.06858697103548711,0.11574261908469237,0.06858697103548711,0.011702378189813872,5481
26728,0.06858309873345017,0.2866981371800578,0.06858309873345017,0.04887873551562755,5482
27695,0.0685564168894463,0.07327998774130258,0.0685564168894463,0.011560970466634957,5483
28479,0.06851074130026348,0.08862583138791884,0.06851074130026348,0.05714085418896117,5484
22278,0.06849103419687172,0.23277302268388697,0.06849103419687172,-0.0023591237714318813,5485
26405,0.06844289209550519,0.17233262425190943,0.06844289209550519,0.026164103902205305,5486
27969,0.068415002365813,0.33520342402867365,0.068415002365813,0.04739208471526457,5487
25567,0.06835945480308171,0.18906405054421904,0.06835945480308171,0.02241197108994436,5488
24309,0.06830521657738003,0.4428757262293932,0.06830521657738003,0.015031752578761826,5489
29877,0.06830209198565786,0.18498918242295576,0.06830209198565786,0.03332568769635774,5490
25540,0.06810579223370426,0.14739218163186102,0.06810579223370426,0.0029335267189922742,5491
27603,0.06810273045008272,0.1946583808462697,0.06810273045008272,0.04681913105712093,5492
25936,0.06806839098220752,0.3483214196674781,0.06806839098220752,0.0256235863721469,5493
27532,0.06793063957535994,0.09314456275278807,0.06793063957535994,0.028906573656416273,5494
21590,0.06789678851145411,0.0947226524427464,0.06789678851145411,0.01707304028414841,5495
25893,0.06782166195562236,0.12741909454739922,0.06782166195562236,-0.010000148508769846,5496
28644,0.0677997651663384,0.3242525616326951,0.0677997651663384,0.029387951068136853,5497
25532,0.06777021949995118,0.10548606927744823,0.06777021949995118,5.1426945412880176e-05,5498
26914,0.06775813745260684,0.49050413579679325,0.06775813745260684,-0.005117259261966767,5499
27455,0.06771875245343115,0.0982025934682752,0.06771875245343115,0.022869878597368443,5500
27146,0.06766343251706582,0.1303990675425469,0.06766343251706582,0.00942312543062912,5501
24160,0.06764791782956231,0.5619054930490847,0.06764791782956231,0.015702537216784385,5502
23764,0.06761526532530882,0.3682013599112687,0.06761526532530882,0.025540320725172982,5503
29748,0.0675474145400132,0.07472331028206765,0.0675474145400132,0.026727831579023392,5504
23560,0.06753593445844097,0.41869030502479965,0.06753593445844097,0.01138780598387712,5505
29120,0.06748341815549536,0.31111797773026567,0.06748341815549536,0.07013693761308387,5506
21713,0.0674659783633575,0.070576960424817,0.0674659783633575,0.05806179799675307,5507
22547,0.0673490864170862,0.10247276386288127,0.0673490864170862,0.09910362357309871,5508
27217,0.0673123814580181,0.3867340317314665,0.0673123814580181,0.023830204385412723,5509
22180,0.067282930725409,0.12758238377913378,0.067282930725409,0.048063215758270494,5510
28352,0.06727379976858301,0.08972255150233509,0.06727379976858301,0.057238886441768694,5511
29237,0.06725259097150625,0.09393584826029629,0.06725259097150625,0.01569967391704391,5512
21159,0.06719590233808391,0.06813638933863293,0.06719590233808391,0.009482416285372275,5513
29909,0.06711156753911823,0.5242986956902308,0.06711156753911823,0.03385612591504639,5514
23248,0.06710187615461355,0.452006362835855,0.06710187615461355,0.051596019914740276,5515
25244,0.0670778336428211,0.11307516484720545,0.0670778336428211,-0.009293977395793684,5516
27505,0.06706637383462932,0.6711986628224369,0.06706637383462932,0.0,5517
29441,0.0670420833136206,0.07989377844701599,0.0670420833136206,0.0046105274314725,5518
25044,0.0669666841770149,0.06998020677674505,0.0669666841770149,-0.0077555616735615895,5519
23600,0.06696588425781286,0.1468631901140743,0.06696588425781286,0.06391677980674249,5520
29231,0.06689549687139837,0.09104272367024144,0.06689549687139837,0.11132920354320391,5521
27205,0.06687904187249225,0.09573387239587124,0.06687904187249225,0.03165437827645526,5522
24108,0.0668446027439276,0.08761577162348629,0.0668446027439276,0.010426664264030383,5523
29525,0.06684240308317253,0.08837898406625976,0.06684240308317253,0.0321310649685691,5524
24313,0.06667234322292517,0.08714303038155335,0.06667234322292517,0.061769341054799226,5525
21011,0.06665514037621112,0.4506223354210979,0.06665514037621112,0.016707936130107404,5526
24812,0.06665447813427669,0.13231892282742877,0.06665447813427669,-0.007370788236536585,5527
29489,0.06663821194429247,0.1696420624356353,0.06663821194429247,-0.0005055411966320977,5528
27967,0.06660207800438009,0.09112684005584279,0.06660207800438009,0.05686708762069165,5529
29365,0.06656131136835243,0.08006158303299066,0.06656131136835243,0.07091721855871858,5530
28290,0.06631500714782962,0.4094290579578968,0.06631500714782962,0.000804524207682733,5531
22312,0.06626057501557464,0.07855576750964818,0.06626057501557464,0.1142845064286632,5532
29689,0.06625944816253604,0.5781175845795761,0.06625944816253604,-0.012987349103464552,5533
22224,0.06618617676589872,0.36461651650005417,0.06618617676589872,0.023973367060740713,5534
28600,0.06615616615691394,0.07518996488452458,0.06615616615691394,0.03234705881217667,5535
23553,0.06609488723615393,0.10948613967960878,0.06609488723615393,0.025474445094036458,5536
22551,0.06608191961527106,0.07071507837552153,0.06608191961527106,0.041327863135598136,5537
23781,0.0660752439833745,0.45547101906985843,0.0660752439833745,0.003484487596004282,5538
27985,0.0660639596373602,0.2671211383932925,0.0660639596373602,0.02386565809544372,5539
29332,0.06604177795409719,0.28109004182929104,0.06604177795409719,0.013066531756105115,5540
21867,0.06599702500362616,0.0785590075048065,0.06599702500362616,0.03815038704985771,5541
22826,0.06599662106074178,0.7351885187882098,0.06599662106074178,-0.00807331042878534,5542
24020,0.06596475075584707,0.2546719393515687,0.06596475075584707,0.007628778423709681,5543
21739,0.06588450981435162,0.08358308462021219,0.06588450981435162,0.021597337068405165,5544
22572,0.06586063855414101,0.11781118635260329,0.06586063855414101,0.0034606459846185933,5545
24420,0.06583306616813683,0.07067339634338231,0.06583306616813683,0.052452264900669565,5546
28689,0.06581868225568681,0.06928429923637391,0.06581868225568681,0.03511873289449524,5547
26894,0.0657681363778948,0.1407011088115066,0.0657681363778948,0.00378395478861987,5548
28549,0.06576506037115148,0.10191954665470512,0.06576506037115148,0.03750858660843823,5549
21722,0.06572655525012011,0.4144043069059604,0.06572655525012011,0.07950192043184917,5550
26810,0.06567416841378926,0.45992240911644483,0.06567416841378926,0.019782208725185324,5551
21880,0.06564585655636437,0.09917537853083533,0.06564585655636437,-0.012119043328154167,5552
26692,0.06562959217451295,0.31399783732831393,0.06562959217451295,0.03196078601172164,5553
23996,0.06558591846091714,0.1853981855710526,0.06558591846091714,-0.02607211459540526,5554
26121,0.06557235941439075,0.1529189574819594,0.06557235941439075,0.032449869555493505,5555
21804,0.06550229128404661,0.08490356157864051,0.06550229128404661,0.040033239670712484,5556
26156,0.06550156025423477,0.083176414120616,0.06550156025423477,0.14130659555149747,5557
26621,0.06543934455547556,0.559083025042237,0.06543934455547556,-0.002064985016056564,5558
21857,0.06536770021964611,0.12139671551586767,0.06536770021964611,0.058981667627262035,5559
28690,0.0653390549544827,0.21853147031519443,0.0653390549544827,0.16308230070643498,5560
26250,0.06530784397661679,0.278430950312743,0.06530784397661679,0.061446899272053546,5561
24405,0.06518320696862578,0.2368070848159873,0.06518320696862578,-0.010124692843486216,5562
21730,0.06517247464090103,0.16023730952653825,0.06517247464090103,0.017238317546115545,5563
20368,0.06516234584542002,0.08688693388746528,0.06516234584542002,0.023842233900128434,5564
24124,0.06514560125713614,0.10692257054739658,0.06514560125713614,0.007705777344865633,5565
23823,0.06506567134835273,0.252315450217152,0.06506567134835273,0.01876458724137947,5566
26432,0.06506392225741074,0.08075696744644167,0.06506392225741074,0.0752803732030024,5567
26714,0.06504249207641163,0.16484370648321303,0.06504249207641163,-0.006242210335574039,5568
22960,0.06502047796854182,0.22313788950204563,0.06502047796854182,0.02331623143928141,5569
29000,0.06494930649311514,0.28114607192673496,0.06494930649311514,0.0008551341117748468,5570
29529,0.06483006670657587,0.08303446131432747,0.06483006670657587,0.04142595056461168,5571
20620,0.06481618087525268,0.12379665542108553,0.06481618087525268,0.1692178134760347,5572
27140,0.06479834302733034,0.7993335948723465,0.06479834302733034,0.0,5573
28250,0.06473785805636967,0.09476965320645486,0.06473785805636967,-0.01192075214995636,5574
26716,0.0647125866576526,0.12702173592557764,0.0647125866576526,0.01899782981472492,5575
23318,0.06469434051639414,0.2720693753949485,0.06469434051639414,0.01847719511028606,5576
22176,0.06468440784035208,0.0932056794449472,0.06468440784035208,0.00792896020813083,5577
25048,0.06461930328060034,0.08510962635476198,0.06461930328060034,0.053820081493690636,5578
28209,0.06458435540142199,0.14726642220611783,0.06458435540142199,0.013041844826101961,5579
27960,0.0645365255878499,0.11548660463585984,0.0645365255878499,0.011197095763420262,5580
28950,0.06452144036811519,0.47835110870216535,0.06452144036811519,0.006944739192130345,5581
26255,0.06445724085602098,0.23758047208678076,0.06445724085602098,0.033041669444010435,5582
28883,0.06445367037679352,0.1331341774340328,0.06445367037679352,0.06584903305905287,5583
27847,0.06439667201575835,0.21710157208328518,0.06439667201575835,0.11685699031790808,5584
29382,0.06439324392182495,0.10750129975565419,0.06439324392182495,0.08439337642674732,5585
29132,0.06437496152262615,0.07685708182502644,0.06437496152262615,0.10148773388703233,5586
26907,0.06427292297513981,0.42234653135647643,0.06427292297513981,-0.0007687173677752845,5587
24513,0.06426277589336649,0.40234007709615793,0.06426277589336649,0.06292320746968771,5588
20374,0.06423225008229899,0.12066138913912647,0.06423225008229899,-0.003114210119233518,5589
24168,0.06415901353328812,0.14048825922540484,0.06415901353328812,0.022812627176973743,5590
29911,0.06414264868777642,0.6118381297829668,0.06414264868777642,0.012466364846436595,5591
27585,0.06410854937193392,0.22159958717592193,0.06410854937193392,0.016652139777484753,5592
29336,0.06403818601425582,0.250857606734361,0.06403818601425582,0.026991808456763633,5593
22718,0.06403230757593589,0.23314994448598073,0.06403230757593589,-0.017963187160664917,5594
23931,0.06399690647091949,0.10042911926989949,0.06399690647091949,0.050469932963754294,5595
21365,0.06399087383135382,0.06793812110272718,0.06399087383135382,0.09990055448733393,5596
23073,0.06390606220615921,0.2900222345344609,0.06390606220615921,0.01867186617085881,5597
27828,0.06387086504820878,0.18672931682484417,0.06387086504820878,0.013988089502876333,5598
24553,0.06383625089676076,0.2514126831032505,0.06383625089676076,-0.0022457930441256435,5599
24157,0.06369044207817107,0.15451829861462066,0.06369044207817107,0.019553955743813023,5600
29434,0.06364979817563687,0.41322131895403685,0.06364979817563687,0.03692228347804938,5601
20811,0.06357695304763701,0.17681818697505894,0.06357695304763701,0.004092766723666819,5602
24691,0.06354333422157923,0.07457768291051613,0.06354333422157923,0.03798103211591941,5603
22972,0.06350137469209556,0.09068225128862933,0.06350137469209556,0.06002868820979351,5604
22432,0.06332198941904477,0.16492464679241972,0.06332198941904477,0.015570469628463146,5605
26676,0.0633087702254227,0.6463653844418034,0.0633087702254227,0.04264414270594219,5606
25813,0.06329838448247116,0.3833371253381291,0.06329838448247116,0.04094428163014818,5607
23114,0.06327598414235788,0.24965976897515463,0.06327598414235788,0.024442197470380234,5608
20814,0.06324711631181597,0.06931522370376195,0.06324711631181597,0.18500452873383394,5609
25632,0.06317599312413107,0.0667350384744341,0.06317599312413107,0.05393108286567763,5610
26059,0.06317347291341774,0.20312839307192018,0.06317347291341774,0.004245767916429499,5611
23867,0.06308611561525962,0.47119173106985734,0.06308611561525962,0.0,5612
20950,0.06303837577868954,0.35626410352650606,0.06303837577868954,0.015260316570961385,5613
25829,0.06302717630600564,0.0709667521998445,0.06302717630600564,0.057325383940412936,5614
28652,0.0630199434396487,0.30329672090770243,0.0630199434396487,0.010046497850761726,5615
24572,0.06286074550241924,0.25137983875667524,0.06286074550241924,0.023483747344423045,5616
29283,0.06280642174554485,0.2782973318983702,0.06280642174554485,0.03129967310075743,5617
20855,0.06278219424886353,0.26579401932984,0.06278219424886353,0.036959417082429113,5618
29152,0.06270143546022668,0.1205190830675617,0.06270143546022668,-0.037372307819589806,5619
27347,0.06267141727561443,0.528897511281301,0.06267141727561443,0.01814855562542017,5620
21309,0.06261450462461948,0.23115561546263405,0.06261450462461948,0.05502806868010901,5621
21078,0.06252809491881069,0.09619182219542731,0.06252809491881069,0.12858584888583222,5622
24164,0.06251651055441979,0.08122726311500218,0.06251651055441979,0.006913932525633049,5623
23267,0.062444004123711046,0.07587923189863065,0.062444004123711046,0.17370380503581415,5624
26181,0.06242731952835073,0.24036729244080093,0.06242731952835073,0.022480385216528065,5625
26500,0.06233367899252109,0.10525123869191902,0.06233367899252109,0.008577989392193952,5626
26734,0.062295156259086895,0.08539193142328809,0.062295156259086895,0.01411828495512979,5627
23659,0.06220359013607432,0.16819355662355545,0.06220359013607432,0.0014645790264824488,5628
20023,0.06220260524068827,0.49736910597321426,0.06220260524068827,0.0024446523635210937,5629
22014,0.062198502303001044,0.0877618582714108,0.062198502303001044,0.10070750951359607,5630
21895,0.062172866468804766,0.430041635707472,0.062172866468804766,0.02491713994492145,5631
26073,0.06212906479049275,0.17644779448843334,0.06212906479049275,0.013907164153563134,5632
23862,0.06211852452321441,0.06314232380091954,0.06211852452321441,0.16609161102187828,5633
20400,0.06202794318854004,0.06692005792877341,0.06202794318854004,0.04889698160723355,5634
20929,0.06200419044021124,0.28853929487723223,0.06200419044021124,-0.011665166241585367,5635
24910,0.06199305426279639,0.23565916791202884,0.06199305426279639,-0.04444929060566316,5636
28653,0.061979455163092556,0.13348481509277402,0.061979455163092556,-0.018118233800911487,5637
26383,0.06188863738355682,0.3908934622839227,0.06188863738355682,0.020082026734906278,5638
21810,0.06186630102671492,0.0977236855586362,0.06186630102671492,-0.01308882245885784,5639
25604,0.06185964873319233,0.3456645824949987,0.06185964873319233,0.15516281326630998,5640
29549,0.06173375600595214,0.06841920172790848,0.06173375600595214,-0.011331952746649138,5641
20674,0.06167577891534615,0.08009429020909714,0.06167577891534615,0.11466091364905845,5642
28934,0.06167533544251855,0.20649549997633335,0.06167533544251855,-0.019431248973130755,5643
26070,0.061579515774668137,0.6863142736938815,0.061579515774668137,-0.0006746271289618244,5644
24094,0.061529032776224915,0.15044395764013027,0.061529032776224915,0.04722020714604119,5645
23529,0.061494092268820494,0.11735133728566444,0.061494092268820494,0.023475987373886786,5646
29847,0.061487427843682704,0.15647304695201944,0.061487427843682704,-0.03149334853845204,5647
26274,0.06147144716505615,0.20049139187361542,0.06147144716505615,0.056258390467882446,5648
25265,0.06138545249101057,0.7674114605948329,0.06138545249101057,0.02256775315437487,5649
22040,0.06136357821447745,0.07055287667043722,0.06136357821447745,0.06495249782660892,5650
25779,0.06127965700790142,0.15447086260072193,0.06127965700790142,0.05662736556281023,5651
26051,0.06122721292735614,0.2737463155656579,0.06122721292735614,0.09818322435590682,5652
23948,0.06118958542727271,0.3456636763829268,0.06118958542727271,0.04894816794096113,5653
22119,0.06118613007833951,0.6201285918858495,0.06118613007833951,-0.0012758344857790593,5654
25963,0.061157862830090094,0.06478925351343727,0.061157862830090094,0.03667652939289878,5655
23321,0.061147027380671265,0.21596577327608013,0.061147027380671265,0.04439686078467947,5656
28672,0.06114101789870374,0.11605616588011007,0.06114101789870374,0.03486240399643775,5657
21542,0.06091183713962911,0.34500642151308547,0.06091183713962911,-0.002410470961518807,5658
20564,0.060897492225282734,0.3882811118548501,0.060897492225282734,-0.011814230184364893,5659
29384,0.06086410246482482,0.4565357761169075,0.06086410246482482,0.0042814062055699376,5660
21896,0.060790643898985114,0.1284072441415137,0.060790643898985114,0.013785249227986573,5661
21360,0.06076982881037429,0.19710883596574774,0.06076982881037429,0.007862867584170541,5662
20383,0.06075768475165243,0.1614657362620096,0.06075768475165243,0.0006613263814879144,5663
22049,0.06069586588677578,0.1367120266136012,0.06069586588677578,-0.02136700184110013,5664
28220,0.060643882875287276,0.07955896674854002,0.060643882875287276,0.14099554019204336,5665
28628,0.060576989031077236,0.13050232291566227,0.060576989031077236,0.020439976524122327,5666
25990,0.06054594208726728,0.0860693020994069,0.06054594208726728,-0.015008889337878611,5667
28823,0.06044749012081027,0.30852344447054036,0.06044749012081027,0.00878540082588547,5668
24056,0.060307446022193734,0.788219060848563,0.060307446022193734,0.0,5669
22064,0.06027351178432766,0.08101573554415441,0.06027351178432766,0.015691201905741026,5670
26055,0.06020417493467398,0.0691542195371715,0.06020417493467398,0.08875610503252299,5671
21003,0.060174592851839126,0.1757142402993618,0.060174592851839126,0.034889140405132246,5672
26605,0.06010695037645101,0.11087412642064653,0.06010695037645101,0.07590420159978681,5673
22742,0.06009950097526917,0.2568382514463034,0.06009950097526917,-0.010415721634422337,5674
26011,0.06004025170247418,0.6926137936150623,0.06004025170247418,-0.00489265175038478,5675
26064,0.05999389439797646,0.12612980425060946,0.05999389439797646,0.005151766213392112,5676
26105,0.05997544833688493,0.07615290059812031,0.05997544833688493,0.16132420421617882,5677
24385,0.05991404875334938,0.5810540272372071,0.05991404875334938,0.0006007908400749717,5678
22534,0.0598919334595186,0.08478477470425212,0.0598919334595186,0.017710219853268816,5679
21384,0.05980422236427824,0.14544786067602497,0.05980422236427824,0.00395051836665905,5680
20734,0.05972952579825968,0.08686300200564509,0.05972952579825968,0.08362667873741025,5681
26086,0.05966690436040198,0.18878328872052494,0.05966690436040198,0.03183629082497613,5682
25240,0.05957088178183373,0.5511723042152091,0.05957088178183373,0.06103278578517635,5683
25309,0.05950033293887977,0.3059145558881491,0.05950033293887977,0.016066795663629008,5684
23836,0.05943924402007944,0.4421274872517706,0.05943924402007944,0.02105350745188561,5685
22252,0.05943810733050983,0.256736717103324,0.05943810733050983,0.060349347934776754,5686
26276,0.059352285845064356,0.19688394077622287,0.059352285845064356,0.004484879317579682,5687
20911,0.059341036538782144,0.39219140368880173,0.059341036538782144,0.0045139691236268376,5688
26507,0.05931176319327802,0.6299495743384885,0.05931176319327802,0.0066814063599246465,5689
25042,0.059288372898759434,0.2163155979104357,0.059288372898759434,0.014812309007920743,5690
24153,0.0592469811971415,0.0774922502942961,0.0592469811971415,0.08335364304469761,5691
21580,0.05918837056128126,0.25443799187046445,0.05918837056128126,0.03477591687879705,5692
23615,0.059055287231859765,0.06327167781293384,0.059055287231859765,0.05681152123428709,5693
23681,0.059040616524856725,0.11727939949303678,0.059040616524856725,-0.004330369136110568,5694
24992,0.05892776412622852,0.1737814183522553,0.05892776412622852,0.04474557375398608,5695
29624,0.058890390297647775,0.09672153287855989,0.058890390297647775,0.024061046283229248,5696
26770,0.05885741862814282,0.06623421287114807,0.05885741862814282,0.1340674913551621,5697
26841,0.05881247221289582,0.09743847105417336,0.05881247221289582,0.09724442551726559,5698
22288,0.058768903451499224,0.15846850628428671,0.058768903451499224,0.12039826013613927,5699
28532,0.058747513540057604,0.06268338395959222,0.058747513540057604,0.04216142124258501,5700
29256,0.058746237505415716,0.2173566782244007,0.058746237505415716,0.03745717120111225,5701
29175,0.058730801002641136,0.21884880934696363,0.058730801002641136,-0.0017785337723019712,5702
22698,0.05867914642233535,0.40780397549568587,0.05867914642233535,-0.00041880260222570964,5703
23258,0.05865284750729922,0.11376035123014142,0.05865284750729922,0.007455621215312458,5704
29412,0.058647410832998625,0.06164841427790999,0.058647410832998625,0.14589296474495422,5705
22186,0.058584284633221975,0.11365385122248049,0.058584284633221975,-0.020764673783373933,5706
26546,0.05857798059688642,0.08154834212099518,0.05857798059688642,0.03663699799972964,5707
22840,0.05851460417008009,0.3838166432436417,0.05851460417008009,-0.00231261749908529,5708
23408,0.058505020890586984,0.2621268499017153,0.058505020890586984,0.005753679649430077,5709
26597,0.05849301111819763,0.24061364209400343,0.05849301111819763,0.01311916450453604,5710
23812,0.058492971855114095,0.19980006968861147,0.058492971855114095,0.042302085655887445,5711
24695,0.058489767326044384,0.3688130886083332,0.058489767326044384,0.03253453022974456,5712
28903,0.05837399418278716,0.43574271898995665,0.05837399418278716,-0.0017226643246202045,5713
28019,0.05834605141284385,0.21140656070553077,0.05834605141284385,0.04996019098765525,5714
22164,0.05833293382163347,0.12993693215890967,0.05833293382163347,-0.015023922045219074,5715
22201,0.05826749113066221,0.18599354696083908,0.05826749113066221,0.03378527282883986,5716
23760,0.05821252618847657,0.0626102439707064,0.05821252618847657,0.05049088741149557,5717
20297,0.05810198839952124,0.17228524601902526,0.05810198839952124,0.019829089534248556,5718
28901,0.058033564669989886,0.062460797292447336,0.058033564669989886,-0.011151553131967029,5719
25610,0.057989790236604916,0.13962569087187052,0.057989790236604916,0.02461413729658113,5720
28012,0.05795062076277957,0.07744514815346283,0.05795062076277957,0.15958142277516799,5721
25474,0.05789236873329616,0.07218862842455141,0.05789236873329616,0.10106504525949817,5722
26173,0.057877929547972634,0.14131170707920077,0.057877929547972634,0.014735572881485304,5723
20649,0.05787632040362671,0.07974683660439479,0.05787632040362671,0.1690374915714646,5724
29205,0.057876105113181524,0.06868752967522229,0.057876105113181524,0.06755631257203759,5725
22022,0.057828614729406445,0.0714193461667125,0.057828614729406445,0.0613912951043786,5726
21920,0.05782067078948205,0.08401408011843826,0.05782067078948205,0.09192144871354715,5727
21961,0.057773644299195515,0.3314624587184096,0.057773644299195515,0.010184823368167173,5728
23693,0.05775857653019641,0.12468812483118005,0.05775857653019641,-0.0042718121505683215,5729
24206,0.057690139129541865,0.1331632309220181,0.057690139129541865,0.027839527926398405,5730
29726,0.057657418127861966,0.06000852069485891,0.057657418127861966,0.05107465137044942,5731
28695,0.05764250439097557,0.3059233818502476,0.05764250439097557,0.09048098782014952,5732
28788,0.05755311566970346,0.08967459790298021,0.05755311566970346,0.032842339317356445,5733
28293,0.057517346323678276,0.4714103167990548,0.057517346323678276,-0.002298431065565154,5734
25644,0.05741969686795528,0.3346363447999515,0.05741969686795528,-0.011730701136501098,5735
27951,0.057352346877296734,0.153535305519396,0.057352346877296734,0.04972818968093967,5736
21623,0.057319664333845666,0.31097525770299417,0.057319664333845666,0.005930660706695179,5737
26234,0.057276068028412744,0.08009022186885609,0.057276068028412744,0.0038623536104169243,5738
27395,0.05724401012424232,0.16709952465902583,0.05724401012424232,0.02696085345140775,5739
27587,0.0571776287127913,0.10878933018680438,0.0571776287127913,0.037807978458120506,5740
28053,0.05715253282337596,0.3341036944690904,0.05715253282337596,0.03321259222143319,5741
20792,0.057146784066386014,0.1963759523713324,0.057146784066386014,0.10631726814529571,5742
27720,0.057138987393502594,0.2132639697700045,0.057138987393502594,0.11573109726736192,5743
29458,0.05704279315745553,0.4498968647451906,0.05704279315745553,0.0,5744
29397,0.05696649757958869,0.07400722972984768,0.05696649757958869,0.06924989166662585,5745
27918,0.05688628497496111,0.11827964619214708,0.05688628497496111,0.025405532909087092,5746
23983,0.05683491968350193,0.28145877673002834,0.05683491968350193,0.02213760073569676,5747
20005,0.056821679483080895,0.16501537639789307,0.056821679483080895,0.06203024077975405,5748
20597,0.056800541252901286,0.07678099793514696,0.056800541252901286,0.02529874250872116,5749
23103,0.05679757466159037,0.17292885973068206,0.05679757466159037,0.026381020250793252,5750
25758,0.056784752210143535,0.05748867268532325,0.056784752210143535,0.07157113377350868,5751
26782,0.056667052034809366,0.06341236387855144,0.056667052034809366,0.12559498187134932,5752
27950,0.05666520585706883,0.17240762877249613,0.05666520585706883,0.0017009312901888063,5753
24249,0.056637070992735905,0.06837275035755702,0.056637070992735905,-0.019927054948205125,5754
25369,0.056619643258785435,0.25906655204170786,0.056619643258785435,0.0005090396381435269,5755
24529,0.05656062302077414,0.1406304075839165,0.05656062302077414,-0.006853335574505959,5756
21856,0.0564608160156308,0.4963256384324887,0.0564608160156308,-0.014257828268150252,5757
27325,0.05643176002774483,0.12684954294680417,0.05643176002774483,-0.005483396198594781,5758
29533,0.056307221129514876,0.13249224324153683,0.056307221129514876,0.004100448394265821,5759
22249,0.056271993974798165,0.10287515848553266,0.056271993974798165,0.1703081314961341,5760
22222,0.056227694486400845,0.15275705530656414,0.056227694486400845,0.008261457432383545,5761
25919,0.056180400250545215,0.08648984314656814,0.056180400250545215,-0.004665858339720441,5762
25882,0.05616121834284159,0.06404132798544257,0.05616121834284159,0.015614115041750531,5763
21616,0.05604968922483116,0.09713867970942856,0.05604968922483116,0.07048845076385829,5764
22973,0.05604485581689109,0.2754253804321768,0.05604485581689109,0.02313716570992369,5765
22412,0.056030721925793836,0.9638797671435814,0.056030721925793836,0.0,5766
28745,0.056011311713860534,0.06843723824509931,0.056011311713860534,-0.015417635497029514,5767
23824,0.05599174807540641,0.6755007917262239,0.05599174807540641,0.01283848709509261,5768
29586,0.05596748775849816,0.09625483457825604,0.05596748775849816,0.00853829588473709,5769
27125,0.055876158174382254,0.06355160072884203,0.055876158174382254,0.04274840677794092,5770
25972,0.055864291580052516,0.15868570542131796,0.055864291580052516,0.010474377198280316,5771
22635,0.05584075973043855,0.12242524576564517,0.05584075973043855,0.010297167830899179,5772
25453,0.055800059882619664,0.05755625626057241,0.055800059882619664,-0.024266799133546346,5773
26727,0.05569545280685263,0.13879999245215335,0.05569545280685263,0.09941485429885874,5774
24401,0.05569153974805441,0.6162535309846884,0.05569153974805441,0.0,5775
21493,0.05564467758460266,0.07639005727655761,0.05564467758460266,0.07986778099093095,5776
24684,0.0556403412223192,0.3018242892052087,0.0556403412223192,0.005806348156489838,5777
20714,0.05559664852827445,0.3328092448429564,0.05559664852827445,-0.0028690312540256002,5778
22799,0.05557512594616576,0.3565946178890113,0.05557512594616576,0.00682130178535878,5779
27228,0.055521949422238426,0.5751345041213222,0.055521949422238426,0.01814939878279931,5780
23129,0.05551790282113701,0.1736321182759856,0.05551790282113701,-0.00662654633024673,5781
28806,0.055517799864118256,0.47727542637949333,0.055517799864118256,0.022246441925332983,5782
22308,0.05551346033267095,0.10569143419045816,0.05551346033267095,0.07727526926798453,5783
28310,0.05548488482282293,0.3096250152286941,0.05548488482282293,0.008278898838739668,5784
25740,0.055407024720535825,0.7961579384677578,0.055407024720535825,0.0,5785
23604,0.05527931507349104,0.07797244342308052,0.05527931507349104,0.08442496211177161,5786
21936,0.05527406405064504,0.062192602347205805,0.05527406405064504,-0.005524520954796691,5787
24982,0.055229119172780824,0.12185727634172247,0.055229119172780824,0.004536190358702952,5788
25204,0.05522304351394983,0.11423896211471561,0.05522304351394983,0.0003318734020642533,5789
20541,0.055219832309485586,0.137775704162767,0.055219832309485586,-0.03682384175459835,5790
22893,0.055202735810215675,0.24447286747129307,0.055202735810215675,0.025725030695330386,5791
25845,0.055191692592505386,0.07062389459476527,0.055191692592505386,0.050296898001458784,5792
21143,0.055074382089896456,0.5097950532376943,0.055074382089896456,0.01677406199499265,5793
25157,0.05506848381429472,0.059257266119388585,0.05506848381429472,0.10738596328352609,5794
22670,0.05499790218786563,0.08856061155676015,0.05499790218786563,0.01151197283605071,5795
28291,0.054966541983616266,0.11310386147089403,0.054966541983616266,0.02551166067760352,5796
22195,0.054935889339921835,0.0867365165397538,0.054935889339921835,-0.0030855077511856843,5797
23976,0.054898517160986704,0.682985339121514,0.054898517160986704,0.016550777441707964,5798
23115,0.05478380016436838,0.11598294214920203,0.05478380016436838,0.011766611342106714,5799
21444,0.05477075941320253,0.21159130150656488,0.05477075941320253,0.02056349045035122,5800
22874,0.05459231060626893,0.2170815476600567,0.05459231060626893,-0.012445786058194686,5801
27196,0.054538121231037184,0.05972449296683167,0.054538121231037184,0.05876263485441689,5802
27085,0.054535891605050194,0.05738448743618857,0.054535891605050194,0.038833981972546255,5803
26487,0.05452623367841081,0.6321834971528398,0.05452623367841081,-0.002685657324298707,5804
27012,0.0544474093955753,0.5521308672499465,0.0544474093955753,0.0007392401477280819,5805
22758,0.05440808717289741,0.41486991509213084,0.05440808717289741,0.0040826674664548035,5806
20440,0.0544045670013833,0.387108168108775,0.0544045670013833,0.026919218986250215,5807
24224,0.05431794978007451,0.1490359310760079,0.05431794978007451,-0.005118227083646371,5808
26134,0.054314998838645004,0.06375599433910482,0.054314998838645004,0.004144515813021499,5809
21564,0.054208470002325426,0.3541509095430909,0.054208470002325426,0.017740217580735462,5810
27052,0.05419058973332319,0.05758946679496576,0.05419058973332319,0.05393497137440115,5811
29133,0.054172553263674636,0.11453189208846311,0.054172553263674636,0.02975853620027097,5812
24807,0.05410074970400025,0.6776778589131073,0.05410074970400025,0.0,5813
26872,0.05405073068661062,0.2601029706321869,0.05405073068661062,0.01062391203115609,5814
21935,0.05392333163980074,0.09347679345319664,0.05392333163980074,0.0026450463434237736,5815
26057,0.05390857483790307,0.4666788892065766,0.05390857483790307,0.04988978197866645,5816
26627,0.053889676425829265,0.05486706635971481,0.053889676425829265,0.14523709615771158,5817
22050,0.05386085572578242,0.4872437934241556,0.05386085572578242,0.016508108783423014,5818
29124,0.05381755887535461,0.5387796060051907,0.05381755887535461,0.017421720548638886,5819
25480,0.053718356776990654,0.10909343514055117,0.053718356776990654,0.012642426235276172,5820
24643,0.053713959139484346,0.12965289293952587,0.053713959139484346,-0.02875966497186333,5821
24911,0.053680781793726894,0.06422017782034192,0.053680781793726894,0.007310260715077566,5822
25040,0.05366690693764065,0.10221803090296948,0.05366690693764065,0.06376969953244477,5823
23766,0.053664569563048894,0.15039177134352252,0.053664569563048894,0.026556500000317396,5824
28464,0.05363992292027464,0.696870189563354,0.05363992292027464,0.0,5825
27604,0.05359971960751676,0.07461264091157802,0.05359971960751676,0.02927942612813761,5826
24710,0.05359199559298618,0.1468451814007044,0.05359199559298618,0.008136189234303592,5827
28328,0.05349282798831237,0.06657840871851978,0.05349282798831237,0.038663532847638016,5828
28184,0.053401989136022454,0.2780347088000607,0.053401989136022454,0.0008387435642075447,5829
20726,0.053384960373192444,0.12788012076584224,0.053384960373192444,0.15343434635014397,5830
27865,0.0533762962190501,0.23778467185490024,0.0533762962190501,0.05453745708119978,5831
25553,0.053326224825927374,0.1322560829871866,0.053326224825927374,0.05450932472740189,5832
23651,0.0533029158123906,0.05692441480522252,0.0533029158123906,0.03511692847575715,5833
23782,0.05328988337767011,0.054698257022118356,0.05328988337767011,0.06319441009758903,5834
28614,0.053272781224855556,0.05491597227019017,0.053272781224855556,0.038509600597977034,5835
29643,0.05325107904637136,0.19436399095347218,0.05325107904637136,0.04643321084382429,5836
23826,0.05322302381555588,0.8526954123109147,0.05322302381555588,0.011528441038857418,5837
27262,0.05309230605649542,0.06460554783223148,0.05309230605649542,0.02331604378679361,5838
23821,0.05305644505950213,0.8364167525561556,0.05305644505950213,0.006298877594170249,5839
25404,0.0530329758609082,0.09472660737297606,0.0530329758609082,-0.018979440149647753,5840
25498,0.05294225843542196,0.0629540544077023,0.05294225843542196,0.16705199116568084,5841
26157,0.052865758733191895,0.06100466914879583,0.052865758733191895,0.06066890046638035,5842
28515,0.052862112434094444,0.7624077548633462,0.052862112434094444,-5.842761961927234e-05,5843
20927,0.052800947309601026,0.0587682195464945,0.052800947309601026,0.1014846060822765,5844
29935,0.052763573849950285,0.15727998779274072,0.052763573849950285,0.08535503604070471,5845
21440,0.052745870823760616,0.22838949745380355,0.052745870823760616,0.03749535698824591,5846
27686,0.052736901651181084,0.091730360089879,0.052736901651181084,-0.01755965599722248,5847
24274,0.05263722263800255,0.05435708470341301,0.05263722263800255,0.008819480971856891,5848
29880,0.052605006018275786,0.06315686057847955,0.052605006018275786,0.04693002625433032,5849
25149,0.05256455323180952,0.10606214796415879,0.05256455323180952,0.03147146875731843,5850
26054,0.05256132562401378,0.11660414930179609,0.05256132562401378,-0.014644863465347768,5851
23505,0.05255000264393962,0.12157036199623966,0.05255000264393962,0.0015968207698880965,5852
28952,0.052487256755147316,0.2561401900876264,0.052487256755147316,0.02764425745144683,5853
20076,0.05247981904729909,0.3920678583616669,0.05247981904729909,0.0560972063507314,5854
25766,0.052475185406668776,0.07521327893792891,0.052475185406668776,0.009066798716053343,5855
24638,0.05243173530231002,0.26181682878601736,0.05243173530231002,0.011223938588795335,5856
22843,0.052426109702896115,0.05414645707519952,0.052426109702896115,0.057610684596579476,5857
20100,0.05240506720862176,0.08311172463932852,0.05240506720862176,0.17124833143957893,5858
25106,0.05232322607897727,0.4410287253639793,0.05232322607897727,0.016761199271189575,5859
27498,0.05230450721219543,0.33478079679494066,0.05230450721219543,0.025293276972904566,5860
23083,0.05220924241687713,0.44531868323628865,0.05220924241687713,0.022940367932226813,5861
26614,0.05215299251991734,0.6245056787750976,0.05215299251991734,0.0,5862
21050,0.05214232074673203,0.3933913576754515,0.05214232074673203,0.011513329756519364,5863
23944,0.05211871842344498,0.2768128352946103,0.05211871842344498,0.07438928422271368,5864
22230,0.05210068089921965,0.0861300135507035,0.05210068089921965,0.015799342429480723,5865
27367,0.0520900465582354,0.07258454084532659,0.0520900465582354,0.003354792184896649,5866
29808,0.052024174562735725,0.4023570109053218,0.052024174562735725,-0.0014087413147875205,5867
27547,0.05199926475354022,0.3601072288116153,0.05199926475354022,0.0512799104213732,5868
20318,0.05196551101513222,0.08742409588896949,0.05196551101513222,0.0031699545432827825,5869
28727,0.05194620308469189,0.69848581025795,0.05194620308469189,0.0,5870
26489,0.05193490164961556,0.6318085325274145,0.05193490164961556,0.0,5871
20983,0.051882784483648206,0.0628252274710914,0.051882784483648206,0.017193762384143607,5872
21814,0.05179742567844858,0.47956531880245307,0.05179742567844858,-0.009599178751728221,5873
28517,0.05178428293152987,0.40005143732152615,0.05178428293152987,0.03530790256199484,5874
26031,0.051742841347673596,0.35149954832962604,0.051742841347673596,0.004014947082948361,5875
20947,0.05169498280026758,0.09633814304332027,0.05169498280026758,0.03711798015182666,5876
21780,0.05167661553472366,0.06924015002803861,0.05167661553472366,0.03279832228313634,5877
23017,0.0516506718122985,0.15954285886207242,0.0516506718122985,-0.011725462282134586,5878
24908,0.05151826767416441,0.08907925101939153,0.05151826767416441,0.010393243721379924,5879
27873,0.05149331620629872,0.07386848629361091,0.05149331620629872,0.0746963289533365,5880
24968,0.05148950254414608,0.47561249748723033,0.05148950254414608,0.03593512559697898,5881
23388,0.05148005444257714,0.4011858433393779,0.05148005444257714,0.02849656662593192,5882
28005,0.0514712844671789,0.16853050420389284,0.0514712844671789,0.013052256739992663,5883
27782,0.051349821218263314,0.482824720911429,0.051349821218263314,0.03993524821209915,5884
23961,0.05132568135364268,0.36559600203406706,0.05132568135364268,0.05765973750750458,5885
27246,0.051314394943826745,0.057705581514759643,0.051314394943826745,0.006002398623861455,5886
28771,0.051057283308232365,0.19287898140322457,0.051057283308232365,0.003647597357411214,5887
24244,0.050956598752155316,0.08179904526265841,0.050956598752155316,0.014951868936796564,5888
23040,0.05092635380260267,0.053426855994411666,0.05092635380260267,0.057756593547985624,5889
26009,0.050904214830833135,0.10185941424832558,0.050904214830833135,0.012148859384591704,5890
21202,0.05088187060008886,0.6335867862483088,0.05088187060008886,-0.0021562904014735818,5891
25955,0.050809732090271814,0.09231060938846854,0.050809732090271814,0.1634079271236862,5892
25894,0.050760068795750395,0.05781199116731283,0.050760068795750395,0.07606921733476157,5893
27248,0.050647815112734314,0.10682111515374106,0.050647815112734314,-0.02613110595197979,5894
28560,0.05061008654676886,0.10266280078541799,0.05061008654676886,-0.0034580467232264156,5895
29222,0.050572351356255575,0.06918455444641813,0.050572351356255575,0.011539326328863703,5896
29990,0.05048802321385981,0.2309241790608638,0.05048802321385981,0.025428336399710427,5897
27415,0.050470326025828974,0.06731360733265623,0.050470326025828974,0.050438280656218304,5898
27638,0.05042775377561265,0.3203810621244908,0.05042775377561265,-0.008262575657196625,5899
21335,0.05038194834791171,0.3496455754696624,0.05038194834791171,0.02082148268474332,5900
22965,0.05028262571521387,0.09235343277016443,0.05028262571521387,0.11638998917427046,5901
27775,0.05027174719206884,0.6953490432493341,0.05027174719206884,0.020708093373096204,5902
22044,0.0502211406924816,0.16234355119777963,0.0502211406924816,-6.19631334459747e-05,5903
22662,0.05011952673059086,0.1350823206532958,0.05011952673059086,0.02317665135113761,5904
27868,0.04999590957710804,0.09859265981948258,0.04999590957710804,0.04500127414517541,5905
25580,0.049988751232761086,0.36732797784704213,0.049988751232761086,0.03285999640961823,5906
26759,0.04996031171820811,0.13181835004365364,0.04996031171820811,0.031591864069471176,5907
22471,0.049958500196080835,0.8137042105794604,0.049958500196080835,0.0,5908
21603,0.049946019120258756,0.4100467371019727,0.049946019120258756,0.026710241175646132,5909
28996,0.04992521520919985,0.4307332148737549,0.04992521520919985,-0.0032848959027960145,5910
25670,0.049915512421050634,0.31187387954393503,0.049915512421050634,0.03677862728499903,5911
21686,0.04987982816646632,0.09295383060311997,0.04987982816646632,0.004060064576330624,5912
20617,0.049837125913723884,0.23817084148873915,0.049837125913723884,0.006697838647221066,5913
29771,0.049778465085955494,0.11121283838216223,0.049778465085955494,-0.002913463646064457,5914
24179,0.04970071920158385,0.06764090448074363,0.04970071920158385,0.05229884463897419,5915
21222,0.049671455206460165,0.07769285180383464,0.049671455206460165,0.08626715416001093,5916
23342,0.04965207992061318,0.0946881344983022,0.04965207992061318,0.050735212771391536,5917
25942,0.049615279927057165,0.5648776676018568,0.049615279927057165,0.03193789487373022,5918
28900,0.049508280743668115,0.05409471149909297,0.049508280743668115,0.03778698787345108,5919
28795,0.04944502853261351,0.4504013983073236,0.04944502853261351,0.008922994623927316,5920
29110,0.049439776215400744,0.46421324306632106,0.049439776215400744,-0.004793151930654327,5921
24154,0.049318909159796975,0.37667594584209485,0.049318909159796975,0.014259049329827633,5922
24804,0.04925237028981648,0.10487046534177498,0.04925237028981648,0.04469962585896081,5923
22448,0.04924619230288091,0.11654088936969152,0.04924619230288091,0.010640931055419911,5924
24262,0.04920600005925331,0.055585024886350615,0.04920600005925331,0.023973801791741356,5925
23626,0.04918618575503375,0.5592463492685074,0.04918618575503375,0.0185067290286397,5926
22532,0.049157271938058356,0.06382803322925504,0.049157271938058356,-0.0032503183193058616,5927
23984,0.049128179191999535,0.07243850152258965,0.049128179191999535,0.04255040362422355,5928
27588,0.04911200643105923,0.3942763925118364,0.04911200643105923,-0.020782506929675537,5929
21587,0.04906107529966389,0.05852303554816897,0.04906107529966389,-0.0006573585902797663,5930
23271,0.04901508397755777,0.3490705695772906,0.04901508397755777,0.024410891363540188,5931
23973,0.04901504660497875,0.056010460603647956,0.04901504660497875,0.05306403882617419,5932
28481,0.04901052210494337,0.06316941671143561,0.04901052210494337,0.03767121636870563,5933
24570,0.049010421781401,0.26885911025301484,0.049010421781401,-0.0024212715636005022,5934
26859,0.04900080167078161,0.1881743244723445,0.04900080167078161,0.033825052076709106,5935
29508,0.04891661657171901,0.05207434678872006,0.04891661657171901,0.14006877780988292,5936
29047,0.04886940198834677,0.41584099199506114,0.04886940198834677,0.006437493544062867,5937
22166,0.04877521602714163,0.7863139703817172,0.04877521602714163,0.008870554802655972,5938
23715,0.04876041172359391,0.46761731548891755,0.04876041172359391,0.08544430226767136,5939
25719,0.04875767108611681,0.23463061824327971,0.04875767108611681,0.03534435587030832,5940
29875,0.048737869259200595,0.14566298818228188,0.048737869259200595,0.07963210108491256,5941
27235,0.04865919605355834,0.5293379389095404,0.04865919605355834,0.01756335048504387,5942
26357,0.04864783994792499,0.2612520351889924,0.04864783994792499,-0.03788760534422647,5943
29913,0.048640078652329166,0.23135210915066914,0.048640078652329166,0.0037891230201355097,5944
22811,0.04863608518245616,0.4487455078282956,0.04863608518245616,0.0,5945
25576,0.04858240629744193,0.5142843191918,0.04858240629744193,0.0028471947043563484,5946
24470,0.048580835103356534,0.07534050383236653,0.048580835103356534,0.02048330110602037,5947
20940,0.04850438406591439,0.09163787406494858,0.04850438406591439,0.019926381871697485,5948
27486,0.04849421203293339,0.1764087926150997,0.04849421203293339,-0.001747173320708173,5949
25737,0.04847250287475352,0.19019491485443318,0.04847250287475352,0.009283270826045964,5950
24275,0.04846429900286253,0.325127289604014,0.04846429900286253,0.0162725605857863,5951
28912,0.0484071891897056,0.3217821318794028,0.0484071891897056,0.008597249012789632,5952
29347,0.04822688087450218,0.07786188440619081,0.04822688087450218,0.024780529105384197,5953
27972,0.04822089116517568,0.1073883242827974,0.04822089116517568,0.09046920519159746,5954
22796,0.04821097353557846,0.41996547160569037,0.04821097353557846,0.006882003458207886,5955
26541,0.04814537295183661,0.06039045838795213,0.04814537295183661,0.006261362895914363,5956
21007,0.04813311267518018,0.11578557315658258,0.04813311267518018,-0.047176709226804836,5957
21697,0.048105232296017035,0.0498317522774902,0.048105232296017035,0.04094158815704321,5958
22573,0.04802209209359937,0.21567237525990884,0.04802209209359937,0.005641483588164631,5959
25155,0.04800299947576172,0.07571089333526977,0.04800299947576172,0.052083274638915295,5960
28725,0.04796769704978858,0.11037845034748775,0.04796769704978858,-0.028443249745172206,5961
22159,0.0479671548624602,0.14224435833030027,0.0479671548624602,0.06775959481576121,5962
29853,0.04793735201747753,0.0646249120270794,0.04793735201747753,-0.02559976740140238,5963
28499,0.04791652784632651,0.15354517721442676,0.04791652784632651,0.06711537108929866,5964
21740,0.04788704372455331,0.07461585597644851,0.04788704372455331,0.0676425774370546,5965
28915,0.047875147016550046,0.23949628289364056,0.047875147016550046,0.013320826857359469,5966
25621,0.047860996101197616,0.062021511636717166,0.047860996101197616,0.03306851560709567,5967
27274,0.04785746008910227,0.1618994315123135,0.04785746008910227,0.08679140465404123,5968
27727,0.047837086329798995,0.3292567932091477,0.047837086329798995,0.018413679039459563,5969
28443,0.0477476066235155,0.0680676880658571,0.0477476066235155,0.016066170438783445,5970
28623,0.0476452200074266,0.23087349769835908,0.0476452200074266,0.05811421309384607,5971
28505,0.047590749550366906,0.43684034230201885,0.047590749550366906,0.028480212026770313,5972
20748,0.047580650421083004,0.07073230800311059,0.047580650421083004,0.010379199371282094,5973
21447,0.04754996573785908,0.7239226372562485,0.04754996573785908,0.026749911632765855,5974
28957,0.047429769441117375,0.16258971507758557,0.047429769441117375,0.028265709226536484,5975
21028,0.04741248207388257,0.26465706048294857,0.04741248207388257,0.003658773037895635,5976
27293,0.04729764685894154,0.15222314101027015,0.04729764685894154,0.013973212600353502,5977
29862,0.04727907613350868,0.3812926886488284,0.04727907613350868,0.013938249348843246,5978
20392,0.04725061982802666,0.0623665091796478,0.04725061982802666,0.0715273152265658,5979
20857,0.04724700134076459,0.10252668464888912,0.04724700134076459,0.021742772486575968,5980
26543,0.04707799640761523,0.25994524835411426,0.04707799640761523,0.039901253321127816,5981
29086,0.047060320643866616,0.11188573235278992,0.047060320643866616,0.006628780043524546,5982
23199,0.047043832408727226,0.6630778414888856,0.047043832408727226,0.009985664329123178,5983
21906,0.047024216461246056,0.07920212306332898,0.047024216461246056,0.10934426576807163,5984
23154,0.046993206455095304,0.05981510507243595,0.046993206455095304,0.05758602256120336,5985
26771,0.046988885912031014,0.27391315697178514,0.046988885912031014,0.02277885334531571,5986
29177,0.04684940576533214,0.3297080644380443,0.04684940576533214,0.001294080592220248,5987
24697,0.046794106388304724,0.4516602731711792,0.046794106388304724,0.0660422510979935,5988
21238,0.04674560412425416,0.05989024306273881,0.04674560412425416,0.0039123133931494025,5989
24350,0.04672399590084031,0.5722646383796105,0.04672399590084031,0.0014140952850301147,5990
27275,0.04672324605178338,0.20931442398542166,0.04672324605178338,0.01594300587543729,5991
26893,0.04671782901898425,0.2412268855607199,0.04671782901898425,-0.01157801118421714,5992
28854,0.04660705039662913,0.060442687458377824,0.04660705039662913,0.011403497382127398,5993
22958,0.04652854317812697,0.10705046866696782,0.04652854317812697,0.029742422566713556,5994
20946,0.04648170776960239,0.1732479535595293,0.04648170776960239,0.03818211039005648,5995
24493,0.04643983445102473,0.4780988931855901,0.04643983445102473,0.01273112984897784,5996
21706,0.04642807912652792,0.048237534662599606,0.04642807912652792,0.05578922155011204,5997
23938,0.04638954050863078,0.2156536807583373,0.04638954050863078,0.004979971855746168,5998
23309,0.04638673163639914,0.2007541259789556,0.04638673163639914,0.003232185988901959,5999
29554,0.046380903869400344,0.16510313574258925,0.046380903869400344,0.0218012507583234,6000
21583,0.04637930244401989,0.5798301485211179,0.04637930244401989,-0.002596329438366074,6001
28955,0.0463531317647579,0.1650158159815083,0.0463531317647579,-0.008181428203641927,6002
23539,0.04621906087882102,0.0584757837380298,0.04621906087882102,0.028395784155309522,6003
21746,0.04619050701771571,0.3397281648008582,0.04619050701771571,0.02135295818253863,6004
24327,0.04618719764879786,0.2401155536403375,0.04618719764879786,0.003306950847795642,6005
26444,0.04617856925935643,0.313558001544307,0.04617856925935643,0.03811601070958215,6006
20204,0.04611544976241594,0.060094535116533364,0.04611544976241594,0.07492270375648422,6007
26684,0.04608373990927275,0.2834398521604179,0.04608373990927275,-0.0012635109327017169,6008
28055,0.04607274576191006,0.05463169673399083,0.04607274576191006,0.003660460367900853,6009
24897,0.04606921792065427,0.23420261218818295,0.04606921792065427,-0.0077878721890256575,6010
21635,0.04600735795266904,0.14867033210355146,0.04600735795266904,0.0308892868035483,6011
21067,0.04593468408083928,0.32839629051277747,0.04593468408083928,0.00999934744730846,6012
23901,0.04592597148609995,0.14691047822958575,0.04592597148609995,0.010351413304691859,6013
22326,0.045920861678129477,0.6260008979430144,0.045920861678129477,0.0020245795715420067,6014
25688,0.04585943764146505,0.38731975918953004,0.04585943764146505,0.01392921583365836,6015
29253,0.04585819198878549,0.7276363360436299,0.04585819198878549,0.021553500821767657,6016
26340,0.04583781348267668,0.36836682366982554,0.04583781348267668,0.004130713291753685,6017
21079,0.04582411034498024,0.565330743362918,0.04582411034498024,0.0,6018
28283,0.04576913945865757,0.7604700376317125,0.04576913945865757,0.0,6019
27908,0.04572503339220796,0.048483837763468915,0.04572503339220796,0.07920182671947237,6020
22789,0.045659983982956565,0.6252045574621604,0.045659983982956565,-0.009675437961364053,6021
29469,0.04564757587134782,0.7675649219396771,0.04564757587134782,0.004688499853580552,6022
22365,0.04562643931195995,0.17975211317827738,0.04562643931195995,0.02501511534633205,6023
25998,0.0455593552758789,0.311041521451271,0.0455593552758789,-0.01499339552413681,6024
25422,0.04552920928921611,0.2852289125414315,0.04552920928921611,0.028490227746045593,6025
20834,0.04549129960967939,0.059714386664348376,0.04549129960967939,0.11932371629616376,6026
24608,0.04548883989032696,0.059671942585674154,0.04548883989032696,-0.01383622904317,6027
22177,0.04547848681825293,0.096623345751372,0.04547848681825293,0.030959120619933833,6028
21502,0.04540896772522289,0.08579733165102861,0.04540896772522289,0.04513593017295242,6029
25292,0.04533781382983564,0.08025518365710511,0.04533781382983564,-0.01734369794740015,6030
22048,0.04531149958907804,0.49347787544127875,0.04531149958907804,-0.0016529218692693526,6031
21889,0.0452912698634535,0.12256422513334528,0.0452912698634535,-0.005621105688242312,6032
21932,0.04525052649155678,0.19612453066287408,0.04525052649155678,0.0014055868743344524,6033
25616,0.04522387167566544,0.36611906656474463,0.04522387167566544,0.007541125523904291,6034
25277,0.045203616211729615,0.057081216314074826,0.045203616211729615,0.06607561931970085,6035
28716,0.04518820786537539,0.05421914657447752,0.04518820786537539,5.570593115161726e-05,6036
27096,0.04511943446043284,0.10604947965830043,0.04511943446043284,0.005289618505979254,6037
23113,0.045043467039662444,0.05725268183138152,0.045043467039662444,0.014756361518015737,6038
21504,0.04502188586315231,0.29807720662917603,0.04502188586315231,0.028997995408309385,6039
20343,0.044993743640692,0.199824009759655,0.044993743640692,-0.018153911398868183,6040
27120,0.044889286800622985,0.2358705085511936,0.044889286800622985,-0.0025660399451924443,6041
22519,0.044856351626663016,0.3393955485286761,0.044856351626663016,0.029491123282344267,6042
24737,0.0448318687961593,0.1492318296556034,0.0448318687961593,0.049469228431758494,6043
20769,0.04475222637314231,0.10418849646464307,0.04475222637314231,-0.006460376902308829,6044
22981,0.044736277236300026,0.6927351124060926,0.044736277236300026,-0.001187116756834472,6045
21735,0.044720612049572506,0.053040546712920834,0.044720612049572506,0.019508315450431996,6046
21468,0.04466733542638121,0.05999149458956291,0.04466733542638121,0.007397674637323881,6047
20484,0.0445541319190339,0.11547085139649867,0.0445541319190339,0.059419410960341146,6048
29625,0.044463300870745154,0.08621549623301031,0.044463300870745154,0.018938992626670648,6049
28364,0.04443252202714677,0.07682104876690939,0.04443252202714677,0.041062713333546,6050
27957,0.044424924687781586,0.4270689459943997,0.044424924687781586,-0.003046850101580456,6051
28366,0.04439444738439518,0.050094334253231884,0.04439444738439518,0.03368627651201045,6052
24830,0.044393949992643456,0.10723143533530162,0.044393949992643456,0.048317911841138705,6053
22184,0.04439349444575038,0.08766889881616399,0.04439349444575038,0.03481494987941157,6054
27099,0.04432378159575229,0.2109485704379239,0.04432378159575229,0.07028144340972503,6055
20041,0.04431344584643001,0.049310716732846184,0.04431344584643001,0.04426871724956652,6056
22370,0.04426494615665999,0.6318714116505318,0.04426494615665999,0.007617142917898612,6057
20415,0.044203721101432614,0.18342295995368463,0.044203721101432614,0.040287387213066184,6058
28054,0.04419464898746302,0.0499093390317082,0.04419464898746302,0.02575877844327501,6059
28446,0.04418969159661268,0.6740570079664184,0.04418969159661268,0.02751520493511539,6060
28170,0.044158758007970214,0.09067191531185947,0.044158758007970214,0.006643524418049329,6061
23842,0.044075800796358644,0.7732699525301009,0.044075800796358644,-0.002161942537118988,6062
20517,0.044063391921109196,0.3365083155753558,0.044063391921109196,-0.009077810326513225,6063
21146,0.04405876637507007,0.0702237024411689,0.04405876637507007,0.003945543095317583,6064
24078,0.04400918834082129,0.2787259929950276,0.04400918834082129,0.014087607052707063,6065
26339,0.04388889555565574,0.1661498696569097,0.04388889555565574,-0.006006242842835796,6066
21098,0.04382308991420518,0.11020912911004822,0.04382308991420518,0.11085468950522279,6067
25414,0.043806943325663816,0.21047936297862188,0.043806943325663816,0.027539485167260014,6068
21164,0.043786674089942745,0.1337099298075002,0.043786674089942745,0.006784218224009431,6069
22129,0.04363277223043152,0.2862372011373384,0.04363277223043152,0.09849439340153171,6070
25271,0.043624113608488446,0.3793190436074326,0.043624113608488446,0.013043216851647776,6071
26410,0.043612843814681,0.2532033571073996,0.043612843814681,-0.001439320677546152,6072
22916,0.04360860570376712,0.14229399331343265,0.04360860570376712,0.03413746272515583,6073
20498,0.04357336855583323,0.13291963178176494,0.04357336855583323,0.004936445743946916,6074
25303,0.04355558999798035,0.07002594264875021,0.04355558999798035,0.035678245616451526,6075
22920,0.04354347528787939,0.0764806771149134,0.04354347528787939,0.030732911529350093,6076
26039,0.04350866541871806,0.06294217348217812,0.04350866541871806,0.04647613161356039,6077
26524,0.04328063851391353,0.11971604363642309,0.04328063851391353,0.022793774980480686,6078
24087,0.043252248460573274,0.09654438107727649,0.043252248460573274,0.033059073594867316,6079
26378,0.04324228771464057,0.11357964256442092,0.04324228771464057,0.07662540454223224,6080
28374,0.043228208613144345,0.058561667569081786,0.043228208613144345,0.048718955430150784,6081
26027,0.04321496857987972,0.6876466272284616,0.04321496857987972,0.017857506921095556,6082
21334,0.04315836073487871,0.05077724536755887,0.04315836073487871,0.03156688217848225,6083
26903,0.04315772329436218,0.1376894523856132,0.04315772329436218,0.024715089819232705,6084
24935,0.04313456282266237,0.3995967667776766,0.04313456282266237,0.0022843517283739345,6085
25030,0.04312839316530033,0.05065861639378645,0.04312839316530033,0.08991297788765673,6086
20448,0.04311677117654067,0.6287080785736313,0.04311677117654067,0.03457848574607958,6087
29181,0.04289505453802927,0.04490385371639197,0.04289505453802927,0.017003977401635395,6088
25387,0.04284534537556317,0.3842975595651091,0.04284534537556317,0.016730679945589744,6089
29869,0.04279976535977592,0.741821179411781,0.04279976535977592,0.021759983395164717,6090
25729,0.04279737094079983,0.40003978278542524,0.04279737094079983,0.019942957528652272,6091
23811,0.04279564886772962,0.05158180576616638,0.04279564886772962,0.03751125653770404,6092
22763,0.042788950217616153,0.08971492214462891,0.042788950217616153,0.01727624901998731,6093
24522,0.04259983531794051,0.08724948006253667,0.04259983531794051,0.06827811603937711,6094
21096,0.04254576264942186,0.04451381728155505,0.04254576264942186,0.15062665245559662,6095
23886,0.04247149837740259,0.04594007196298999,0.04247149837740259,0.04299954512343285,6096
23061,0.04246460761510494,0.04773895314440874,0.04246460761510494,0.023951255562389417,6097
29690,0.042404026486609445,0.15310477784229204,0.042404026486609445,0.02480642930885052,6098
28334,0.04240173125060745,0.28437041104070215,0.04240173125060745,0.020491494408140687,6099
21328,0.04237512774230435,0.04737422250177506,0.04237512774230435,-0.015770561879949796,6100
25152,0.042335543051460575,0.10805095706300409,0.042335543051460575,0.012917056247785719,6101
25373,0.04233146332924138,0.06494206820676321,0.04233146332924138,0.03411307633331975,6102
29721,0.04233114306189063,0.04450619321028914,0.04233114306189063,0.08627179456982687,6103
21755,0.042272403020245805,0.05242631758360395,0.042272403020245805,0.04662047267792227,6104
20394,0.042267078136144776,0.4218019435008465,0.042267078136144776,0.009517826311828959,6105
24799,0.04225266431947636,0.05060300536898876,0.04225266431947636,0.006442749711488616,6106
22291,0.04224419758695062,0.04893485304998648,0.04224419758695062,0.03971051861763786,6107
29848,0.0422286363254681,0.09477040395778295,0.0422286363254681,-0.03792410740275537,6108
29154,0.042218783092181245,0.26594412869255823,0.042218783092181245,0.0018013777119015306,6109
22387,0.04221548503072584,0.08769303192123079,0.04221548503072584,0.04952742254197212,6110
24288,0.04216793255015934,0.15704179600534057,0.04216793255015934,0.12836581548695067,6111
23835,0.04214502032777886,0.0630814548827453,0.04214502032777886,0.05974153975936175,6112
28572,0.04210815683564348,0.2117946776888398,0.04210815683564348,-0.00569967706626251,6113
24885,0.0421065484424376,0.05456888232173034,0.0421065484424376,0.03501290454244377,6114
27680,0.0420770587131617,0.06807478778597298,0.0420770587131617,0.01162050057921224,6115
28937,0.04206697203159415,0.8710255525476119,0.04206697203159415,0.0,6116
25680,0.042026417305697276,0.04724598581133153,0.042026417305697276,0.017737022496851135,6117
24535,0.041985387997378276,0.3565552682532068,0.041985387997378276,0.030927345532308026,6118
25868,0.041984618458081144,0.13706531616002382,0.041984618458081144,-0.002414641707804699,6119
25212,0.041962535978518165,0.07609472323291515,0.041962535978518165,0.11253166475562493,6120
27947,0.041848965539628025,0.3211106134515422,0.041848965539628025,0.005108886740354701,6121
26202,0.04181199467531782,0.07999808340102955,0.04181199467531782,0.0624932639221443,6122
28222,0.0418103012179194,0.5652649195223314,0.0418103012179194,0.014218140748808006,6123
28106,0.041595573285629295,0.4070610089660426,0.041595573285629295,-0.01674377230717672,6124
20349,0.041590996734393315,0.31791501773768305,0.041590996734393315,-0.002393294330088447,6125
28565,0.04157677807016863,0.10596249193012137,0.04157677807016863,-0.026550106929904005,6126
22437,0.041564486608034384,0.20245443132761337,0.041564486608034384,0.020052212596081642,6127
22939,0.04148672203515441,0.5086207365799496,0.04148672203515441,0.031200304488373742,6128
24537,0.04140779491083421,0.26218530683610575,0.04140779491083421,-0.012944340897790008,6129
29707,0.04133851860845811,0.09422627006628134,0.04133851860845811,0.031757456866518596,6130
23591,0.04125148956493671,0.14481079006264716,0.04125148956493671,0.06349354242016161,6131
24561,0.04115207161340895,0.7236175146640696,0.04115207161340895,0.0018615979875650224,6132
27345,0.04105400537933114,0.061036396394509265,0.04105400537933114,-0.0020335437128190526,6133
20094,0.04099682207249272,0.3476397939534375,0.04099682207249272,0.0016810565738084593,6134
29946,0.040994411360540675,0.04228450277163472,0.040994411360540675,0.06257193166786246,6135
29745,0.040950305535162115,0.09246440947172566,0.040950305535162115,0.013501852418857596,6136
23633,0.04094445475767061,0.5990215722658735,0.04094445475767061,0.01821645212747325,6137
22426,0.040847058902366576,0.05454389434176511,0.040847058902366576,0.00911232143678442,6138
27994,0.040774253262988544,0.04491448335747914,0.040774253262988544,0.04732426044240845,6139
22930,0.040735126747786676,0.3001757481862835,0.040735126747786676,0.0024165305414476923,6140
27129,0.04066372326487122,0.5231894491867386,0.04066372326487122,0.020645266852740707,6141
22738,0.04065477898665566,0.07725800318690147,0.04065477898665566,0.027559065144333705,6142
23927,0.04063657116164236,0.0580562815663649,0.04063657116164236,0.08020707139499325,6143
25201,0.04056998999382523,0.128611902372583,0.04056998999382523,0.11565886647987533,6144
22549,0.040555705742191944,0.2408405362460115,0.040555705742191944,-0.0010193243660696627,6145
23514,0.040543246267622485,0.26186418823851126,0.040543246267622485,0.03219644505379682,6146
28104,0.04050958471333161,0.06672621388442232,0.04050958471333161,0.048509931830832714,6147
24962,0.04048342946214706,0.3828898581281456,0.04048342946214706,0.002000042999417473,6148
26429,0.04042411422354776,0.07533858096370423,0.04042411422354776,0.14630547636486424,6149
22121,0.04034393135614169,0.10279927628365038,0.04034393135614169,0.020284875692982873,6150
29654,0.04013468796222203,0.06919200204450003,0.04013468796222203,0.06351031180904587,6151
27458,0.0401233061526462,0.22107587670957882,0.0401233061526462,0.03048077785423442,6152
26042,0.040087129279882505,0.4382082767191467,0.040087129279882505,0.03496062449428605,6153
28927,0.039949688836939334,0.04099863743793511,0.039949688836939334,0.03898322109427885,6154
27358,0.03993904054187687,0.11359850118134746,0.03993904054187687,0.07083226516928634,6155
27990,0.039890364036860526,0.37421964223269166,0.039890364036860526,0.03027820547293847,6156
26942,0.03988294029180714,0.04886102082828194,0.03988294029180714,0.053020946240174754,6157
24633,0.03986909952523687,0.2802922812670495,0.03986909952523687,0.015315038543538884,6158
21720,0.0398474262829388,0.664902751233892,0.0398474262829388,-8.58949377811058e-05,6159
26901,0.03978923640588674,0.10059334665276896,0.03978923640588674,-0.0023672388089299723,6160
24283,0.03969579199406381,0.1747422875815067,0.03969579199406381,0.023068441443682253,6161
29225,0.03964778516318885,0.07708471115341457,0.03964778516318885,0.010366863190743647,6162
24950,0.03953994582634607,0.29768918242469616,0.03953994582634607,-0.00811305145790664,6163
27328,0.03953565966891742,0.3696788400661687,0.03953565966891742,-0.004821519557873688,6164
23546,0.03953501313845775,0.06478342824574947,0.03953501313845775,0.009438277019114316,6165
22461,0.03948998143710147,0.21897796997543212,0.03948998143710147,0.010876061114419466,6166
29096,0.03946738065684269,0.3975518077841676,0.03946738065684269,-8.230012340210147e-05,6167
20937,0.0393666020714288,0.0539748848722842,0.0393666020714288,0.18541095351897935,6168
21041,0.03931414472423017,0.055756900765004176,0.03931414472423017,0.026642443212084976,6169
20676,0.039285828137334056,0.2872630630496413,0.039285828137334056,0.02208678503834538,6170
27463,0.0392395660198912,0.2223255305380176,0.0392395660198912,0.013574901700568243,6171
23964,0.03920264839389377,0.13081545894026028,0.03920264839389377,0.008735454461976155,6172
22852,0.039195662779308346,0.08463784637865358,0.039195662779308346,-0.005141894314314777,6173
23733,0.03916798109873859,0.3277582907411343,0.03916798109873859,-0.0003417814748537529,6174
20885,0.03915847791846652,0.055585486221798895,0.03915847791846652,0.0606949309022804,6175
24856,0.03908503971846823,0.045405674390174657,0.03908503971846823,0.04857012359800246,6176
23054,0.03902962882460313,0.15209362661789064,0.03902962882460313,0.017500799919561105,6177
22509,0.03899793015321788,0.12855273264264794,0.03899793015321788,0.023257059638586375,6178
29005,0.038948052483328666,0.25249574157681165,0.038948052483328666,0.018379761866834377,6179
26632,0.038876565064749874,0.04510855391007369,0.038876565064749874,-0.0020661551071399775,6180
23418,0.03886316290996,0.32490699243465326,0.03886316290996,0.026453436074010128,6181
25778,0.0386175769591727,0.055521378542407095,0.0386175769591727,0.022567605996323986,6182
25479,0.03857854174351941,0.20181028334525067,0.03857854174351941,0.0022704504759589184,6183
27424,0.03849277408420709,0.3019952885396215,0.03849277408420709,0.020038304388957706,6184
23761,0.03842946562283777,0.07790003628961698,0.03842946562283777,0.023179652800010414,6185
26724,0.03841488473862065,0.05602207580180105,0.03841488473862065,0.043289968307270305,6186
26128,0.03825807445120338,0.3040579702717529,0.03825807445120338,0.004846400918060129,6187
20183,0.0382259534634974,0.05903128646010077,0.0382259534634974,0.0370539871999577,6188
26207,0.03818893956424845,0.04025191849838095,0.03818893956424845,0.018696828782448133,6189
24736,0.03818482386683464,0.21163984430669774,0.03818482386683464,0.013563664747395676,6190
23089,0.03814468558418003,0.08374714088580183,0.03814468558418003,0.04212219299503511,6191
28534,0.038041521779012155,0.36492226423521895,0.038041521779012155,0.007161579638839455,6192
22596,0.03803992618786141,0.1255840677941002,0.03803992618786141,0.00233352496812389,6193
20072,0.0380316123871392,0.3253206692896811,0.0380316123871392,-0.0008355259181395125,6194
24922,0.03800095298418864,0.06354021081366386,0.03800095298418864,0.06669773165317822,6195
20782,0.03792671185185165,0.3643823345231049,0.03792671185185165,0.00608365796557625,6196
23890,0.03784861775438959,0.03833600176141721,0.03784861775438959,0.07203647680401151,6197
29198,0.03780966971041855,0.5922899399065524,0.03780966971041855,0.058778644893769605,6198
23963,0.03774632965071245,0.3867659433087009,0.03774632965071245,0.01836512191871459,6199
28335,0.03773008561725552,0.18616494683536103,0.03773008561725552,0.03139386106055647,6200
25833,0.0377028460189372,0.31655540377236785,0.0377028460189372,0.002477047265145249,6201
29538,0.03768969421671098,0.3222709671222899,0.03768969421671098,0.010897528868114958,6202
26812,0.037649382459327085,0.04284800710018753,0.037649382459327085,0.020657173564707032,6203
24903,0.037615449774333024,0.041596876412997655,0.037615449774333024,0.05990992271640452,6204
24021,0.037523985325158216,0.25584718668786083,0.037523985325158216,-0.012956952353996243,6205
23682,0.03747775505748066,0.23258159417607646,0.03747775505748066,0.047827906020947664,6206
25933,0.037414279012641334,0.05305902241735009,0.037414279012641334,0.0880327897044976,6207
29970,0.037339217740352426,0.07401491848246657,0.037339217740352426,-0.0061918188301304244,6208
25061,0.037271234524627786,0.08575617075746295,0.037271234524627786,0.06664502083536736,6209
25840,0.03727055752971331,0.8087018936315341,0.03727055752971331,0.001975505129456878,6210
20196,0.03725801701586114,0.08058897988973586,0.03725801701586114,0.07321628253931961,6211
22809,0.037221973590895116,0.03891848695622239,0.037221973590895116,0.01882537172200044,6212
25010,0.0371903939026198,0.24539379049427543,0.0371903939026198,0.0225852573438845,6213
20848,0.03713145179453063,0.05319718415148942,0.03713145179453063,-3.441826412126092e-05,6214
20460,0.03712673600565657,0.09071432496838372,0.03712673600565657,0.0012432085146538707,6215
29705,0.03707669154008615,0.14334842477286194,0.03707669154008615,0.0026348608946560326,6216
29951,0.03700193016717104,0.1390961950583336,0.03700193016717104,-0.027841718625532808,6217
20205,0.036978020205134826,0.20633797505799564,0.036978020205134826,0.047573395332776325,6218
28766,0.036920322328536925,0.5222986633998549,0.036920322328536925,0.008068634468383795,6219
27661,0.03689854074820063,0.04293019594240066,0.03689854074820063,0.013542144311832996,6220
28825,0.036887550527233914,0.5222978535015808,0.036887550527233914,0.0545796652745702,6221
27962,0.03688427416660601,0.04206194212669346,0.03688427416660601,0.06514805789943459,6222
27253,0.03687495844351604,0.22932561486735817,0.03687495844351604,0.006057936216330162,6223
28715,0.03680525243834512,0.23463400213185368,0.03680525243834512,0.012786223757036086,6224
20028,0.03675931711059105,0.2848083126869036,0.03675931711059105,0.03720757633744454,6225
23758,0.03673779466969168,0.4375947217213094,0.03673779466969168,0.02917947755448813,6226
23317,0.036712401274468565,0.3472359112180222,0.036712401274468565,-0.005300205177783401,6227
20034,0.03666029301537527,0.3242017891527691,0.03666029301537527,-0.02120180502804203,6228
21652,0.03658863408313279,0.06339870464124596,0.03658863408313279,-0.007087145615218171,6229
29696,0.0365790383476004,0.32456520621394913,0.0365790383476004,0.020517014924753108,6230
21612,0.036563337464359275,0.05988320404456145,0.036563337464359275,0.11365185475965087,6231
21197,0.03655010823092186,0.3743041064531816,0.03655010823092186,0.030274828312332858,6232
25139,0.03650864504407425,0.13659840223206757,0.03650864504407425,0.01560175697577243,6233
28255,0.03648566683555146,0.178329263752454,0.03648566683555146,0.002595877229062127,6234
27019,0.036449213405653005,0.1336090651927306,0.036449213405653005,0.019075644934196917,6235
29553,0.036441556028494713,0.04246264683564143,0.036441556028494713,0.10312805832704036,6236
24701,0.036432079942561424,0.17854799220328282,0.036432079942561424,0.027679222118267177,6237
21693,0.0363417210086741,0.10361386679065897,0.0363417210086741,0.12614965030604516,6238
28392,0.0363356170647513,0.7950132805150267,0.0363356170647513,0.004198149627748782,6239
28682,0.036326920204476254,0.24302893687421262,0.036326920204476254,0.008629097265981489,6240
23900,0.036308963562529606,0.4112294526553775,0.036308963562529606,0.01954711865312153,6241
23719,0.0362901133584914,0.1316004965797709,0.0362901133584914,0.05569464354159975,6242
26206,0.03627236710296067,0.6445623227002554,0.03627236710296067,0.0012088643254040132,6243
28491,0.03627003484600992,0.044427389941869386,0.03627003484600992,0.007303107687242544,6244
29895,0.0362449129744154,0.41223794479153114,0.0362449129744154,-0.00241189045907797,6245
28873,0.036244091435859604,0.5197628307906101,0.036244091435859604,-0.0003225160590133447,6246
23611,0.03624383783754481,0.6446875700875805,0.03624383783754481,0.018182077055998724,6247
24971,0.03594138631002214,0.4062719949559852,0.03594138631002214,0.021103674341711676,6248
26615,0.035925867552028146,0.3849398185360033,0.035925867552028146,0.0013235725871398873,6249
29614,0.03589402260465124,0.8308316909408336,0.03589402260465124,0.006646800664169117,6250
26417,0.035846708174702174,0.17031449062384563,0.035846708174702174,-0.017601592058886673,6251
26968,0.035801852754903024,0.2782534686555253,0.035801852754903024,0.015125955274072789,6252
24423,0.03568259951310365,0.2621825399132491,0.03568259951310365,0.07465273448925208,6253
20157,0.0356730586517883,0.07445919066912196,0.0356730586517883,0.01584592994894793,6254
23980,0.03567230192062258,0.035994167335684925,0.03567230192062258,0.04529479090826058,6255
25886,0.035661906945837214,0.09162673198098979,0.035661906945837214,0.002260627296902379,6256
24727,0.03554566410737314,0.25804459520468476,0.03554566410737314,-0.0011192647669953093,6257
28230,0.03546647445021167,0.3487664083154099,0.03546647445021167,-0.008946737550843853,6258
29563,0.035402189794603155,0.07444309200812707,0.035402189794603155,0.0687955531760176,6259
24452,0.035389713303242226,0.2650782242119491,0.035389713303242226,-0.002261537383502099,6260
21278,0.035371513924143755,0.039972118911373186,0.035371513924143755,-0.033279818913446835,6261
28941,0.035352711270993264,0.5527913716148751,0.035352711270993264,0.001360568473485757,6262
20535,0.03531781797309427,0.044627023763296615,0.03531781797309427,0.0034430325613713786,6263
21055,0.03523745217380178,0.050279923375899836,0.03523745217380178,0.05122531075551684,6264
20323,0.03517337936707449,0.16633366437369235,0.03517337936707449,0.0016727023064216362,6265
20161,0.03511911821608002,0.12050803071573894,0.03511911821608002,0.0021488242911109068,6266
24161,0.03511778985986013,0.08746659073645774,0.03511778985986013,0.07182812923683513,6267
24964,0.03510953753059454,0.30314962321022393,0.03510953753059454,0.008852483845990577,6268
23232,0.03507920105097933,0.07487163145188981,0.03507920105097933,-0.00043812863876047103,6269
21068,0.035051010452854636,0.6089830216923572,0.035051010452854636,0.022111181249373613,6270
21008,0.035038430447652744,0.050116766841228136,0.035038430447652744,0.010753069678437116,6271
27808,0.035015866288366795,0.055266082655323394,0.035015866288366795,0.009011879071350398,6272
20370,0.03498322393145803,0.555505907857081,0.03498322393145803,0.015654575873084275,6273
29140,0.03494265402344143,0.039172711104199884,0.03494265402344143,0.03880163445610388,6274
27591,0.0349255576462173,0.6143341417096649,0.0349255576462173,0.0609915480141387,6275
24242,0.0348246362048753,0.5453364572858107,0.0348246362048753,0.00695780409968183,6276
29246,0.034817995670680224,0.13952218932236787,0.034817995670680224,-0.0016953236789952753,6277
23151,0.03480714886653921,0.07770097529648183,0.03480714886653921,0.017740052367096748,6278
26972,0.034805206725165544,0.2578946870085611,0.034805206725165544,0.02844687003453833,6279
26099,0.034774572867341355,0.08823659961089503,0.034774572867341355,0.06290099969113377,6280
21995,0.03474632904565398,0.06075809218821767,0.03474632904565398,0.05945067229210779,6281
24395,0.03472738886996862,0.5774064150757672,0.03472738886996862,0.018628445589708664,6282
21526,0.034683414333361584,0.24592793941452587,0.034683414333361584,0.07854652479198126,6283
29267,0.03465512953186156,0.05605814839919075,0.03465512953186156,0.01659592621886591,6284
23540,0.03462760256413159,0.08049534684061851,0.03462760256413159,0.014705423630374442,6285
23864,0.03462753749541042,0.3297963196604096,0.03462753749541042,-0.021888612111277517,6286
20995,0.034562269286718725,0.0615178407856074,0.034562269286718725,5.039275743201621e-05,6287
22300,0.03456105010787085,0.0995622617417819,0.03456105010787085,0.04994479118654582,6288
27467,0.034549950468610216,0.04714304396902789,0.034549950468610216,0.010393640988169,6289
20514,0.034535705775684614,0.13986263053314113,0.034535705775684614,0.02302716156377027,6290
29716,0.03446183735672152,0.14108150154999544,0.03446183735672152,0.009560432445919143,6291
24279,0.034452452753997026,0.2288639424324927,0.034452452753997026,0.016999889379153588,6292
29744,0.0344467862794392,0.05998787126586,0.0344467862794392,0.02050246742067585,6293
29099,0.034443257110974956,0.8214944997843323,0.034443257110974956,0.0229302020515344,6294
26015,0.03434706469610849,0.4248629668091283,0.03434706469610849,0.010339247259100182,6295
22657,0.03434087504733613,0.12250147385606348,0.03434087504733613,0.03892282939289643,6296
27746,0.03433199388951891,0.7008031909753142,0.03433199388951891,-0.004818751756367035,6297
24187,0.034179989815129264,0.16506711363414422,0.034179989815129264,0.013652130860461076,6298
21910,0.03411536016861361,0.7788777389173609,0.03411536016861361,0.01040636011283691,6299
27995,0.034048590477625956,0.051528594336770844,0.034048590477625956,0.14761087831533204,6300
21790,0.03402310609616435,0.06045001403215803,0.03402310609616435,0.10895984024228142,6301
20074,0.03401159317842968,0.11491794013465552,0.03401159317842968,0.010782162197874645,6302
28441,0.033942583644602835,0.07235627945937223,0.033942583644602835,0.07964959357551327,6303
25571,0.03391994880721011,0.36556353248376006,0.03391994880721011,0.003572836242262678,6304
23634,0.03390578798386143,0.16817102138010967,0.03390578798386143,0.04028034836757538,6305
21118,0.03387695666288279,0.04182928791470934,0.03387695666288279,-0.00933662285442588,6306
28067,0.03374841459201294,0.2300326728011681,0.03374841459201294,-0.008717002438389243,6307
21882,0.033676130797817505,0.7640767087479262,0.033676130797817505,0.00489693865517371,6308
23888,0.033586351420536675,0.17401828584825377,0.033586351420536675,0.019511131992818342,6309
29752,0.03358125432569736,0.39056102459301595,0.03358125432569736,0.006454141054143214,6310
23048,0.03358002810415778,0.45839074778280614,0.03358002810415778,0.0151724758248869,6311
21398,0.03357138106504777,0.11118777380825996,0.03357138106504777,-0.005569921811890199,6312
20886,0.03356968819973338,0.11941221783209874,0.03356968819973338,0.011592966079897682,6313
27576,0.033551443594908886,0.08804581286811909,0.033551443594908886,0.03795141290609627,6314
24133,0.03352858228025129,0.03986971275077342,0.03352858228025129,0.0011039853948776046,6315
21043,0.03348730566953817,0.610251363962053,0.03348730566953817,0.0,6316
28391,0.0334443939353031,0.16352602865342902,0.0334443939353031,0.011885764050917014,6317
26033,0.03341331884379628,0.32071630775645876,0.03341331884379628,0.036353172759649055,6318
28995,0.033372011726824136,0.14618223824866367,0.033372011726824136,-0.006945172327971594,6319
29634,0.033350044131907564,0.8038706303336809,0.033350044131907564,0.003973675624381112,6320
26608,0.03330538650156965,0.03821410013091094,0.03330538650156965,0.09357059817855665,6321
21414,0.03321889171994741,0.5349934588790857,0.03321889171994741,-0.012613344192697884,6322
24317,0.03317513781034104,0.1003200511677435,0.03317513781034104,0.08476331865595979,6323
22220,0.03316832826902429,0.08266396742664675,0.03316832826902429,0.021264152676620962,6324
29462,0.0331673424287196,0.03380852189859431,0.0331673424287196,0.03362838320376274,6325
21257,0.033150260933687836,0.17353212159484513,0.033150260933687836,0.06668738080079209,6326
21978,0.03314491952157381,0.15962957503012787,0.03314491952157381,0.0360261713349711,6327
28521,0.033130512580804294,0.09406798017695557,0.033130512580804294,0.0,6328
27176,0.03296754749946221,0.07880106561276236,0.03296754749946221,0.030740085517809546,6329
22434,0.032923131130212197,0.15739508863966437,0.032923131130212197,0.01962391709050154,6330
21460,0.032880394448940906,0.060049701232839675,0.032880394448940906,0.007169422820136773,6331
23738,0.03284066064296298,0.4175689416125988,0.03284066064296298,-0.011012149283824102,6332
21555,0.032831468953212206,0.14757105334872844,0.032831468953212206,-0.013758820159723129,6333
26948,0.03276325314348846,0.10300292288195238,0.03276325314348846,-0.0035644771226059913,6334
23423,0.03274208806690998,0.41566981511459206,0.03274208806690998,0.0019708795967455783,6335
29999,0.03271989675776052,0.14644220342232278,0.03271989675776052,0.005111520194785668,6336
20305,0.03259797468420733,0.4466198320116415,0.03259797468420733,0.009570373577735602,6337
21499,0.03257293903954262,0.036539563591946954,0.03257293903954262,0.019139514551776537,6338
28669,0.0325627952219156,0.12462598321669027,0.0325627952219156,0.028536268771412132,6339
22455,0.032549813391914165,0.03498262889013077,0.032549813391914165,0.031666850315934386,6340
26651,0.03254684774898793,0.03431717276219895,0.03254684774898793,0.03456492364162633,6341
20055,0.03250370995816969,0.07185557751647272,0.03250370995816969,0.020074485296492584,6342
26182,0.0323499600620166,0.06256218076942249,0.0323499600620166,-0.02292864475934331,6343
26068,0.03234559342420287,0.19757445779842123,0.03234559342420287,-0.0072836580653284355,6344
26838,0.03222586839595904,0.033374386391491706,0.03222586839595904,0.03120564342426299,6345
27818,0.03221769806336571,0.037584131784585625,0.03221769806336571,0.0702440650188412,6346
23178,0.0322057823082392,0.09830465354498288,0.0322057823082392,0.11532248791381439,6347
20817,0.03214269447200446,0.8647064067358384,0.03214269447200446,0.0007283670162075984,6348
24041,0.032067660435226464,0.12468642317478622,0.032067660435226464,0.06509391564360495,6349
29169,0.0320426044738878,0.09224119375272884,0.0320426044738878,-0.0024242995600808337,6350
23750,0.03202682237196787,0.035030166583315335,0.03202682237196787,0.0008423252189807273,6351
28601,0.03200868043889103,0.05433916600394402,0.03200868043889103,0.0004369256062605187,6352
20977,0.03199432042218524,0.08205970086911155,0.03199432042218524,0.014669447209229303,6353
24499,0.03199339472533026,0.15127569788033568,0.03199339472533026,-0.001811961759758507,6354
23950,0.031981421612738425,0.7259158225467661,0.031981421612738425,0.004341769930532036,6355
29775,0.03196543106078381,0.33517811902400996,0.03196543106078381,0.043052628873436416,6356
29787,0.031921413111952734,0.6841427129390002,0.031921413111952734,-0.0003445458108687349,6357
25439,0.03191573955738436,0.3862763956227483,0.03191573955738436,0.03181063685321078,6358
28265,0.031869614672429304,0.07102152057855264,0.031869614672429304,-0.005006499958572885,6359
25129,0.03179718505352758,0.35489076582324475,0.03179718505352758,0.02089779742608222,6360
25906,0.031793604501837075,0.1871876262829765,0.031793604501837075,0.005572289776028083,6361
21577,0.0316919357662723,0.11411597121202166,0.0316919357662723,0.015006208978600388,6362
29596,0.031683665417588436,0.36326061999828657,0.031683665417588436,0.004688259719764942,6363
22198,0.03166000132740875,0.03447957862983727,0.03166000132740875,0.0532693355034797,6364
26576,0.03156841775468924,0.03413369359141295,0.03156841775468924,0.048789998760634695,6365
29784,0.03156662403704058,0.3009474628603766,0.03156662403704058,0.010076394829675261,6366
21269,0.031555319905654466,0.23385302487640858,0.031555319905654466,-0.003485879790554647,6367
24396,0.031535010272221387,0.33911727917162277,0.031535010272221387,0.06206470790316551,6368
25395,0.03153496818996154,0.24645373795171374,0.03153496818996154,0.055178394772069594,6369
24096,0.03152624849956409,0.10154722803975066,0.03152624849956409,-0.00392600809462712,6370
26662,0.03150091600592171,0.04637571613369059,0.03150091600592171,0.01826210980028592,6371
28009,0.031448608837866376,0.20420101090760295,0.031448608837866376,0.04657702986442608,6372
27961,0.03143890016788867,0.053546319790074036,0.03143890016788867,0.049286461183877084,6373
25034,0.031415689053822055,0.048010419575540274,0.031415689053822055,0.07302376908106523,6374
27850,0.031407464453343324,0.06814433917901552,0.031407464453343324,0.01568773688268288,6375
24199,0.031310623753683535,0.056380083322225306,0.031310623753683535,-0.0009342898798360144,6376
27770,0.03126702953368146,0.04831142667939579,0.03126702953368146,0.05967673581140742,6377
26563,0.031246342716238495,0.3211793800858753,0.031246342716238495,0.0046886419644834865,6378
26912,0.03109158521338473,0.40200047392869315,0.03109158521338473,0.018731165911538894,6379
23430,0.03106182166112114,0.08024049326100652,0.03106182166112114,0.008561798741216126,6380
29947,0.031023151682144673,0.09027135047412559,0.031023151682144673,0.015123338689198879,6381
23223,0.031005398462512622,0.06749124449302454,0.031005398462512622,-0.0025328628934002118,6382
28099,0.030868613245115084,0.22406007482147897,0.030868613245115084,0.01928758361242172,6383
24558,0.030861892666212976,0.4849150104611801,0.030861892666212976,0.05974926869977759,6384
23376,0.03083667231656538,0.033101562663033546,0.03083667231656538,0.05775964153112301,6385
26239,0.03081117410741623,0.05650048287279435,0.03081117410741623,0.05388459383189945,6386
26964,0.030798030116065404,0.07461895315589272,0.030798030116065404,0.008837153686204025,6387
25945,0.03055951432520443,0.2581749140939866,0.03055951432520443,-0.0032082285678261546,6388
28347,0.03043927690292586,0.4781766601461611,0.03043927690292586,0.003622029205696764,6389
27646,0.030420542162265134,0.06566396842145077,0.030420542162265134,0.0290019336773375,6390
29388,0.030407533909427464,0.03684399457008995,0.030407533909427464,0.04830411262227438,6391
21538,0.030376332812378733,0.05640930754174691,0.030376332812378733,0.003466962444209354,6392
24634,0.030343462839183582,0.05210746057362248,0.030343462839183582,0.052056400403589,6393
21569,0.030206985407184805,0.6855896219155035,0.030206985407184805,0.028513188738093942,6394
25127,0.03016817675773983,0.03422629266947691,0.03016817675773983,-0.0013222739437019626,6395
22439,0.03013224508807899,0.3786200946849071,0.03013224508807899,0.03441362628723893,6396
27001,0.030113498948569684,0.09153174640567485,0.030113498948569684,0.15910163916949624,6397
22730,0.03010945528449477,0.37610488243415624,0.03010945528449477,-0.007032327709392994,6398
26262,0.030093796074111126,0.12092181737827791,0.030093796074111126,-0.004458589966424759,6399
28787,0.030046041510153013,0.04304268830030494,0.030046041510153013,-0.005195188728886219,6400
27069,0.030045407713550146,0.038634952812873075,0.030045407713550146,0.014674611054999787,6401
22727,0.030029385855029705,0.2687627800387695,0.030029385855029705,-0.0024261246138240766,6402
27434,0.030028634350539637,0.0917210638761869,0.030028634350539637,0.005499374795585432,6403
22941,0.029997952663815497,0.27687887743604606,0.029997952663815497,0.0010171579360606087,6404
22585,0.029988809478882827,0.6367556304870858,0.029988809478882827,0.004377223739405411,6405
27550,0.029829629667441265,0.20068744066598757,0.029829629667441265,0.12336155658248005,6406
22861,0.029779759159086927,0.6726316545522483,0.029779759159086927,-0.0002627423653903671,6407
21181,0.029773539537664137,0.03807290536041864,0.029773539537664137,0.04507195065594763,6408
20355,0.0297730685101588,0.03504696910133403,0.0297730685101588,0.022830222384028764,6409
28486,0.02977044948266644,0.5066287055547309,0.02977044948266644,0.02430617361681542,6410
23253,0.029670819461288994,0.06907345489292234,0.029670819461288994,0.039147121401225116,6411
25496,0.029662598765197223,0.319928627532052,0.029662598765197223,0.0038944302481230264,6412
23627,0.02964892619617747,0.07704074575259602,0.02964892619617747,-0.0024286336754433258,6413
29623,0.02962417459588773,0.7623692366526041,0.02962417459588773,0.0,6414
28713,0.029613348763043085,0.03812815976119268,0.029613348763043085,0.04150353340787688,6415
22746,0.02958261918740901,0.3286191623958945,0.02958261918740901,-0.026339010682417063,6416
21435,0.029573803621374156,0.1739439620678209,0.029573803621374156,0.024462114061981843,6417
21929,0.029499286565576183,0.050587092389117586,0.029499286565576183,0.020655620857432194,6418
25566,0.029465006024602586,0.19435035566806744,0.029465006024602586,0.00908509352731468,6419
29228,0.0294290434269414,0.1391158145327083,0.0294290434269414,0.01705387384603102,6420
29644,0.029416858644139454,0.762330711698348,0.029416858644139454,0.0,6421
21925,0.029408055840046077,0.06416392730460097,0.029408055840046077,0.05553955912233938,6422
23472,0.029292145063755173,0.06512983673334834,0.029292145063755173,0.012034512855273405,6423
29233,0.029268720371719337,0.029939656941379598,0.029268720371719337,0.00981321554596054,6424
28636,0.029253033666715583,0.20109201074322952,0.029253033666715583,-0.001232973655013958,6425
20151,0.029250755745328556,0.04559503071221205,0.029250755745328556,0.08336224908253007,6426
23417,0.029203374393748163,0.04046372049939571,0.029203374393748163,0.03254844759536882,6427
23710,0.029165620802325404,0.03122808443343685,0.029165620802325404,0.008907334882909845,6428
28531,0.029165120164436856,0.12520073860279946,0.029165120164436856,0.06462012761008562,6429
29638,0.029026563206640522,0.04165483778231895,0.029026563206640522,0.03375526293424652,6430
22179,0.029016197473921153,0.08079064986865855,0.029016197473921153,0.03166439152514977,6431
26572,0.029010338660204193,0.5475249796228648,0.029010338660204193,-0.0010865797186682125,6432
22097,0.028968695482519555,0.14847186872770693,0.028968695482519555,0.04520265493491041,6433
24393,0.028968488758753942,0.08707787176682125,0.028968488758753942,-0.029753435412244567,6434
21349,0.028887499330168053,0.04645164400639845,0.028887499330168053,0.08042285012904576,6435
28732,0.028878364126839383,0.08997220666835051,0.028878364126839383,0.04289554536563642,6436
28390,0.028871830790081432,0.27577921734018873,0.028871830790081432,0.02306243715194689,6437
29089,0.028854062403669056,0.678624363703083,0.028854062403669056,0.0034721327387418066,6438
20313,0.02883487693938404,0.055415628461438646,0.02883487693938404,0.02383251011876142,6439
27306,0.028767278947797754,0.031036761452412617,0.028767278947797754,0.1138367199829613,6440
21316,0.028697715313764492,0.0509317308085979,0.028697715313764492,0.05691929213511754,6441
27558,0.02869017680083994,0.08201157615163046,0.02869017680083994,0.03853914356527616,6442
28906,0.028639102725700277,0.2159981117222211,0.028639102725700277,0.023555307125431135,6443
24778,0.02862815166634367,0.055450261135496934,0.02862815166634367,0.01500396425776468,6444
28258,0.02859786724389979,0.4996239845293598,0.02859786724389979,0.01713108857523271,6445
20511,0.02848949318926164,0.3243065465230964,0.02848949318926164,0.003047662086318681,6446
23865,0.02848859609135726,0.2527771934672405,0.02848859609135726,0.029458829682996956,6447
21265,0.028468748328443906,0.08289332698970804,0.028468748328443906,0.04580702932740621,6448
21037,0.02833753940482789,0.18026107435380287,0.02833753940482789,-0.013255156017007275,6449
21004,0.028318031442783848,0.05394690099857752,0.028318031442783848,0.06004271800991823,6450
21241,0.028305114452510327,0.3621124797518594,0.028305114452510327,0.010448720870380346,6451
22608,0.02829419152431701,0.05786308300025289,0.02829419152431701,0.04351188004906778,6452
29088,0.0282751061209053,0.04394885148089066,0.0282751061209053,0.02763946223903868,6453
25401,0.028226477861627353,0.282387271573257,0.028226477861627353,0.04303515513932232,6454
22428,0.02818477131481459,0.15526500841204008,0.02818477131481459,0.03280724839301158,6455
22632,0.028096622863279515,0.05717810302493707,0.028096622863279515,0.00558250640787375,6456
25562,0.02809314546061839,0.07400841307252164,0.02809314546061839,-0.006410633163437179,6457
29819,0.028079785159493845,0.14661047842347355,0.028079785159493845,0.02137078399896336,6458
24806,0.028045584316782796,0.04509468988203565,0.028045584316782796,0.06477552540678325,6459
20395,0.028002230946783127,0.090572517227881,0.028002230946783127,0.015373974605928764,6460
27219,0.02799838155903675,0.036550595513101594,0.02799838155903675,0.07078896599095094,6461
28048,0.0279025119429401,0.06461218488708426,0.0279025119429401,-0.001237899421022426,6462
29044,0.027883862667463455,0.7207609545682199,0.027883862667463455,-0.0031245802108986753,6463
24369,0.02785782837346995,0.639135175106577,0.02785782837346995,0.00980802304694095,6464
24473,0.027846600264745086,0.066953269327639,0.027846600264745086,0.06664189008277954,6465
22417,0.02783451028947814,0.04864776253539049,0.02783451028947814,0.022220664799649098,6466
28756,0.02779885624963513,0.3055777020077726,0.02779885624963513,0.015876774824284734,6467
29214,0.027759140625778944,0.059728529250123355,0.027759140625778944,0.0172436099287821,6468
23293,0.027730530286931038,0.03974860556122829,0.027730530286931038,0.025181206108942172,6469
21160,0.027716533341809253,0.051289097843463013,0.027716533341809253,-0.009254276426501007,6470
21374,0.027670789773380222,0.5728669338939983,0.027670789773380222,0.009565131985238562,6471
28594,0.02766125597965259,0.13414716202411656,0.02766125597965259,-0.0010952133094447314,6472
20497,0.027609263118476033,0.03758852174745798,0.027609263118476033,0.05114501808151642,6473
25175,0.027521462082477053,0.04844652819619862,0.027521462082477053,-0.0008799848289176848,6474
26353,0.02735875631781802,0.02821944533836327,0.02735875631781802,0.043601417439790735,6475
27483,0.02734951567537952,0.07541202785753684,0.02734951567537952,0.04951078757508165,6476
28319,0.02730123569010512,0.2493432998365191,0.02730123569010512,0.006882409534168021,6477
22307,0.027243860110614998,0.1540407000394677,0.027243860110614998,0.03034301761128294,6478
28793,0.02718935298086697,0.10260049109373802,0.02718935298086697,-0.011595745954457948,6479
22851,0.027154747540674984,0.5217692021210959,0.027154747540674984,0.0037768220095997784,6480
26564,0.027150291972865972,0.05578234242050028,0.027150291972865972,0.005424637928679643,6481
28224,0.027130273894201428,0.02782849151424495,0.027130273894201428,0.037736096734165975,6482
25987,0.027116072813125898,0.05443712726775016,0.027116072813125898,0.04835452929785583,6483
21535,0.027088287539894014,0.07141739149690333,0.027088287539894014,0.009536642074982726,6484
28630,0.027070218963097026,0.3323463577427073,0.027070218963097026,0.0013838147831256586,6485
22880,0.02704410800577353,0.02980781705774224,0.02704410800577353,0.007737051306472287,6486
26644,0.027044025236749345,0.03912613102961315,0.027044025236749345,-0.0011887886129492986,6487
22292,0.026995945938443566,0.46622793737829404,0.026995945938443566,0.021425490478027942,6488
28376,0.026993721455162184,0.2593498396016438,0.026993721455162184,-0.008476256074964661,6489
23221,0.026989422664288658,0.08760485344253995,0.026989422664288658,0.11182048765816965,6490
25026,0.0269429499010983,0.468973287826705,0.0269429499010983,-0.0013600535914195522,6491
26710,0.0268840257059047,0.2773825313459352,0.0268840257059047,0.022638598436065693,6492
20910,0.026694459360073145,0.0489910818523973,0.026694459360073145,-0.011294454467786735,6493
27461,0.026677605648452007,0.3207891357060293,0.026677605648452007,0.005203982161913756,6494
25702,0.026594208240669992,0.34749451193897385,0.026594208240669992,0.0040329382453175855,6495
23270,0.026533682243601538,0.06651039927525995,0.026533682243601538,0.011683660711171717,6496
21399,0.026465927782756967,0.04317321304315193,0.026465927782756967,-0.0033895666420493686,6497
27259,0.026456066270112526,0.03835531229432294,0.026456066270112526,0.001768081133652677,6498
26892,0.02622763687693465,0.09293590339239796,0.02622763687693465,-0.02625834302433544,6499
26957,0.026176264716000014,0.23982682770111827,0.026176264716000014,0.06446218412555571,6500
28625,0.02607613714363656,0.1198461450655765,0.02607613714363656,0.0312981177852005,6501
28247,0.026070883898510297,0.11333019513552137,0.026070883898510297,0.033493441454688105,6502
29792,0.026063477171738902,0.40806146322130626,0.026063477171738902,0.01407720619170394,6503
22016,0.026044533253228398,0.05361124802394898,0.026044533253228398,0.08730670924816783,6504
26247,0.026021202539308782,0.03509245643266305,0.026021202539308782,-0.0121589890237922,6505
22685,0.02599131567216653,0.05847635691327583,0.02599131567216653,0.06186159839439681,6506
20689,0.025985468434740214,0.13250591754226151,0.025985468434740214,-0.008659983398203841,6507
22013,0.025984551336194844,0.15715093303759214,0.025984551336194844,0.1010856808679832,6508
26671,0.025975640214835546,0.041090068745403475,0.025975640214835546,0.04765169912323933,6509
27357,0.025921288656973386,0.05433026448756622,0.025921288656973386,0.08770983757307385,6510
22860,0.025866413401168298,0.28732248803903115,0.025866413401168298,0.006892811060588866,6511
25324,0.025849830839367614,0.05485062059907999,0.025849830839367614,0.020953985797482644,6512
28276,0.02582293469710656,0.2342720956044448,0.02582293469710656,-0.004748752146528978,6513
28574,0.02577409435861089,0.41309144934956155,0.02577409435861089,-0.002425759964801877,6514
29447,0.025763763153349606,0.10024909998877247,0.025763763153349606,0.03972060978444297,6515
24704,0.025752183506940172,0.029794223666601314,0.025752183506940172,0.009414588467025559,6516
25662,0.0256709035562242,0.263611761937054,0.0256709035562242,0.013869516980918789,6517
28860,0.02546852988827672,0.06612930740412412,0.02546852988827672,-0.011682602727284996,6518
20158,0.025397260012868378,0.038391853324571464,0.025397260012868378,0.05627265690219216,6519
27551,0.025396771694927656,0.09460318346339178,0.025396771694927656,0.008234170381784839,6520
27964,0.025375901547274975,0.03814581056146168,0.025375901547274975,0.05721376577355272,6521
23133,0.025311466329068295,0.04878740263510546,0.025311466329068295,0.05494772721867197,6522
21802,0.025286955616470846,0.19734581355792832,0.025286955616470846,0.034662251244381936,6523
22798,0.025263128098962945,0.1857837021705934,0.025263128098962945,0.01204429195885015,6524
20732,0.025262225547596648,0.09882508612070726,0.025262225547596648,0.15489038975542088,6525
23128,0.02520849443086111,0.09043671788503035,0.02520849443086111,-0.011753604968354536,6526
24562,0.025172514028171576,0.08260547145146789,0.025172514028171576,-0.017515740826609283,6527
21657,0.025125587747569733,0.03368706384176367,0.025125587747569733,0.05641494237757089,6528
28154,0.02507704272969824,0.24252557000460767,0.02507704272969824,0.019002736271376997,6529
23353,0.02507115538178062,0.647650543221238,0.02507115538178062,0.02696054950680693,6530
27202,0.02494975538705932,0.21913918274481756,0.02494975538705932,0.07161698723571913,6531
29166,0.02485309427369291,0.051481872814935034,0.02485309427369291,-0.021355012635409787,6532
24377,0.024828864959566665,0.029849991473349935,0.024828864959566665,0.045862547398761916,6533
25359,0.0247880239117928,0.38830647230492404,0.0247880239117928,0.02295778554695349,6534
23723,0.024778579123559758,0.05210201123000597,0.024778579123559758,0.032141289676956425,6535
29392,0.02473842375280015,0.11729482918908002,0.02473842375280015,0.011663686730647382,6536
20348,0.024698317092457685,0.032181979179416016,0.024698317092457685,0.029432071711707225,6537
26350,0.024697141649695026,0.2162086486809097,0.024697141649695026,0.059709996845794255,6538
29012,0.02460368748462201,0.06740562426014253,0.02460368748462201,0.05802154871285037,6539
22072,0.02459489608907882,0.03625072050499684,0.02459489608907882,0.049854096253042046,6540
21837,0.024574378976003113,0.062174016448304406,0.024574378976003113,0.025774082172846186,6541
21459,0.024571824498859883,0.03043139199456674,0.024571824498859883,0.038869404855034234,6542
22229,0.024531113563722284,0.6935307873409401,0.024531113563722284,0.008630411215192813,6543
22324,0.024523805057980907,0.2326270062370168,0.024523805057980907,-0.0013258007708536468,6544
23070,0.024487634540438563,0.2822321682206767,0.024487634540438563,-0.0024007598143880315,6545
22514,0.024447146313830166,0.02985615372784868,0.024447146313830166,0.07434482615828139,6546
26658,0.024435130688856783,0.03945144039625983,0.024435130688856783,0.023795978785349642,6547
27372,0.024417554049295055,0.03247998101190008,0.024417554049295055,0.0009308441764413478,6548
29660,0.02415730530917995,0.2237190354266987,0.02415730530917995,0.11942775438259029,6549
23456,0.024114790019916205,0.09648122201673938,0.024114790019916205,0.05547770160741833,6550
24421,0.02409038670696491,0.12444090825746547,0.02409038670696491,0.043742516979990764,6551
27546,0.024060340181051354,0.35358437779365315,0.024060340181051354,0.015327874477716441,6552
24837,0.024057757209399615,0.046559061322112696,0.024057757209399615,0.005250516452321274,6553
20843,0.02402176623937169,0.6642733549146117,0.02402176623937169,0.0018380346791864177,6554
28699,0.02399019849801881,0.13190467838522046,0.02399019849801881,0.04533365475415857,6555
25105,0.023800807057974098,0.03592368737364787,0.023800807057974098,0.02246104910662111,6556
23222,0.02378879456990135,0.6272643638364531,0.02378879456990135,-0.027025306861034326,6557
26858,0.023759950333753554,0.33365621658541555,0.023759950333753554,0.11024741495244095,6558
29436,0.023660234228461186,0.028312688305397755,0.023660234228461186,0.05609488829060602,6559
28828,0.023655808369942258,0.12027054834672989,0.023655808369942258,0.05323010316466317,6560
28545,0.023580748076088738,0.03849580330240867,0.023580748076088738,0.05380557700463186,6561
26220,0.023568951928710113,0.5122214266185241,0.023568951928710113,0.033846721217507314,6562
29838,0.02354941930568749,0.08969871318736757,0.02354941930568749,0.017925721818268542,6563
27538,0.02350499513006222,0.083943914800207,0.02350499513006222,-0.01598561695842854,6564
25767,0.023456360195060325,0.03871811134807882,0.023456360195060325,0.07093242912245115,6565
26295,0.023441920549928386,0.39028904999638797,0.023441920549928386,0.01616647555491202,6566
29907,0.02340076045021885,0.05086496062551926,0.02340076045021885,0.07433213441985018,6567
25530,0.02334100349171041,0.02892589940009429,0.02334100349171041,0.10025714029987678,6568
21756,0.023330942845581647,0.03977086982076187,0.023330942845581647,0.030358890371803976,6569
26362,0.02330760489015607,0.2623680628498387,0.02330760489015607,0.016189617190814076,6570
29772,0.023296574142992854,0.4103910494354359,0.023296574142992854,0.0014037637775725642,6571
28447,0.023260529136808372,0.16968296004722688,0.023260529136808372,-0.012212416287080474,6572
22042,0.02322961142323531,0.04255895013843883,0.02322961142323531,0.028269650158028015,6573
21492,0.023100488806493902,0.09709542325447214,0.023100488806493902,0.014650730378562238,6574
27530,0.02304718975587003,0.2645397005821842,0.02304718975587003,0.0006958301278058299,6575
21475,0.023001317555494824,0.03077629899155471,0.023001317555494824,0.08404983615882164,6576
21891,0.022976334158449463,0.15875070287934476,0.022976334158449463,0.0062086905632557365,6577
29011,0.02297538452425041,0.4867761330675402,0.02297538452425041,0.0016708233594481259,6578
27350,0.02289917360277418,0.03939488875160308,0.02289917360277418,0.022456336582176772,6579
27128,0.022887141035011438,0.3622966462210041,0.022887141035011438,0.01579799233230761,6580
27110,0.022878501266950187,0.03870036452668361,0.022878501266950187,-0.004138520356094105,6581
26030,0.022874389836456455,0.2921933245228235,0.022874389836456455,0.005791704665106034,6582
22137,0.022816887461021812,0.14128221091940257,0.022816887461021812,-0.00937382304795717,6583
26119,0.022790005775535124,0.13115372685324428,0.022790005775535124,0.015584116452857344,6584
20856,0.022779963016598126,0.5841359943249216,0.022779963016598126,0.04626673958412353,6585
29774,0.02272524194157594,0.02363589491921129,0.02272524194157594,0.03443251474709645,6586
25985,0.022689902057387384,0.2445469680683271,0.022689902057387384,0.025276940632409484,6587
23069,0.02268389451929781,0.42961891256884566,0.02268389451929781,0.007530691075466334,6588
21719,0.02261112782235687,0.037942374303104154,0.02261112782235687,0.08130128771760498,6589
21759,0.022554585083126313,0.045812544941218364,0.022554585083126313,0.03498343017925876,6590
24755,0.022476473775958503,0.035717473702715226,0.022476473775958503,0.17581300661014043,6591
24630,0.022441233254940213,0.04321174986898057,0.022441233254940213,-0.018583131216708487,6592
29472,0.022421377960033642,0.0511399385652496,0.022421377960033642,0.03727847815329047,6593
21795,0.022306084759787934,0.041565822206053954,0.022306084759787934,0.05259582318075509,6594
28127,0.022303551682353262,0.06571704437943868,0.022303551682353262,0.013921065808750188,6595
26825,0.02224055457495905,0.27873682377133074,0.02224055457495905,0.04288778106005969,6596
23176,0.022233528470827386,0.02490668028636824,0.022233528470827386,0.04470779721746651,6597
24575,0.022204370485094126,0.08438165002397148,0.022204370485094126,0.006033139135564136,6598
29908,0.022151453217267573,0.04038541368518353,0.022151453217267573,0.011146943976733437,6599
29531,0.022148482017022103,0.04535976837163283,0.022148482017022103,0.045690459115767745,6600
24302,0.022143652681394926,0.05944555597926423,0.022143652681394926,0.025478488196133575,6601
27983,0.022130948245193904,0.30439556717193145,0.022130948245193904,0.007796487319002177,6602
26205,0.022117115494417642,0.04635422388142473,0.022117115494417642,0.0040689027640087305,6603
22628,0.02205747610030273,0.8093592000207432,0.02205747610030273,0.010438228908147495,6604
22227,0.02198104224879327,0.08680465249850051,0.02198104224879327,0.014921728634906484,6605
23166,0.021980541717849925,0.14666147844547467,0.021980541717849925,0.030263647886625,6606
26655,0.021977030340377034,0.057703582071822836,0.021977030340377034,0.01603126310023556,6607
22132,0.02196243898126954,0.5184567560754856,0.02196243898126954,0.011935047706926327,6608
24965,0.021941955087903087,0.0983620897275384,0.021941955087903087,0.06135271182787083,6609
21689,0.021910907058837394,0.05720272023970647,0.021910907058837394,0.035633282053043336,6610
20335,0.021854571448156324,0.022337257000057727,0.021854571448156324,0.04924250437276981,6611
29926,0.021832397465983283,0.22085890529386992,0.021832397465983283,0.0,6612
27647,0.02179257469827397,0.07874889152614553,0.02179257469827397,0.012519325744898724,6613
28462,0.021648170137480542,0.024970430911561082,0.021648170137480542,-0.0012980509290317077,6614
24332,0.021533730236906634,0.6975322781101493,0.021533730236906634,0.00350598871346941,6615
20438,0.02138907456009534,0.058909087222229095,0.02138907456009534,0.02296946983628223,6616
24371,0.02130192768290956,0.10933626849305247,0.02130192768290956,0.1980362039515015,6617
22792,0.021262860958451563,0.15268404412872846,0.021262860958451563,0.041390969438096004,6618
21939,0.02126117537089025,0.03380569050504491,0.02126117537089025,0.011850456676324561,6619
26835,0.021129427845624653,0.05911755655550123,0.021129427845624653,0.009669271961319087,6620
27061,0.021071488727460893,0.02438042249611175,0.021071488727460893,0.036372777478472854,6621
25337,0.02106272553328878,0.06819022939106634,0.02106272553328878,-0.017487427035058817,6622
21648,0.021060367797225643,0.7591579053116293,0.021060367797225643,0.006194942569163864,6623
24005,0.02105163631387051,0.09165986876476728,0.02105163631387051,0.003415053179462779,6624
25816,0.020880342028708976,0.1283107998876796,0.020880342028708976,0.033848242017711416,6625
20681,0.020852710064561297,0.4877119573640412,0.020852710064561297,0.0,6626
20065,0.020847957467169886,0.05016830950439694,0.020847957467169886,-0.022777309229810194,6627
25333,0.020829075119896803,0.0338203051355965,0.020829075119896803,0.026690296719461326,6628
24398,0.020823664297538333,0.11557246711855299,0.020823664297538333,0.034571591576293415,6629
23762,0.020815117966335298,0.04260070426002207,0.020815117966335298,0.02472675389970541,6630
24320,0.02078360990159843,0.12974917543335637,0.02078360990159843,0.02234014461954653,6631
24151,0.020770494284439667,0.7864927178488558,0.020770494284439667,0.0,6632
23066,0.02068393527808248,0.022148912299166382,0.02068393527808248,0.0681204396621164,6633
25116,0.020666846038078102,0.036345430302488706,0.020666846038078102,-0.025511412000224276,6634
21792,0.020646351533771368,0.3038753965098463,0.020646351533771368,0.014824142454541611,6635
20862,0.02063940148438037,0.565162463059479,0.02063940148438037,0.0,6636
26393,0.020621389196410184,0.08022029967063037,0.020621389196410184,0.011838405292754817,6637
26828,0.020618624124102015,0.08022666999537763,0.020618624124102015,0.015224617050580203,6638
24134,0.020606385707784447,0.16279100879842168,0.020606385707784447,0.02398910492985251,6639
22073,0.02053875214999711,0.04079481984763558,0.02053875214999711,-0.00219469170601741,6640
26606,0.0204915984448219,0.42168759983699383,0.0204915984448219,0.00017193794842079724,6641
22940,0.020480646947412307,0.24940096981116827,0.020480646947412307,0.021091383879681846,6642
25167,0.020342886064139167,0.02982447994844935,0.020342886064139167,0.05960600673969499,6643
21074,0.020313427149522306,0.08338532209224449,0.020313427149522306,0.026506383523272836,6644
23350,0.020247728172668747,0.09310327365603964,0.020247728172668747,0.07317466741574633,6645
28894,0.02021428580171128,0.11311842344264322,0.02021428580171128,-0.016404939690846082,6646
22244,0.020207536095985246,0.6414643583823497,0.020207536095985246,0.026826877317961406,6647
22333,0.02012972548615697,0.054610239817705464,0.02012972548615697,0.0004756250154590025,6648
28951,0.020124775625673996,0.16954125410154286,0.020124775625673996,0.026941594407347336,6649
26946,0.02012302727073388,0.1029663955556358,0.02012302727073388,0.036723118105780606,6650
24751,0.02008609150999105,0.15435911655590878,0.02008609150999105,0.025429024229390196,6651
24169,0.020019903649760806,0.2332791341939309,0.020019903649760806,-0.01994736144952919,6652
26358,0.020019560465541708,0.17991178285421,0.020019560465541708,-0.005788677614385673,6653
28029,0.02001492477880077,0.044987555134758696,0.02001492477880077,0.02490579197078191,6654
24316,0.019919246248834954,0.2976755960376626,0.019919246248834954,-0.004131298807938721,6655
21296,0.019881173161845598,0.02939533250002547,0.019881173161845598,0.016584482341278295,6656
28449,0.019853637724490034,0.04524087719283214,0.019853637724490034,0.1483232493591506,6657
29882,0.01981168625323043,0.30780957113907453,0.01981168625323043,0.028946765920060125,6658
23294,0.019791275466296443,0.2930515143192501,0.019791275466296443,0.028560236098929603,6659
25700,0.019740612611709507,0.3501592369521987,0.019740612611709507,0.013029344946341781,6660
21166,0.01969728845606776,0.04851712083836149,0.01969728845606776,-0.020075707458114045,6661
22047,0.01964973481214502,0.2450243810990537,0.01964973481214502,0.007406007306668738,6662
28243,0.019631763251806315,0.029260954626991433,0.019631763251806315,0.029670556403773696,6663
23854,0.019586313967749555,0.02379658442046461,0.019586313967749555,0.03123327018254063,6664
24952,0.019576785945014774,0.32879863544664983,0.019576785945014774,0.01971238550487725,6665
27501,0.019508501345990054,0.13418006501732874,0.019508501345990054,-0.014155518762622388,6666
21797,0.019503202809206036,0.04134212301015137,0.019503202809206036,0.0409406301241442,6667
20663,0.019499454130769173,0.12384645582584862,0.019499454130769173,0.00220212107184109,6668
27968,0.019411456998709744,0.0376242597664684,0.019411456998709744,0.02211814849118207,6669
22433,0.019382881549893566,0.042336567336708056,0.019382881549893566,0.018533134527089934,6670
28721,0.019378764335766435,0.07192309205465915,0.019378764335766435,0.02659796501673145,6671
26918,0.019365819840772014,0.07634038462016302,0.019365819840772014,-0.016988011692652294,6672
29988,0.019337618666263278,0.03798670748594774,0.019337618666263278,-0.0024025932696508656,6673
22597,0.019293717243170083,0.1935959467992019,0.019293717243170083,0.023153150456449223,6674
24461,0.019286192508971033,0.0236780694658059,0.019286192508971033,-0.01693243551365986,6675
23606,0.019251520720759717,0.02383818909472485,0.019251520720759717,0.04160515381975194,6676
22211,0.019218145462768118,0.0415878896348891,0.019218145462768118,0.057792731159981986,6677
25636,0.01916427161956894,0.06021756016352106,0.01916427161956894,0.013896834309650719,6678
26768,0.01915537886780095,0.058293151483514216,0.01915537886780095,0.009123335689683987,6679
27270,0.019143212127973847,0.03348125189495882,0.019143212127973847,0.04423619104954246,6680
22075,0.019097814698574134,0.06754223987409075,0.019097814698574134,-0.018229281334926517,6681
29211,0.019048244296084666,0.049290914989626275,0.019048244296084666,-0.0007529745668520826,6682
20635,0.01903465339249974,0.02953291927741447,0.01903465339249974,-0.01919036116436948,6683
28307,0.018978610817473443,0.04132146377128788,0.018978610817473443,0.013447240791197995,6684
21226,0.018831207721958898,0.18484269911956952,0.018831207721958898,0.032516075140143874,6685
23335,0.018783707056357207,0.15108482576040483,0.018783707056357207,0.017112740931997827,6686
20509,0.018770358810002184,0.02828791222529498,0.018770358810002184,0.08318967665451196,6687
21801,0.018757189486139476,0.02755810612629568,0.018757189486139476,0.03049283906105968,6688
21342,0.01871659718815044,0.03380141919461496,0.01871659718815044,-0.018475528754375248,6689
29794,0.01868855067317715,0.2929939176981954,0.01868855067317715,0.0035602324536855856,6690
24626,0.01867671962727714,0.02753103239969052,0.01867671962727714,0.014467102980212199,6691
20608,0.018614837321543273,0.02586277379269437,0.018614837321543273,-0.034170805386917164,6692
27440,0.01859914089811862,0.25467339487035434,0.01859914089811862,0.01151015857449017,6693
28703,0.01855779248636491,0.0322235202515609,0.01855779248636491,-0.010079903845051225,6694
21637,0.018426622448841412,0.11781444832937482,0.018426622448841412,-0.021730485812246958,6695
29702,0.018376642979138602,0.3554772996035892,0.018376642979138602,0.01422924558327665,6696
21709,0.018353992082257617,0.1291376282758615,0.018353992082257617,-0.005664204386325061,6697
20562,0.018268041938552027,0.5882395409097595,0.018268041938552027,0.011282542715813526,6698
25247,0.01823050664664093,0.07746456580455637,0.01823050664664093,0.009480832377259663,6699
28348,0.018228306587904752,0.24439308802008866,0.018228306587904752,0.011762115925877337,6700
25087,0.018220257999049083,0.45823380130657443,0.018220257999049083,-0.001794957795036134,6701
27496,0.01816805394400594,0.029817607164539628,0.01816805394400594,0.026300027239794882,6702
27446,0.018137644247739837,0.06975820934010415,0.018137644247739837,0.033050874909895056,6703
22719,0.01810992545708753,0.025914188634785326,0.01810992545708753,0.0025132660079075497,6704
23713,0.018032598459612456,0.07233008739208724,0.018032598459612456,-0.012807480057607012,6705
23571,0.017994105200669415,0.022875724306419792,0.017994105200669415,0.056504684190632176,6706
24876,0.01789234327033827,0.020460046485767165,0.01789234327033827,0.027159812203984834,6707
21727,0.017853448071143835,0.2222700962500822,0.017853448071143835,-0.010215344789203051,6708
25121,0.017803282506922015,0.06992933194639538,0.017803282506922015,-0.0060309634126883005,6709
29360,0.01767996002956651,0.5462160864067528,0.01767996002956651,-0.010378519007285814,6710
23289,0.017653226028928715,0.42112335719725613,0.017653226028928715,0.006202558926189317,6711
24879,0.017630312009457236,0.02310138658271245,0.017630312009457236,0.05687287284231542,6712
24861,0.017628226709291372,0.4282845940384168,0.017628226709291372,0.021958871795121238,6713
27168,0.017604739624716204,0.07120724863635668,0.017604739624716204,0.0373591693384952,6714
20197,0.017567942501796885,0.18089814174808563,0.017567942501796885,0.020025727401232846,6715
28199,0.01755629748852301,0.020342933959940676,0.01755629748852301,0.02923727468934198,6716
22975,0.01746752628850697,0.027035777423593157,0.01746752628850697,0.06252987147286501,6717
23830,0.01746701206709507,0.08880992369983098,0.01746701206709507,0.015659010926676487,6718
26743,0.017463915845466936,0.02296728476904214,0.017463915845466936,0.05276279018740568,6719
22756,0.017425601799779127,0.023359411286117154,0.017425601799779127,0.08465022945765954,6720
28569,0.017412930122635728,0.08947234872639724,0.017412930122635728,0.02716252350313464,6721
23218,0.01740576608055508,0.10092970875874743,0.01740576608055508,0.011851536321859757,6722
27897,0.017308014863259218,0.019198978869886897,0.017308014863259218,0.024911361597785925,6723
29867,0.017262075499841267,0.21315040287859885,0.017262075499841267,0.020926188545906277,6724
27416,0.017261492362267428,0.4677315780884822,0.017261492362267428,0.003346812906136032,6725
20884,0.017246563707469256,0.1237208888527493,0.017246563707469256,0.0118997537308424,6726
28662,0.017228028962416545,0.021150183746238678,0.017228028962416545,0.04891262881121344,6727
28664,0.017213019486121427,0.044054853301684585,0.017213019486121427,0.00440331839776778,6728
29511,0.017161431289691827,0.047743543187291924,0.017161431289691827,0.005224240640844036,6729
25200,0.017062616000249387,0.47918004704060246,0.017062616000249387,0.010935231980192417,6730
21149,0.01704202547147754,0.020547695160655223,0.01704202547147754,0.08990235601409272,6731
27780,0.017032336552374388,0.039910009254153174,0.017032336552374388,0.05941747783317347,6732
25377,0.016861161531933677,0.3661917566222308,0.016861161531933677,-0.009589286378444917,6733
29997,0.016817121587632943,0.034643993927329544,0.016817121587632943,0.007767829800915282,6734
20978,0.016781449893230722,0.058969762982398276,0.016781449893230722,-0.0012001305747773583,6735
23173,0.016763733756766135,0.020814808592931184,0.016763733756766135,0.026455950685184415,6736
26619,0.016737970051589578,0.026378750579649436,0.016737970051589578,0.007597852457769727,6737
28281,0.016709824131593068,0.10224753023204075,0.016709824131593068,-0.009477496343079927,6738
21599,0.016676576960864997,0.12268233312319336,0.016676576960864997,0.11816460922974209,6739
25451,0.016589534087795205,0.07307236920837916,0.016589534087795205,0.012455187912333854,6740
24092,0.016459187244092996,0.07187832404673468,0.016459187244092996,-0.015120679224338018,6741
26750,0.016455448657447726,0.05362945925034362,0.016455448657447726,0.03220046831862128,6742
26198,0.016445002466692463,0.01760785230472001,0.016445002466692463,0.053943775213510736,6743
20152,0.016431117633246305,0.028220096322434902,0.016431117633246305,0.03174930117109473,6744
23979,0.0164014354791501,0.020531838303260067,0.0164014354791501,0.04660026319062452,6745
21425,0.01620180654553144,0.1332018744305323,0.01620180654553144,0.008347120923590023,6746
24476,0.01615707081432055,0.41766023343708436,0.01615707081432055,0.0323970714437683,6747
25070,0.016098650876540443,0.33728108024950565,0.016098650876540443,0.0,6748
26387,0.016041181828326624,0.026700035055125356,0.016041181828326624,-0.012631304067233229,6749
24581,0.015943117294446717,0.03955057405638393,0.015943117294446717,-0.003817129377229944,6750
25590,0.01593692373538523,0.11691302805053809,0.01593692373538523,0.006255266047922647,6751
20881,0.01593317607766946,0.04279486250813481,0.01593317607766946,0.12608225114619076,6752
24348,0.01588121668362292,0.024604821167971885,0.01588121668362292,0.0093613993137234,6753
21951,0.015813164654555074,0.03408287898631294,0.015813164654555074,0.05612521209626642,6754
28356,0.01579626075596935,0.4021207396658659,0.01579626075596935,0.015917892435398373,6755
26694,0.015721682646093582,0.34382851221954264,0.015721682646093582,-0.013341722957330382,6756
21407,0.015690668101396132,0.23202910640716723,0.015690668101396132,0.008081551845779078,6757
20351,0.015646833482194582,0.033885230039902986,0.015646833482194582,0.026478676989289573,6758
29572,0.015574122778702598,0.18257933373626709,0.015574122778702598,0.09134574292879433,6759
22248,0.015544768859386824,0.0249575501698107,0.015544768859386824,0.04151112862649714,6760
23911,0.015463550666367357,0.09683248105750202,0.015463550666367357,0.12592804979398553,6761
25917,0.015380588029632936,0.13593013702801138,0.015380588029632936,-0.03467023158164534,6762
26526,0.015299780062623457,0.021462862362517127,0.015299780062623457,0.01885404394659676,6763
22005,0.015243731513360545,0.10621539147285212,0.015243731513360545,0.04548539333846108,6764
23108,0.015218900862406237,0.34997853967907216,0.015218900862406237,0.04072901026781267,6765
28809,0.015122783673856277,0.3496476323697238,0.015122783673856277,0.004263353706596251,6766
28512,0.01502365343782519,0.7534126718249726,0.01502365343782519,0.025477871591693124,6767
29904,0.014999144380901941,0.28276443266914036,0.014999144380901941,-0.006290964954448253,6768
20382,0.014960328552623081,0.27478378173095996,0.014960328552623081,0.03880386238865863,6769
20550,0.014928530026280473,0.8418380553106312,0.014928530026280473,0.01567659342736427,6770
21327,0.014925046991136828,0.026345402535605196,0.014925046991136828,0.04767425844533016,6771
28044,0.014910699371547305,0.027128161541679678,0.014910699371547305,0.021336731856038238,6772
25995,0.014907521785531262,0.02318711332926029,0.014907521785531262,-0.027620937607435836,6773
28475,0.014885681872662159,0.03729290070182489,0.014885681872662159,-0.0019008943269772094,6774
29978,0.014880048608028999,0.04552763326624988,0.014880048608028999,0.0573354502518357,6775
21356,0.014835835965400834,0.3755385394936502,0.014835835965400834,-0.007093302953813163,6776
29250,0.014797511303522746,0.024219861339078757,0.014797511303522746,0.00040903328693406293,6777
21024,0.014683278108555891,0.022228599019454703,0.014683278108555891,0.0056370123777089165,6778
24825,0.014682070376004663,0.41732135039531604,0.014682070376004663,0.0015545343033532277,6779
21796,0.014518021515385664,0.07631444892113003,0.014518021515385664,0.03690159956113048,6780
25260,0.014497138406480835,0.06505877746565822,0.014497138406480835,0.02811009708395462,6781
26927,0.014461647410844714,0.16040874599896418,0.014461647410844714,0.005647021208462499,6782
28460,0.014404233227540128,0.042390701191584695,0.014404233227540128,0.00997155111351572,6783
23786,0.014382612366063197,0.10534071792350691,0.014382612366063197,0.002287009153955244,6784
20021,0.014204464981166865,0.029298253221634082,0.014204464981166865,0.039411872185607794,6785
20694,0.014161464261796708,0.05401184391647643,0.014161464261796708,0.05250042289908552,6786
23893,0.013993639563938287,0.6931923839384324,0.013993639563938287,0.003433877185536116,6787
22680,0.013969028798693994,0.26697152115426454,0.013969028798693994,0.016822365828162378,6788
22818,0.013870351005115328,0.14806756445383465,0.013870351005115328,-0.022049367080599402,6789
27491,0.013869001186388341,0.3770758197915954,0.013869001186388341,0.012060019128721455,6790
29062,0.013810945831801591,0.21934791355873545,0.013810945831801591,0.03292981824105751,6791
23718,0.0138079848911205,0.07182984756860242,0.0138079848911205,-0.01575485888269501,6792
28492,0.01377077752880164,0.12279301410252023,0.01377077752880164,-0.0015532326727043522,6793
24352,0.013752105742498438,0.1312034849479758,0.013752105742498438,0.012133231865794625,6794
29327,0.013685775684814327,0.6884488616275896,0.013685775684814327,-0.0013911271341062736,6795
22969,0.01367545695950434,0.36896431914286315,0.01367545695950434,-0.005388068353060493,6796
23098,0.013611159013447116,0.7103043696338679,0.013611159013447116,0.018418190020232705,6797
29186,0.013608995123516529,0.06542292658349338,0.013608995123516529,0.052397019379069765,6798
24308,0.01355521321329374,0.0916400404738087,0.01355521321329374,-0.03427815016101493,6799
22925,0.013553640551753003,0.04442082488811309,0.013553640551753003,0.03713277342476812,6800
26104,0.01350979699630378,0.27153567277371893,0.01350979699630378,-0.00011709427093509195,6801
22556,0.013493604605383111,0.055532515412357215,0.013493604605383111,0.0020985516615213695,6802
23092,0.013490558384961458,0.04604246865421093,0.013490558384961458,0.011607302023037697,6803
27361,0.013472213773973563,0.6829461530393283,0.013472213773973563,-0.010108487498090901,6804
26292,0.013465703487638037,0.034437150512044545,0.013465703487638037,-0.00980638235718248,6805
27510,0.01340168023714805,0.1625310955010861,0.01340168023714805,-0.004418476720323639,6806
21655,0.01339583333159193,0.019730839898290865,0.01339583333159193,0.05161179696335605,6807
26129,0.013388647992319425,0.48372390344345373,0.013388647992319425,-0.015213019772500003,6808
22976,0.013363325139652799,0.24300760784824524,0.013363325139652799,0.014287573962043387,6809
27300,0.013284504014835129,0.05074085988672006,0.013284504014835129,-0.005659887438019678,6810
26006,0.01327434040560721,0.23480414983921402,0.01327434040560721,0.17225435451113172,6811
27731,0.013271336174748433,0.15516688342154888,0.013271336174748433,0.0013548863026449087,6812
26179,0.013261748775339366,0.3927364522775192,0.013261748775339366,0.007570352400165903,6813
22814,0.013260820607815249,0.3473443138327542,0.013260820607815249,0.01810102902354377,6814
21069,0.013258922226796088,0.2508150075213302,0.013258922226796088,0.010892909127963812,6815
21799,0.013215939204812677,0.6058056705545327,0.013215939204812677,0.025333705544329677,6816
20354,0.013168176106953366,0.18907733427419562,0.013168176106953366,0.028779300237942507,6817
20599,0.013104291603443667,0.029279030048124367,0.013104291603443667,0.06361710439452864,6818
28889,0.013078994294195123,0.48273391602876753,0.013078994294195123,-0.0016287512513077917,6819
28183,0.01302913171739331,0.15143092541343497,0.01302913171739331,-0.016509358272512653,6820
20056,0.013006545608479164,0.11545015782029733,0.013006545608479164,0.03807507936211174,6821
22115,0.01300392650900127,0.13327407392675533,0.01300392650900127,0.01927492873944253,6822
24250,0.012943277749880688,0.5665526202209007,0.012943277749880688,0.0358704960379479,6823
23431,0.012876776391113648,0.2543404246586399,0.012876776391113648,0.026854783485047107,6824
20896,0.01278181030948726,0.10063182209454086,0.01278181030948726,0.0055418774115120195,6825
28322,0.012775076698619409,0.10072187795610692,0.012775076698619409,0.0029793862781107017,6826
22423,0.01277332469733208,0.024452907050467296,0.01277332469733208,0.028244543415834128,6827
28262,0.012683957653206672,0.0651037025680645,0.012683957653206672,0.04064567108780226,6828
22787,0.012674233026855896,0.01701552574382147,0.012674233026855896,0.05565691877899648,6829
23002,0.012651938643036445,0.11549426144158603,0.012651938643036445,0.008343549017827856,6830
22575,0.012560677167513079,0.460950761926495,0.012560677167513079,-0.0012386925279347372,6831
24247,0.012558399894366301,0.46146608908486736,0.012558399894366301,0.0019735927510215467,6832
28336,0.012539594347486048,0.027683032187518768,0.012539594347486048,0.047338283765162775,6833
21820,0.012445094672605884,0.03956206167716165,0.012445094672605884,0.06115127908875315,6834
23189,0.012419121466404722,0.030871887751429027,0.012419121466404722,0.031706705080921105,6835
20096,0.012406880886029856,0.019693232961402792,0.012406880886029856,0.05963128575116938,6836
25728,0.012181167909615345,0.036046153247851105,0.012181167909615345,0.0008717493181625846,6837
26992,0.01217890756458423,0.18591259251003822,0.01217890756458423,0.03085538827623535,6838
27309,0.012175150199085626,0.028291837491244334,0.012175150199085626,0.03864283879050534,6839
26451,0.012089185385065232,0.10272853492297133,0.012089185385065232,-0.006404710835588356,6840
24546,0.012067393814311406,0.027755120874803713,0.012067393814311406,0.00023413923304582696,6841
27801,0.011986356657314937,0.023115739184720065,0.011986356657314937,0.09159351244774172,6842
26007,0.011932350657290838,0.03349464124967915,0.011932350657290838,0.03849796279914465,6843
23101,0.011923334387648435,0.1043494792370858,0.011923334387648435,0.006970714410236001,6844
25585,0.011902326023100637,0.11197056999222856,0.011902326023100637,0.1479142485038269,6845
23876,0.011861691831488434,0.05699317018365135,0.011861691831488434,0.021051066179262945,6846
25036,0.011841865263584354,0.019420895267726522,0.011841865263584354,-0.011671875758700101,6847
26409,0.011834771861456886,0.08097213037474696,0.011834771861456886,0.0006164502282632323,6848
20352,0.011818616673330173,0.5288224002047044,0.011818616673330173,0.040135472006268214,6849
29971,0.01179694128660465,0.022785331536648672,0.01179694128660465,0.01454035445181126,6850
26990,0.011728181505095688,0.013609958253994851,0.011728181505095688,0.051363740327859536,6851
29804,0.011712038412326736,0.14445624638765797,0.011712038412326736,0.03079885425848619,6852
22062,0.011662583742982569,0.601104425897562,0.011662583742982569,-0.005097299213292827,6853
21949,0.011583887277305064,0.0156426625301677,0.011583887277305064,0.024097227945351074,6854
28164,0.011564246441915591,0.019208197225740443,0.011564246441915591,0.027850555664560267,6855
25088,0.011469518750439466,0.04234820368846969,0.011469518750439466,0.02890921570397137,6856
23284,0.01142818848743754,0.7789625324264154,0.01142818848743754,0.005048608274398347,6857
20630,0.01137765484332398,0.022942311157799676,0.01137765484332398,0.010880832750769509,6858
27348,0.011361340310544615,0.08709895625561792,0.011361340310544615,0.08767317030179997,6859
22368,0.011310742529677842,0.12488262206539452,0.011310742529677842,0.04673661703270582,6860
20688,0.011303391767239011,0.07108492390561391,0.011303391767239011,0.08199668056506063,6861
28573,0.010907084592734203,0.013316785223157535,0.010907084592734203,0.028303040645988597,6862
24528,0.010886387077513937,0.4435034797895572,0.010886387077513937,0.01837464999866517,6863
26568,0.01088289755098302,0.026044293726240744,0.01088289755098302,0.003297295879276241,6864
26545,0.01080804483705465,0.06614210389645715,0.01080804483705465,0.18312629504274716,6865
25256,0.010755828721556449,0.04339799298139027,0.010755828721556449,0.003999941590139722,6866
24076,0.010739137306546749,0.030725047434587153,0.010739137306546749,0.0033863080868529183,6867
23843,0.010727244351840304,0.01760797697333796,0.010727244351840304,0.03237275322698163,6868
28877,0.010722387140711262,0.13496709102330282,0.010722387140711262,0.02465062909412713,6869
20042,0.01072040655132768,0.09884653145696544,0.01072040655132768,0.07125481052378924,6870
24015,0.010648222632910542,0.2133921665249998,0.010648222632910542,0.006520179205583232,6871
26056,0.010570403606017785,0.0165739788134634,0.010570403606017785,0.008720163927034938,6872
25196,0.010492271084152113,0.012825372542488377,0.010492271084152113,0.0018630373821242052,6873
21913,0.01040653362768644,0.10419773751181377,0.01040653362768644,-0.011993657378112865,6874
27589,0.010369536081673791,0.30351217368306505,0.010369536081673791,-0.005427795422790205,6875
21501,0.010259576919519064,0.058083887255862186,0.010259576919519064,0.004003443304622739,6876
20899,0.010252168001025477,0.04079839899481888,0.010252168001025477,-0.0059720754918485275,6877
25838,0.010163470076013426,0.3078524192347143,0.010163470076013426,-0.003579365712143401,6878
27539,0.010153346615145331,0.5071205623183429,0.010153346615145331,0.02162491057156346,6879
28691,0.010130158102490155,0.05230758637351511,0.010130158102490155,0.0009859041604228236,6880
29989,0.010115256439003267,0.1355155184532426,0.010115256439003267,8.187493114647504e-05,6881
28384,0.010036189280303727,0.010641492127497515,0.010036189280303727,0.010201475815062366,6882
21432,0.01001832144641579,0.10033371174240277,0.01001832144641579,-0.009657572856727054,6883
25717,0.009965745023119088,0.850326414722884,0.009965745023119088,0.004451340006401461,6884
23638,0.009959440063622954,0.0896998218095873,0.009959440063622954,-0.0055273610790713135,6885
28286,0.009888423041275702,0.014122341572145926,0.009888423041275702,-0.0026394902988177427,6886
27495,0.009885186143721601,0.05074628008108279,0.009885186143721601,0.001088665092936869,6887
29547,0.009869939186814097,0.017233308100005416,0.009869939186814097,0.019330129459121104,6888
24258,0.009783304784380997,0.10316546263594209,0.009783304784380997,0.00348878664762714,6889
27390,0.009669590413961423,0.02608695898526778,0.009669590413961423,0.0456000211053485,6890
28679,0.00965683238753956,0.17345873917335677,0.00965683238753956,0.06131406172138046,6891
21368,0.00963243013924147,0.043475931150088354,0.00963243013924147,0.1473160930444608,6892
29449,0.009594865765431546,0.08807542700297369,0.009594865765431546,0.015402408860878125,6893
20237,0.009499489222590397,0.01670926082436241,0.009499489222590397,0.040550800191420655,6894
20397,0.009452438561497536,0.03799226492239184,0.009452438561497536,0.106799880557023,6895
24997,0.009393352143835677,0.03869086140741629,0.009393352143835677,0.006328237195987962,6896
27121,0.009375901671115128,0.07679120082506957,0.009375901671115128,0.047261044358873905,6897
20208,0.009349551469991751,0.03802123838489894,0.009349551469991751,0.002079693941951427,6898
27355,0.009313144243016366,0.04106483881938353,0.009313144243016366,0.027380733977220198,6899
23479,0.009204248761075106,0.013342388444704313,0.009204248761075106,0.08514579330983754,6900
20609,0.009106008776095896,0.010057204370917913,0.009106008776095896,0.02090405701805717,6901
24460,0.009045232317756807,0.032374804231366926,0.009045232317756807,0.001761969161378385,6902
29276,0.00901351908010365,0.015453159558927404,0.00901351908010365,0.0713504268563506,6903
29619,0.008987276214852416,0.0688206701874874,0.008987276214852416,-0.019202259396833232,6904
26174,0.008975183172345025,0.1863296927026515,0.008975183172345025,-0.0024166934801217455,6905
28857,0.008943555409675698,0.030450637157186204,0.008943555409675698,0.098308266714664,6906
20710,0.008935726853382175,0.24913382232875902,0.008935726853382175,-0.015992126216734015,6907
24123,0.00891891554791261,0.013371029171124132,0.00891891554791261,0.02753089084502966,6908
25948,0.008871600647865581,0.04968053600470103,0.008871600647865581,0.08381478816168997,6909
26345,0.008843442860569482,0.011093441989392779,0.008843442860569482,0.04954497269005738,6910
24979,0.008772230755496782,0.011186366510639839,0.008772230755496782,0.0473160876395432,6911
21956,0.008771317299693077,0.03767590314609297,0.008771317299693077,-0.0037689873215610015,6912
27226,0.008717417860962917,0.6324064079960356,0.008717417860962917,0.0007509472829689834,6913
26130,0.008713660195647122,0.608726288793436,0.008713660195647122,0.0015245164071943096,6914
20451,0.008680825337908094,0.11090782096031362,0.008680825337908094,-0.03819689499651324,6915
22205,0.008671757946911579,0.039131925210708636,0.008671757946911579,-0.031793034812426985,6916
21268,0.008580483303621045,0.425415311986674,0.008580483303621045,-0.0032229449640844843,6917
27354,0.008577490617176331,0.2651136144097994,0.008577490617176331,-0.004588544682205098,6918
24066,0.008560456114538838,0.04814629404224273,0.008560456114538838,0.0076196009139357646,6919
24664,0.008517696974176148,0.621647967832257,0.008517696974176148,0.020462626900797698,6920
27113,0.008514040136746753,0.028141494112286596,0.008514040136746753,0.00479259789033426,6921
20418,0.00845727258670484,0.013762887248015686,0.00845727258670484,0.018036137432890675,6922
24440,0.008431652941516293,0.23224220184399327,0.008431652941516293,-0.005342048109712838,6923
28279,0.008421373489691075,0.06747016126759939,0.008421373489691075,0.05649783391313162,6924
24854,0.008394867032105346,0.17399897485166502,0.008394867032105346,0.0041802829175619505,6925
28254,0.008391663040891034,0.16836497151946309,0.008391663040891034,0.00036268396784455703,6926
27956,0.008348360782428288,0.16640570117429437,0.008348360782428288,0.003884396244707211,6927
20024,0.008212366543899393,0.012860825666984111,0.008212366543899393,0.05875551429181443,6928
24753,0.008135249787220564,0.12868786699903775,0.008135249787220564,0.010443225483177249,6929
28754,0.00807507344490136,0.05011933855782697,0.00807507344490136,0.036681766561698914,6930
24072,0.008062499540268248,0.12765228179843088,0.008062499540268248,0.041414215763761864,6931
21986,0.008048977352718756,0.5021734130905318,0.008048977352718756,0.03437887470169182,6932
28141,0.008038634733438438,0.11603919377108501,0.008038634733438438,0.04506665209260377,6933
20063,0.007974330459794746,0.02876595121022408,0.007974330459794746,0.10036693915100264,6934
26145,0.007969156403513918,0.025721871904029716,0.007969156403513918,-0.010195282070512707,6935
28767,0.007912932642446191,0.3892424572267225,0.007912932642446191,0.021548651566779098,6936
25363,0.007875638765361601,0.02881645125774313,0.007875638765361601,0.05788715561326707,6937
24795,0.007861291578362517,0.0402698695918674,0.007861291578362517,0.046344628713808594,6938
21455,0.007855868802552401,0.5106466268557934,0.007855868802552401,-0.007769996820103819,6939
22658,0.007846123744168376,0.6657335440393817,0.007846123744168376,0.0,6940
21090,0.007818053704253924,0.5483037746606774,0.007818053704253924,0.0,6941
23360,0.007644583694329299,0.20799340328755805,0.007644583694329299,-0.0010443009827639793,6942
29937,0.007639451074741198,0.01145970522976215,0.007639451074741198,0.027482951703442365,6943
20447,0.007615407446042111,0.3686729355219611,0.007615407446042111,0.014671000409094193,6944
21240,0.007549282372728949,0.19822995957679626,0.007549282372728949,-0.0015764901556985511,6945
27437,0.0075269693758388545,0.16257345583146382,0.0075269693758388545,-0.0005916898661841308,6946
21045,0.007521850800113389,0.036133375358007744,0.007521850800113389,0.030538885581051667,6947
28905,0.007488619909274186,0.7030362168041739,0.007488619909274186,0.0,6948
26160,0.007416276528736148,0.02396483408969309,0.007416276528736148,0.018965733581708,6949
23465,0.007389835237558567,0.03923409557681078,0.007389835237558567,0.006033525781845517,6950
21680,0.00736605523849887,0.395899627264329,0.00736605523849887,0.0217140576623136,6951
24588,0.0072938095776533245,0.021373800463153375,0.0072938095776533245,-3.688990356193189e-05,6952
28150,0.007268437310846858,0.02428509709910656,0.007268437310846858,-0.002114765477067626,6953
25888,0.007178117276362157,0.012769491238616693,0.007178117276362157,0.0548617527533774,6954
25559,0.007177151212625663,0.01576559398815006,0.007177151212625663,0.005833119083951843,6955
27436,0.007143312742850461,0.06778329922536569,0.007143312742850461,0.018649023074770565,6956
28315,0.007142870723896298,0.015809779969247133,0.007142870723896298,0.005097944755751538,6957
22594,0.00714140138175124,0.03985854515033233,0.00714140138175124,-0.0034469158376631004,6958
25922,0.007138352383289481,0.025410438004619187,0.007138352383289481,0.16089019635476803,6959
24243,0.007095851293030898,0.03977986109889522,0.007095851293030898,0.012155976391432205,6960
25225,0.007094597584806822,0.07118439983394574,0.007094597584806822,-0.012018377769494715,6961
23995,0.006993906199793903,0.01810060506395703,0.006993906199793903,-0.0025953967144615453,6962
29802,0.006985507828986742,0.18032428716177626,0.006985507828986742,0.0339000192116109,6963
21346,0.006966611902693508,0.045972428183756436,0.006966611902693508,0.018315218872985317,6964
20974,0.006911440746531619,0.10768899701480163,0.006911440746531619,-0.0054662241270579115,6965
23276,0.006801911328179365,0.013664656313758768,0.006801911328179365,-0.0054798281103895785,6966
26048,0.006761299508262653,0.289346973662616,0.006761299508262653,0.022908397280388126,6967
29515,0.006671280794167178,0.36156836506068224,0.006671280794167178,0.010169796549851284,6968
22815,0.006629586523612577,0.08617037834097133,0.006629586523612577,-0.007994937369807165,6969
24916,0.006623412578305121,0.5269383081374776,0.006623412578305121,0.005992308265199475,6970
20388,0.006575765097769304,0.10680129631318233,0.006575765097769304,0.026851151905714354,6971
28373,0.006538241760120023,0.45426549839386515,0.006538241760120023,0.013879293970073536,6972
27795,0.006446595507057149,0.009076878011037355,0.006446595507057149,-0.006456721919922664,6973
29995,0.0064351110749819584,0.34477049123146575,0.0064351110749819584,-0.0005407852763649745,6974
24623,0.006370867916833038,0.008678348543259499,0.006370867916833038,-0.0040088843779801375,6975
23903,0.006344368055812766,0.013860027529963249,0.006344368055812766,0.0441244352397297,6976
22906,0.00632772324924766,0.012834543606493262,0.00632772324924766,0.01036523834145539,6977
28902,0.006327124610579292,0.0376419082108388,0.006327124610579292,0.10232812941868302,6978
28074,0.0062045399971169535,0.47020868367341756,0.0062045399971169535,0.020208595577965893,6979
24201,0.006153548409377041,0.47460836944423057,0.006153548409377041,0.0046826426589164916,6980
23534,0.006134531061707804,0.11221350850460099,0.006134531061707804,0.0679443809154533,6981
25110,0.006127307767503275,0.009804599201112802,0.006127307767503275,-0.011987568724682846,6982
25394,0.006069437537950834,0.1351352562064826,0.006069437537950834,0.03749439578443586,6983
20441,0.006034451963225172,0.012107839455067562,0.006034451963225172,0.07372100966200851,6984
22673,0.005995466440828697,0.013683772769780179,0.005995466440828697,0.03688277144671717,6985
29257,0.005991077299155118,0.029426692704639903,0.005991077299155118,-0.011800770786159487,6986
27233,0.005978599948795127,0.5225176827510352,0.005978599948795127,-0.0023798970339614645,6987
23039,0.005954733175524141,0.17483201607873275,0.005954733175524141,-0.01487570132780569,6988
27659,0.005943076980706842,0.008535634951575896,0.005943076980706842,-0.002793421632605736,6989
27214,0.005930031894714284,0.015957454765758647,0.005930031894714284,0.03375910644124103,6990
26897,0.005891590680343603,0.06571301570156436,0.005891590680343603,0.004703869397748639,6991
27207,0.005879868582053749,0.15316172218331622,0.005879868582053749,0.01586537393023907,6992
22567,0.0058043613943950315,0.04063906992862888,0.0058043613943950315,0.08829448876119228,6993
20258,0.005786805025283781,0.39146453351625754,0.005786805025283781,0.03402590342846035,6994
25234,0.005744536388034849,0.6347759792669274,0.005744536388034849,0.014381181285907929,6995
29959,0.005714981346409742,0.26183643936494705,0.005714981346409742,0.004976015002899847,6996
23617,0.005634443136373277,0.010174725624398051,0.005634443136373277,-0.036387517114763734,6997
28201,0.005577018838494027,0.06298767147726064,0.005577018838494027,0.022464194856241737,6998
25946,0.005456968933362158,0.010562664096713007,0.005456968933362158,0.03258645802339566,6999
29409,0.005447605121856033,0.09011822326693021,0.005447605121856033,-0.020682776703853933,7000
27412,0.00537487889909577,0.10139574706726578,0.00537487889909577,0.056887696080139494,7001
28088,0.005320116428609634,0.7052582528799219,0.005320116428609634,0.0024048835014457426,7002
24534,0.005257754391451208,0.4755277586051792,0.005257754391451208,0.01829832834602685,7003
22555,0.005204860210289791,0.16627956791620901,0.005204860210289791,-0.002169473925914933,7004
20138,0.005173153918867161,0.006707699520741787,0.005173153918867161,-0.0011246760486361973,7005
23046,0.005155466248550483,0.08929217760256186,0.005155466248550483,0.006413797528462412,7006
22321,0.005131992112436923,0.29979188567724996,0.005131992112436923,-0.0017769040400489877,7007
20559,0.005050539238453002,0.014943302602819671,0.005050539238453002,0.0029937358917680457,7008
29762,0.005036988482615468,0.294365408147206,0.005036988482615468,-0.005259187649428898,7009
21206,0.005025764349480599,0.47448746137778247,0.005025764349480599,0.0006649079569641669,7010
29931,0.0049633497134869975,0.60415699904919,0.0049633497134869975,0.009836541747233696,7011
25476,0.00494827845686667,0.04657133511059716,0.00494827845686667,-0.0009585084731472127,7012
29196,0.0048651168560173725,0.020161417178547622,0.0048651168560173725,0.06224845095078646,7013
21976,0.0048458700925895215,0.6681176062497164,0.0048458700925895215,0.011466536079839607,7014
23899,0.004820501402492822,0.20010607736294378,0.004820501402492822,0.024584603389474324,7015
26354,0.004797304533731617,0.6566218327469278,0.004797304533731617,0.011973545861265533,7016
20347,0.004781663592056118,0.3405978480767208,0.004781663592056118,0.01315444038487057,7017
29905,0.0046896363288670305,0.006058569699408024,0.0046896363288670305,0.03297158137904074,7018
27439,0.0046873180966076206,0.020672795573156048,0.0046873180966076206,0.04614568430883642,7019
26827,0.004661743199390866,0.005556415321458597,0.004661743199390866,0.004794692520998539,7020
27825,0.0046307752365911045,0.012639746029647132,0.0046307752365911045,-0.011290889383145153,7021
20605,0.0045562816454661065,0.040079670048425706,0.0045562816454661065,-0.0021551330471967223,7022
23520,0.004548133375197931,0.0585779993018626,0.004548133375197931,0.0025265947025470137,7023
20981,0.004498711631242269,0.22878099681539835,0.004498711631242269,-0.0064179982674527625,7024
25272,0.004468917651819571,0.010760475835635414,0.004468917651819571,0.014790469902492803,7025
20979,0.004456372938270069,0.031818388191980344,0.004456372938270069,-0.0038338111004588005,7026
24027,0.00440572878308107,0.06344931486690217,0.00440572878308107,-0.0001698094749013057,7027
21031,0.004378941956767246,0.07139169857764434,0.004378941956767246,-0.008845115776999757,7028
22963,0.004378270759449141,0.008750003606496323,0.004378270759449141,0.009974676244320524,7029
29368,0.0043385174197275445,0.22425649858409594,0.0043385174197275445,0.008846620212581091,7030
28152,0.004267310517960143,0.44948979124774524,0.004267310517960143,-0.005171619974940644,7031
26977,0.004260635553127667,0.13677249935962443,0.004260635553127667,0.020032093565236997,7032
21363,0.004248647550012419,0.26963461459951554,0.004248647550012419,0.0033823959392970115,7033
23209,0.00423727137495461,0.3075032932244492,0.00423727137495461,-0.005062139178597047,7034
23041,0.004203338856688332,0.23478281661199868,0.004203338856688332,-0.01286461024388702,7035
21643,0.004169977446357706,0.07936922509674822,0.004169977446357706,0.01145513015942251,7036
24439,0.0041503260103716855,0.6589551481847982,0.0041503260103716855,-0.0014264916591189003,7037
20068,0.00414805038778597,0.028350408347217426,0.00414805038778597,0.04237212398224574,7038
28353,0.004119848112669411,0.5660509218573047,0.004119848112669411,-0.0021998393573599007,7039
28140,0.0040979620652764615,0.15210690784807454,0.0040979620652764615,-0.002428652198568082,7040
28003,0.004095538735190085,0.37929741340617973,0.004095538735190085,0.00779736902084649,7041
26638,0.0040453018066921725,0.07872188995279669,0.0040453018066921725,0.005931112969136565,7042
26412,0.0040307506693425255,0.021883926497678185,0.0040307506693425255,0.019047849082759832,7043
25806,0.004001496585531752,0.020148828948757122,0.004001496585531752,0.0024569668138213208,7044
29548,0.003990191279351851,0.29728268989695505,0.003990191279351851,-0.00010721689937975842,7045
21905,0.003965764772012912,0.016201190071856362,0.003965764772012912,0.00854052303856212,7046
24674,0.003957450550687802,0.46314505906216297,0.003957450550687802,0.02114592699374096,7047
22204,0.003921064192710754,0.012160688272333069,0.003921064192710754,0.04994233313262286,7048
20534,0.003914857491001507,0.010543908027131555,0.003914857491001507,0.003567192830793847,7049
28418,0.003906678813705128,0.15208562789616836,0.003906678813705128,0.02834762627183013,7050
24583,0.0037919673857203795,0.03542997926033183,0.0037919673857203795,0.06420699675739358,7051
22070,0.0036843612509443457,0.32400955208583165,0.0036843612509443457,-0.0036104146127935444,7052
27665,0.0036824906481329744,0.42811445805068676,0.0036824906481329744,0.051050403344005124,7053
26988,0.003615599796481947,0.09403554111688062,0.003615599796481947,-0.030577321619593922,7054
20276,0.00360557725496391,0.2568927957297797,0.00360557725496391,-0.005022273285686496,7055
25656,0.0035758048938414333,0.025340236536356267,0.0035758048938414333,0.030721737996361298,7056
26060,0.003549380163460625,0.19609692225113107,0.003549380163460625,0.03973462381892695,7057
21276,0.003509102487065846,0.14158985269605529,0.003509102487065846,0.022320764199823095,7058
22359,0.003404083477770603,0.4303835828469258,0.003404083477770603,0.0,7059
24631,0.003392260164896077,0.35492029232574623,0.003392260164896077,0.0449149981975871,7060
25243,0.003370835040436444,0.010218842173462776,0.003370835040436444,0.06137246007315317,7061
22212,0.0033383870146691946,0.026822168017183602,0.0033383870146691946,0.01790261223681644,7062
27329,0.0031991537837131045,0.08363035017148601,0.0031991537837131045,0.03658368237908616,7063
20561,0.00317750535153577,0.09523380454222725,0.00317750535153577,-0.030666606300535026,7064
26368,0.0031479088124707582,0.004131706696392912,0.0031479088124707582,0.013842777010053903,7065
24234,0.0030674955031773504,0.06779792938373969,0.0030674955031773504,0.0024496175366451878,7066
22413,0.003039162115171745,0.23013637870774895,0.003039162115171745,-0.0012731320019641057,7067
24150,0.0030132218201409655,0.4633909577219156,0.0030132218201409655,0.035793909617878095,7068
23668,0.0028393351676765845,0.008555793711322625,0.0028393351676765845,0.02112773699618492,7069
26133,0.0026723246819090147,0.004216172759724027,0.0026723246819090147,0.009597566577291938,7070
21270,0.0026717991723274603,0.35438974309397486,0.0026717991723274603,0.07189532593315884,7071
26733,0.002670226282960514,0.0600777788360438,0.002670226282960514,-0.0032895820413244847,7072
26679,0.0026390980630009997,0.23777973160823218,0.0026390980630009997,-0.0023330215984772584,7073
29824,0.0026163480942758832,0.16976279982661963,0.0026163480942758832,0.0067788615908549454,7074
24659,0.002493396805325898,0.0634140309271136,0.002493396805325898,0.10801618883007225,7075
20709,0.002392180427366209,0.013790026898281087,0.002392180427366209,0.03439649516873172,7076
26083,0.0023597013384462073,0.3143153302424008,0.0023597013384462073,0.0006656747102775085,7077
24902,0.00215661158083702,0.298903710974533,0.00215661158083702,0.019894049542982017,7078
22688,0.002114989880839028,0.03205785020612375,0.002114989880839028,0.043514608817583206,7079
29356,0.002076740578353442,0.2715548051234136,0.002076740578353442,0.00824350821581843,7080
27379,0.002026284738229703,0.04573898792477127,0.002026284738229703,0.025581972378356577,7081
26816,0.0020215174638882893,0.22371526434428732,0.0020215174638882893,0.02239338477523356,7082
20365,0.0019516628979820705,0.21207222710697154,0.0019516628979820705,0.0830505556547737,7083
26343,0.0019467921374801663,0.008862413487811869,0.0019467921374801663,0.021648629599392566,7084
23225,0.001897257293461213,0.21629568312744674,0.001897257293461213,0.024374630686491816,7085
26718,0.0018868417845568919,0.09119911638604443,0.0018868417845568919,0.0032363322081510604,7086
22580,0.0018831215236914266,0.0027566866164357028,0.0018831215236914266,-0.013043319108409265,7087
22255,0.0018173467643027331,0.021576066662744506,0.0018173467643027331,-0.0032817164118429387,7088
29484,0.001783604412972789,0.16463602675660163,0.001783604412972789,0.011041362281983824,7089
26548,0.0017659770486866113,0.005956867785003014,0.0017659770486866113,0.027674080911531312,7090
25801,0.0017652563843019164,0.5614777517522609,0.0017652563843019164,0.015049936643099504,7091
24033,0.0016993830555610545,0.33634534249257597,0.0016993830555610545,-0.005996666235350556,7092
21251,0.0016708506447391525,0.5799650186474545,0.0016708506447391525,0.016505664176443058,7093
26329,0.001661809766349609,0.10883148458371687,0.001661809766349609,0.02397530464344716,7094
25454,0.0016034754718352476,0.005395784909362257,0.0016034754718352476,0.01072512275541751,7095
23463,0.0014843016581098656,0.10237845899263506,0.0014843016581098656,-0.007603219746143197,7096
23432,0.0014597577307977894,0.07775319554825406,0.0014597577307977894,0.053491173979850176,7097
21232,0.0014573645881565227,0.012079746766641529,0.0014573645881565227,0.014968132065927453,7098
22215,0.001444225047593145,0.0551135244262246,0.001444225047593145,0.02122316284211756,7099
27707,0.0013664425193357088,0.45417000812811287,0.0013664425193357088,0.021552038436002396,7100
25322,0.0013622951920828595,0.00582440006297019,0.0013622951920828595,0.020852831069068628,7101
27552,0.001320500641979326,0.04192229756888029,0.001320500641979326,0.01354213175957375,7102
23470,0.001267751175987767,0.018391927647105354,0.001267751175987767,0.057968118451139306,7103
25417,0.0012529561673684797,0.29869911175724784,0.0012529561673684797,0.016616556904655688,7104
29051,0.0012400878558100764,0.053259744733827157,0.0012400878558100764,0.04786359865385781,7105
21372,0.0012029486799646216,0.42654545129199783,0.0012029486799646216,0.004078865123199882,7106
27568,0.0011677641012669514,0.027536223855199146,0.0011677641012669514,0.028286763105314805,7107
28503,0.0011230775482177439,0.009692593843503105,0.0011230775482177439,0.0029682351606712953,7108
28867,0.0011122133800460232,0.27248860574767486,0.0011122133800460232,-0.005122388843404657,7109
26952,0.0010837464976335704,0.002553067498985198,0.0010837464976335704,0.028220983503866537,7110
24661,0.0008118881540015704,0.005942946785016064,0.0008118881540015704,-0.0028954108216353303,7111
20697,0.0008081737010497969,0.1476271637192792,0.0008081737010497969,-0.01790330072493529,7112
24663,0.0006722337270801404,0.3339203417091134,0.0006722337270801404,0.035853870822663725,7113
25430,0.0006606900537582255,0.041141578756561055,0.0006606900537582255,-0.01985529338501657,7114
20450,0.0005706513773995336,0.22526789384926355,0.0005706513773995336,0.02184643003076958,7115
28485,0.0004746645180578185,0.0830728253204444,0.0004746645180578185,-0.014770462660196382,7116
26785,0.000433812052972968,0.0030761230796756103,0.000433812052972968,-0.007489389285736697,7117
28470,0.0004332032611818748,0.13470031655616277,0.0004332032611818748,0.020798801096959307,7118
23068,0.00039988278707265516,0.005278741572580356,0.00039988278707265516,0.12890473697565066,7119
25863,0.00036701986867805625,0.033112754549042694,0.00036701986867805625,0.09154967431955716,7120
26856,0.00035018702308467486,0.08192558505314997,0.00035018702308467486,-0.002198686842544373,7121
25282,0.00032141803733132246,0.7399901902023615,0.00032141803733132246,0.017990237566504197,7122
28006,0.0003143474562620763,0.32406436522978455,0.0003143474562620763,0.07860355606109698,7123
24502,0.0002637736413953484,0.08656133349008703,0.0002637736413953484,0.07913456857828971,7124
24714,0.00024272263476160516,0.12287199531528173,0.00024272263476160516,0.08152159034296338,7125
24422,0.00023720732433556505,0.013575402109776638,0.00023720732433556505,0.024682789598955257,7126
20436,0.00023656795010879028,0.4116331559945872,0.00023656795010879028,0.014939713595747972,7127
28518,0.0002209813100671268,0.05413674834154631,0.0002209813100671268,0.0009217366703741514,7128
23579,0.0001837669070109179,0.012215129447914719,0.0001837669070109179,-0.006955390550690443,7129
20614,0.00018295986437175116,0.08667555302307371,0.00018295986437175116,-0.007110680582493228,7130
25015,0.00016474121370979589,0.48473303173207155,0.00016474121370979589,0.02017514615615834,7131
21904,0.00014021936869657026,0.5858662738379394,0.00014021936869657026,0.003611137748889215,7132
22157,7.350214489210182e-05,0.0030910718408230075,7.350214489210182e-05,0.02031462576437798,7133
26973,6.699916134978237e-05,0.02836667314787083,6.699916134978237e-05,0.04619697794950778,7134
23120,5.9743054903749204e-05,0.8422256817092528,5.9743054903749204e-05,0.0,7135
20429,5.526270402044539e-05,0.001885022625444045,5.526270402044539e-05,-0.0007175145289590457,7136
20381,-8.464579838366251e-06,0.014600175358390347,-8.464579838366251e-06,0.07923411415224473,7137
25759,-2.076350131324789e-05,0.309076004448243,-2.076350131324789e-05,0.016615013890427854,7138
21684,-8.73724026960801e-05,0.020304302669706845,-8.73724026960801e-05,0.10416528366084662,7139
24748,-0.00011860433732657771,0.02242998081423302,-0.00011860433732657771,-0.007962242255528995,7140
25300,-0.00013897196589232608,0.09766435589341724,-0.00013897196589232608,-0.012855709257983405,7141
29294,-0.00016017158998468065,0.007778256937963596,-0.00016017158998468065,0.017861747834066022,7142
26866,-0.000160922098617039,0.1529296696254714,-0.000160922098617039,0.002618465167123385,7143
20717,-0.00025235754772149656,0.011910903964234078,-0.00025235754772149656,0.02499964535902234,7144
27401,-0.0002882309997409441,0.004539184197151083,-0.0002882309997409441,0.033473555848154396,7145
21653,-0.00030185479032932526,0.012226225676121177,-0.00030185479032932526,0.015812654145921257,7146
23204,-0.0003416800135875725,0.06375147885688942,-0.0003416800135875725,0.04224330479852684,7147
25306,-0.0003675640131510227,0.26455792471382483,-0.0003675640131510227,-0.003618256460585445,7148
22175,-0.0003706991149812211,0.04446056986176681,-0.0003706991149812211,0.017121088193465278,7149
23744,-0.00037436097135394586,0.010482178680874478,-0.00037436097135394586,0.005540790140154739,7150
29364,-0.00042596924619148213,0.22032142387437453,-0.00042596924619148213,-0.04177403775332844,7151
20078,-0.0005126629070944591,0.04431041419621479,-0.0005126629070944591,-0.013306349334657963,7152
20162,-0.0005508919277669166,0.7399635740528561,-0.0005508919277669166,0.0,7153
25125,-0.0006421545062259698,0.04157713733173825,-0.0006421545062259698,0.0034131182480388045,7154
25609,-0.0006472535039746749,0.010930517932520608,-0.0006472535039746749,-0.005073668991224356,7155
21163,-0.000687403568088718,0.0774880131102042,-0.000687403568088718,0.0337099676291005,7156
22602,-0.0006939193708118685,0.5598348992395666,-0.0006939193708118685,0.006180982227086962,7157
25870,-0.0007284332078495159,0.24537297502663002,-0.0007284332078495159,0.042421097133992,7158
20763,-0.0007349197450143286,0.3284190083338217,-0.0007349197450143286,0.017171724589465587,7159
29339,-0.0007480874198129775,0.05023845198198628,-0.0007480874198129775,0.03314057851138025,7160
29945,-0.0008244281244880781,0.01613547797593598,-0.0008244281244880781,-0.01680242065612486,7161
21318,-0.0008425047031032085,0.12149961633348429,-0.0008425047031032085,0.009606940204491654,7162
26610,-0.000849962212882722,0.007241965953993052,-0.000849962212882722,0.011798854444017376,7163
27447,-0.0008652843101558672,0.3940379166831444,-0.0008652843101558672,0.01816718090881314,7164
27048,-0.0008738058456144171,0.14985417402659845,-0.0008738058456144171,0.009653680934872955,7165
22374,-0.0009146928453532266,0.43345664023880337,-0.0009146928453532266,0.008584782545910885,7166
23195,-0.0009192106522013521,0.20736009433166155,-0.0009192106522013521,-0.010044085585671603,7167
21071,-0.000998597148602287,0.6126796577423881,-0.000998597148602287,-0.01282133192392576,7168
23167,-0.0010248121932964205,0.3921175642925431,-0.0010248121932964205,0.04756024109378004,7169
29359,-0.0010662218488446118,0.09084347586280427,-0.0010662218488446118,0.020924477444401846,7170
29426,-0.0011125071374879641,0.11155210616683839,-0.0011125071374879641,0.05906244143811451,7171
25183,-0.001116148588072045,0.011634896459050113,-0.001116148588072045,0.0016251306066968618,7172
29122,-0.0011954513744718565,0.5538793667797901,-0.0011954513744718565,-0.0017485325316635159,7173
23143,-0.0012474058231052966,0.0015723191324361566,-0.0012474058231052966,0.018385014910205874,7174
21218,-0.0012500816801768733,0.09721086095170497,-0.0012500816801768733,0.015065263434861975,7175
23414,-0.001280772428474651,0.023477241338788726,-0.001280772428474651,0.017644982481538646,7176
25814,-0.0012895835157291091,0.19775547601328414,-0.0012895835157291091,-0.005129820880579006,7177
21034,-0.0013072001319155702,0.1516666810190872,-0.0013072001319155702,0.0027167217586810954,7178
20320,-0.001394939498179093,0.040376915840271484,-0.001394939498179093,-0.02045086089726017,7179
29984,-0.0014151516477207589,0.009716435729908827,-0.0014151516477207589,0.031448105889642836,7180
28976,-0.0014232637096506517,0.07247918078473624,-0.0014232637096506517,0.056130929983734174,7181
26308,-0.001480862048378384,0.10163714760446409,-0.001480862048378384,0.02140669980964205,7182
22759,-0.0014842786670917606,0.009185521304902716,-0.0014842786670917606,0.019299046179057394,7183
24270,-0.0015650935626705647,9.255196789016202e-05,-0.0015650935626705647,-0.0010614791894209413,7184
24462,-0.0016533618650566356,0.0006985400246867789,-0.0016533618650566356,0.026501410240723444,7185
28980,-0.0017378539587335762,0.055340528856178337,-0.0017378539587335762,0.008783616851408632,7186
23788,-0.0017770709003473995,0.3418351401624622,-0.0017770709003473995,0.045145592023627334,7187
28808,-0.0017780181101436643,0.04253154231174653,-0.0017780181101436643,-0.0002044002810207557,7188
21196,-0.0018202271176269713,0.4203297697740631,-0.0018202271176269713,0.020474536809074573,7189
23215,-0.001838985326266085,0.1091718719808014,-0.001838985326266085,0.03408391847829961,7190
26681,-0.0018811968832071757,0.06658355250734863,-0.0018811968832071757,-0.012222226012799542,7191
26680,-0.0019158858588497751,0.2550071352658702,-0.0019158858588497751,0.02261181750927338,7192
22610,-0.002002780469117227,0.12483450534638399,-0.002002780469117227,0.08378328557522224,7193
29710,-0.0020284405690387808,0.2653899156575322,-0.0020284405690387808,0.004810544862466848,7194
28797,-0.0020618016884127125,0.0017776289216421312,-0.0020618016884127125,0.004211858901825571,7195
22864,-0.002103768727863796,0.02949210864704161,-0.002103768727863796,0.051263309214680086,7196
28378,-0.0021191143056666084,0.03653699297263416,-0.0021191143056666084,0.11713439620552979,7197
23144,-0.002128675334561708,0.07074574237087551,-0.002128675334561708,0.021232246726080706,7198
23629,-0.0021592940355977877,0.05047321655052228,-0.0021592940355977877,0.02688145170269185,7199
27462,-0.0021736789853958743,0.10499665742272007,-0.0021736789853958743,0.08344082666585861,7200
28821,-0.0021951937082537246,0.017212167128881767,-0.0021951937082537246,0.007029954222104673,7201
29466,-0.002266772556813068,0.2803709815691842,-0.002266772556813068,0.0238021873811764,7202
21165,-0.0022764406571118,0.046103786797362926,-0.0022764406571118,0.08059562674222057,7203
25080,-0.002288448292864731,0.14262814819563216,-0.002288448292864731,0.004152530779248598,7204
28609,-0.0023036494289891164,0.021744350208290904,-0.0023036494289891164,0.008609491572662914,7205
26631,-0.0023635138870500005,0.14980300207948458,-0.0023635138870500005,-0.0010853909375810322,7206
27091,-0.0023867933441607883,0.04852978011076249,-0.0023867933441607883,-0.004310013140563174,7207
27524,-0.0024494995047489674,0.012285263108067306,-0.0024494995047489674,0.010319787840112948,7208
20191,-0.0024518357307764527,0.03809174382570678,-0.0024518357307764527,0.09137389963716439,7209
25289,-0.00256783183310072,0.040089529566726796,-0.00256783183310072,0.011520871407305844,7210
21821,-0.0025832725739940443,0.3963584038521085,-0.0025832725739940443,0.018948304102720193,7211
24973,-0.002592129888678664,0.023880523848208386,-0.002592129888678664,0.012494233834981217,7212
24977,-0.0026170243799261243,0.019288983293263968,-0.0026170243799261243,0.04134735668560735,7213
21172,-0.0026373889074284285,0.29917220630951746,-0.0026373889074284285,0.013339737935613771,7214
29453,-0.002673507329285032,0.02601128379086371,-0.002673507329285032,0.05718455926202873,7215
27256,-0.0026840284626284544,0.046366804734671065,-0.0026840284626284544,0.007413104678504839,7216
25975,-0.0026845522423835644,0.42058661017126575,-0.0026845522423835644,0.013324472882536686,7217
25977,-0.0027618826453721518,0.05514381134015013,-0.0027618826453721518,0.005853604531931289,7218
26297,-0.002791700480551884,0.5614271905321,-0.002791700480551884,0.0006777728718909692,7219
29168,-0.002852221625567166,0.01061391756817953,-0.002852221625567166,-0.002398288251143521,7220
23111,-0.0028980020764277636,0.2426851530181379,-0.0028980020764277636,0.0413725476578079,7221
20943,-0.002909441195157625,0.4617230035670989,-0.002909441195157625,0.001998102477488106,7222
21983,-0.0029246679025564104,0.237717673905723,-0.0029246679025564104,0.01647341554315923,7223
25035,-0.0029347432217252667,0.05866325081419722,-0.0029347432217252667,0.0871476088370679,7224
22112,-0.002993577757041496,0.10068105592590103,-0.002993577757041496,-0.01016455591746021,7225
21035,-0.003033854956739329,0.15133568896564417,-0.003033854956739329,0.07325927205265267,7226
21660,-0.0030524713809825825,0.006678884917943017,-0.0030524713809825825,0.014306215839540976,7227
21261,-0.0030705827337213732,0.0011343224131803486,-0.0030705827337213732,-0.0027170511640814132,7228
27118,-0.0030856005754656968,0.8734224253758195,-0.0030856005754656968,0.0,7229
27856,-0.003181064770905989,0.015823500713079485,-0.003181064770905989,-0.01998789797099848,7230
21478,-0.0031851509808388245,0.17894768702061895,-0.0031851509808388245,0.010286806322320707,7231
25059,-0.0032107344024687873,0.10583089227845151,-0.0032107344024687873,0.01808341096031596,7232
23107,-0.003245962562814196,0.03154980564120006,-0.003245962562814196,0.11070894646995422,7233
23399,-0.0034663226884591447,0.30794772931599285,-0.0034663226884591447,0.026273478557727048,7234
24849,-0.0034940390071894756,0.31701756066087683,-0.0034940390071894756,0.04164349886594054,7235
26344,-0.0035120799273045955,0.209892294476209,-0.0035120799273045955,0.0019785382715196143,7236
21483,-0.0035199957438399876,0.7351947197264427,-0.0035199957438399876,0.0,7237
20082,-0.0035368100935701946,0.034922325513379024,-0.0035368100935701946,0.04441860183831195,7238
24838,-0.0035562727020159723,0.07291364598700877,-0.0035562727020159723,0.002864836126555359,7239
24919,-0.0035605892073582975,0.007511534289818597,-0.0035605892073582975,-0.0038520711959280085,7240
24980,-0.0036601517327907174,0.38037087489078064,-0.0036601517327907174,-0.0026492688142081833,7241
24745,-0.0036979744375311707,0.04293838860396497,-0.0036979744375311707,-0.012465622441487884,7242
23792,-0.0037017492533105156,0.28224751316324476,-0.0037017492533105156,0.026873246686099583,7243
23757,-0.003781766799268449,0.4384124202838503,-0.003781766799268449,0.013202516136775477,7244
21785,-0.003835402779211322,0.04077956879573091,-0.003835402779211322,0.03616773738042281,7245
26999,-0.0038378418029696073,0.008614823852432764,-0.0038378418029696073,0.029679045772560114,7246
28917,-0.003909557962652965,0.3947766940382865,-0.003909557962652965,0.01928706299555849,7247
25993,-0.003910482006768579,0.8644045960818642,-0.003910482006768579,0.0017340660927347429,7248
22836,-0.00391961600894964,0.013746057951716142,-0.00391961600894964,0.0055628737497550595,7249
29938,-0.004056615802143948,0.12700947964293816,-0.004056615802143948,0.09293392473699444,7250
21442,-0.004088985361296066,0.09795794850338647,-0.004088985361296066,-0.0014334091402738447,7251
21158,-0.00417415251302046,0.07386446345207583,-0.00417415251302046,0.025356061446425604,7252
29510,-0.004181466225833395,0.04422054145667781,-0.004181466225833395,0.07133229610310418,7253
24102,-0.004213058738242806,0.11221149998239102,-0.004213058738242806,0.15696040701502217,7254
20938,-0.0042634904893609216,0.29205029726694515,-0.0042634904893609216,-0.0024142455111780814,7255
24818,-0.004323617982841171,0.17404923500973118,-0.004323617982841171,0.004358408542249448,7256
27360,-0.0043378169164418785,0.02883989836587726,-0.0043378169164418785,0.011055774662110801,7257
28835,-0.00437825775036723,0.05394084953036316,-0.00437825775036723,0.06912126613806766,7258
23918,-0.004429412866681415,0.2568408214133748,-0.004429412866681415,0.013921950608881517,7259
24407,-0.004442520482192375,0.11106130947122989,-0.004442520482192375,0.05766016929032469,7260
27802,-0.004603768966415456,0.3233349023395767,-0.004603768966415456,0.028597456554647127,7261
23921,-0.004642657724897803,0.16445527708916927,-0.004642657724897803,-0.020420725972318032,7262
25197,-0.004710607149658708,0.18336927448351326,-0.004710607149658708,-0.03400267195693912,7263
24657,-0.0048596116784665605,0.11307905387643795,-0.0048596116784665605,0.07571711325948693,7264
21113,-0.004859692408174271,0.06396550023193533,-0.004859692408174271,0.022806470488205333,7265
23016,-0.004877242632120388,0.18390621647128377,-0.004877242632120388,0.009096337151514311,7266
25693,-0.004883217051268367,0.013848585281699688,-0.004883217051268367,0.04596008329199208,7267
23148,-0.004974154760417321,0.19529481837562832,-0.004974154760417321,0.0037141302242999497,7268
29042,-0.004976807451548725,0.025389460286718405,-0.004976807451548725,0.010138223460754214,7269
22330,-0.005057466292057274,0.010653430743507167,-0.005057466292057274,0.05275043430357934,7270
25287,-0.005114049533554925,0.0042402826688711075,-0.005114049533554925,0.03508430539383478,7271
25747,-0.005207531609977015,0.08066206885926447,-0.005207531609977015,0.00026848036800214414,7272
24217,-0.005301914352350334,0.37524621608774156,-0.005301914352350334,0.009965963504395714,7273
24132,-0.0053968232214738725,0.0007823346224792638,-0.0053968232214738725,0.02904367982477231,7274
24770,-0.005401008896996223,0.029242483676984007,-0.005401008896996223,0.007875824794561337,7275
22582,-0.00546114460914196,0.04253276227517327,-0.00546114460914196,0.005046673041519983,7276
28299,-0.005474739245797524,0.031058889607088514,-0.005474739245797524,-0.0020335080289125007,7277
21033,-0.005590245883068077,0.0065546368930627244,-0.005590245883068077,0.05510536155512401,7278
23367,-0.00560192188491726,0.32511540623531954,-0.00560192188491726,0.0162662044031589,7279
24183,-0.005629055284654905,0.20123710808542472,-0.005629055284654905,0.005479316776642762,7280
28970,-0.005701537586361778,0.0361807084728114,-0.005701537586361778,0.023463702845837403,7281
28639,-0.005734242498452086,0.19483468637485155,-0.005734242498452086,0.021855479531558197,7282
28451,-0.005763748445413941,0.14212380068317823,-0.005763748445413941,0.007646606320932392,7283
20144,-0.005814125868063791,0.40877274881953907,-0.005814125868063791,0.02263632428839213,7284
29074,-0.005860646016673299,0.07690136580158514,-0.005860646016673299,0.05188145281546083,7285
22373,-0.005900446142886172,0.032510258905340886,-0.005900446142886172,0.16856048028886564,7286
26254,-0.0060166451295237955,0.2074816065415477,-0.0060166451295237955,-0.005328680348029746,7287
22125,-0.006057281165207984,0.6491695642570064,-0.006057281165207984,0.020339232119025108,7288
23818,-0.0062446101928001485,0.44810428713977435,-0.0062446101928001485,-0.00968839185486603,7289
28981,-0.0062952720763860825,0.47018500920639134,-0.0062952720763860825,0.024925756710783453,7290
23197,-0.006385434821166325,0.05571052374240151,-0.006385434821166325,-0.006172086685468342,7291
26414,-0.006455616637739914,0.28014975304008793,-0.006455616637739914,0.0,7292
22152,-0.006477021339104327,0.37439791135755807,-0.006477021339104327,0.015611960400824909,7293
23748,-0.0065222139935451826,0.008935526790149029,-0.0065222139935451826,0.03434609781000614,7294
29573,-0.006539626150545819,0.14789442766379846,-0.006539626150545819,0.009165358906233712,7295
29487,-0.006579742547253693,0.003021650142109388,-0.006579742547253693,0.006305334493656431,7296
27714,-0.006646858337082062,0.12083785722198961,-0.006646858337082062,0.01835395743417556,7297
28041,-0.00667729162497635,0.23473336464466552,-0.00667729162497635,0.006946898029151771,7298
22429,-0.006719022636855365,0.3008831159554907,-0.006719022636855365,-0.001934694406463433,7299
23269,-0.006753210784155084,0.18897616583011378,-0.006753210784155084,0.0009936501812971565,7300
23574,-0.006781172916890399,0.22501333383761407,-0.006781172916890399,-0.002427574770980323,7301
27876,-0.006821592638923457,0.4841092674931493,-0.006821592638923457,-0.0024209304033217527,7302
23162,-0.00689109462449386,0.13369543076788976,-0.00689109462449386,0.02105812627685233,7303
21916,-0.006915371851458482,0.004907673793083288,-0.006915371851458482,0.007666463211949026,7304
25524,-0.00693358206153305,0.5150642141052137,-0.00693358206153305,0.013549026348978255,7305
29865,-0.007004763128189859,0.02686506238056372,-0.007004763128189859,-0.049839428404537145,7306
25349,-0.007023393621272363,0.049236960050696194,-0.007023393621272363,0.016359464170000393,7307
21753,-0.007135925987321129,0.1011089863973857,-0.007135925987321129,0.029285629276032565,7308
20893,-0.007184432077986538,0.016016699687718065,-0.007184432077986538,0.020937444475688433,7309
28837,-0.007239572354250906,0.11220689521101959,-0.007239572354250906,0.015698449889815558,7310
24662,-0.007245182138055528,0.13242266877580747,-0.007245182138055528,0.02034813280949954,7311
26549,-0.007284053209014818,0.2754727130871886,-0.007284053209014818,0.00548342024298093,7312
21317,-0.007359341419361315,0.09824261999429497,-0.007359341419361315,0.11384440282010208,7313
27606,-0.007387412281709308,0.029368407220316976,-0.007387412281709308,-0.007808587816980933,7314
25725,-0.007476188251174885,0.025741378357953735,-0.007476188251174885,0.01954382908271124,7315
21851,-0.007509162995390839,0.13833308327335606,-0.007509162995390839,-0.013359234780437934,7316
20638,-0.00756360055725179,0.07616854687255871,-0.00756360055725179,0.03029379954001732,7317
23558,-0.007591730089259008,0.2028950297873343,-0.007591730089259008,0.0027211092344405774,7318
20825,-0.007611305841257082,0.005510835949249665,-0.007611305841257082,0.041997883474174075,7319
24310,-0.007672335042613734,0.06307976628240872,-0.007672335042613734,0.051503360476743365,7320
26529,-0.007776847224830255,0.06498098277740694,-0.007776847224830255,0.05239299569933964,7321
28805,-0.007791848424052228,0.06747205358285649,-0.007791848424052228,0.01871896122867045,7322
22914,-0.007833696449256466,0.03413891359909851,-0.007833696449256466,0.0014826000431136799,7323
23203,-0.007844610127225538,0.24018066823056713,-0.007844610127225538,0.01641120548909697,7324
27913,-0.00787166332471817,0.4300104662558045,-0.00787166332471817,0.009845914825208468,7325
22663,-0.007916710114611702,0.009821852967683006,-0.007916710114611702,0.036654683114586695,7326
26774,-0.008019989133285527,0.1921198785614291,-0.008019989133285527,0.04735002076201325,7327
29390,-0.008026541175570001,0.46504433722529154,-0.008026541175570001,0.0048469521849958674,7328
28831,-0.00814337642681924,0.057401931416111496,-0.00814337642681924,-0.01256967877307874,7329
27826,-0.008186820507979642,0.2688293406267674,-0.008186820507979642,5.253222130074953e-06,7330
23531,-0.008204790618191946,0.08019259240631747,-0.008204790618191946,0.04203254219614233,7331
26183,-0.008272639440774276,0.18065853270377058,-0.008272639440774276,-0.001144232831182812,7332
20928,-0.008306439272572713,0.18289310577362677,-0.008306439272572713,0.019336381040044204,7333
25101,-0.008309174650413254,0.4223533186426506,-0.008309174650413254,0.010990016209174724,7334
20266,-0.008326319743055366,0.3374823359185332,-0.008326319743055366,0.07001812190892537,7335
20298,-0.008347033376935046,0.027192233350004046,-0.008347033376935046,0.004424991509200921,7336
22372,-0.008370654542595932,0.11638900791298214,-0.008370654542595932,-0.028364428332205593,7337
26418,-0.008613819837045008,0.022767045908105705,-0.008613819837045008,0.04906923714629349,7338
25231,-0.00865237667827845,0.04418575185157808,-0.00865237667827845,-0.016369654694258218,7339
22143,-0.008674604641690169,0.05805907685062885,-0.008674604641690169,0.0012813572772575332,7340
26923,-0.008710675120810557,0.10600262347241285,-0.008710675120810557,0.011721325776306107,7341
24412,-0.008723831947788752,0.34067868292099174,-0.008723831947788752,-0.01108654783739893,7342
25980,-0.008735433536990465,0.008953247492499037,-0.008735433536990465,-0.01329065253249831,7343
28463,-0.008768604110535483,0.6332242558887251,-0.008768604110535483,-0.002296764212140534,7344
26492,-0.008831229730169199,0.44546944718626447,-0.008831229730169199,0.03632737522661389,7345
23940,-0.008841706912469438,0.34518197705862896,-0.008841706912469438,0.006014351578014221,7346
24779,-0.008890332376658261,0.271327092154115,-0.008890332376658261,0.10041472567875426,7347
28722,-0.008960514821853782,0.6299248531154561,-0.008960514821853782,0.012895236163696033,7348
24208,-0.00899920018006245,0.0332505362210048,-0.00899920018006245,0.05016588291438259,7349
28349,-0.009142349079221734,0.23601054097168864,-0.009142349079221734,0.0341354571823273,7350
24948,-0.009145328378716705,0.1970711865022523,-0.009145328378716705,-0.0024275502810167104,7351
29550,-0.009224843296770008,0.24499521098843344,-0.009224843296770008,-0.013344432065048373,7352
25820,-0.009226435287175844,0.17168540432412693,-0.009226435287175844,0.06810810461182626,7353
21667,-0.009238728445658595,0.43959784037133226,-0.009238728445658595,-0.0021087875855523297,7354
22913,-0.009258631987972433,0.008426411760138558,-0.009258631987972433,-0.012053569028594557,7355
29763,-0.00930734351668605,0.026190483104966966,-0.00930734351668605,-0.0009887465769682358,7356
28979,-0.00932681218067466,0.05322643357014925,-0.00932681218067466,0.046746800529928245,7357
29307,-0.009389579026973408,0.019975022294764486,-0.009389579026973408,0.04644598322505142,7358
27772,-0.009539510547967311,0.2737766390042732,-0.009539510547967311,0.14487363224254007,7359
23109,-0.009557419870944162,0.4310750488875611,-0.009557419870944162,0.009468426282884135,7360
29173,-0.009607109468034392,0.12648542282340927,-0.009607109468034392,-0.008621018565591665,7361
25716,-0.009651681397973344,0.2867410478728593,-0.009651681397973344,0.01807606990631827,7362
21273,-0.009699043005745476,0.014106886384886193,-0.009699043005745476,0.008614997038707078,7363
26188,-0.009859490918296087,0.017856560269007615,-0.009859490918296087,-0.015700914677741235,7364
25635,-0.009873084102994398,0.02210625599410976,-0.009873084102994398,-0.02796502220450081,7365
21157,-0.009879992244754221,0.06741385432286748,-0.009879992244754221,-0.011953815667596318,7366
21858,-0.010038422919436699,0.04760714941292028,-0.010038422919436699,-0.04075727892770942,7367
29701,-0.010091747462495894,0.04750725206757737,-0.010091747462495894,-0.022216121051555515,7368
20148,-0.010127430981816704,0.24271011889210994,-0.010127430981816704,-0.007540736292477257,7369
20384,-0.010153497723936006,0.048400439482550794,-0.010153497723936006,0.012796991650176004,7370
27024,-0.010160071504341374,0.04062979144368265,-0.010160071504341374,0.032312833638475535,7371
21514,-0.010184444730859499,0.38759386904548654,-0.010184444730859499,0.024813752431693203,7372
28020,-0.010217357149501893,0.29161955480469576,-0.010217357149501893,0.12170021481856258,7373
29965,-0.010222466530198537,0.6581778105412294,-0.010222466530198537,0.025240075577532495,7374
29072,-0.01034163984876113,0.21998726974751992,-0.01034163984876113,-0.004414637194563031,7375
26821,-0.010373917215999832,0.0261251425186352,-0.010373917215999832,-0.0004160957225420592,7376
25697,-0.010432964503009668,0.021293049458582205,-0.010432964503009668,-0.021151137765602623,7377
26151,-0.010446039147612524,0.23105819303280972,-0.010446039147612524,0.027752468050720014,7378
21094,-0.010467375011105756,0.191658562438873,-0.010467375011105756,0.04404139588627193,7379
28232,-0.010556720212661463,0.3534282300278637,-0.010556720212661463,0.0038265547258099497,7380
26885,-0.01061471398098357,0.6064281474536577,-0.01061471398098357,0.0074647690994199545,7381
28259,-0.010667560640364004,0.5803464061348425,-0.010667560640364004,0.0,7382
24290,-0.010775657100449136,0.04283792698153647,-0.010775657100449136,0.04006857291479954,7383
25602,-0.01085433369573982,0.17746185089181515,-0.01085433369573982,0.005923846780930109,7384
22024,-0.01088131262571465,0.06848819027644133,-0.01088131262571465,0.003208634159841295,7385
27334,-0.010960929320165458,0.6992183234932233,-0.010960929320165458,-0.0005846724083654609,7386
29805,-0.01097331259025798,0.09744251804716024,-0.01097331259025798,0.15641076194370684,7387
23684,-0.011145302220138764,0.7895654021963405,-0.011145302220138764,0.00900691415377497,7388
28377,-0.011146194485470107,0.18228405406935694,-0.011146194485470107,0.016263945342104097,7389
25818,-0.011148865735160635,0.09847286662196142,-0.011148865735160635,0.12109833273319798,7390
20219,-0.011152890226471372,0.01936771802480779,-0.011152890226471372,0.024743431479500366,7391
22752,-0.011270184242721474,0.024374489683571903,-0.011270184242721474,-0.014326054385693288,7392
28080,-0.011355478531890395,0.1916706134245236,-0.011355478531890395,0.010631535986949658,7393
25707,-0.011370722622493445,0.13183351343165625,-0.011370722622493445,-0.001260333490911203,7394
26997,-0.011393734810069361,0.2272634043641922,-0.011393734810069361,0.06686576872896366,7395
29218,-0.011441109517175307,0.21354065815052156,-0.011441109517175307,-0.0007584538498613957,7396
24878,-0.011447360999909745,0.030840158545317225,-0.011447360999909745,0.0026833278923306114,7397
20858,-0.01152786903104075,0.3177709615332127,-0.01152786903104075,0.023292146700055305,7398
25052,-0.011590720632679713,0.22523868308851705,-0.011590720632679713,0.02584306356901217,7399
25156,-0.011620423970682858,0.05508988291375172,-0.011620423970682858,0.02466983084866825,7400
25601,-0.011635190359093883,0.612075135007744,-0.011635190359093883,0.0002874049405089396,7401
22992,-0.01177981814399226,0.4162870659444985,-0.01177981814399226,0.017259686555013865,7402
21136,-0.01191339206591685,0.2653921872426968,-0.01191339206591685,0.055448320612406565,7403
23866,-0.01212286280179753,0.6623123301924797,-0.01212286280179753,-0.0021085254901548334,7404
29037,-0.01214417110614864,0.08391784711361573,-0.01214417110614864,-0.024944356633256115,7405
29868,-0.012312019680816189,0.5371766373416239,-0.012312019680816189,0.01674864964681866,7406
20912,-0.012349872489186703,0.15734576097894362,-0.012349872489186703,0.026447597769927,7407
28240,-0.012394559353261586,0.06062587619172556,-0.012394559353261586,0.01837595909508244,7408
24892,-0.012512271764821559,0.17286173868037363,-0.012512271764821559,0.016262186217787578,7409
28978,-0.012528873325919843,0.09216649751263412,-0.012528873325919843,0.02301567776943786,7410
22711,-0.01254981180051995,0.6479657157526981,-0.01254981180051995,0.0010184040426505225,7411
29451,-0.012596264321518058,0.13881136006734185,-0.012596264321518058,0.0020773554994664156,7412
27311,-0.012618368140936712,0.031960731901263556,-0.012618368140936712,0.021656601130883524,7413
21379,-0.012708095510894857,0.12782541293643018,-0.012708095510894857,0.013717905642616157,7414
22444,-0.012728534685804371,0.19239875438304832,-0.012728534685804371,0.05461525062968503,7415
27821,-0.012743771134876916,0.06591754389741561,-0.012743771134876916,0.03392597407268924,7416
24855,-0.01281316534909649,0.7842723768637867,-0.01281316534909649,0.0,7417
29606,-0.012884123215372273,0.003375163140396576,-0.012884123215372273,0.04055264837244771,7418
27736,-0.013081074630327393,0.01915433930369606,-0.013081074630327393,0.0013562502365163653,7419
26360,-0.013166627197807715,0.09684160381687514,-0.013166627197807715,0.008797894258620209,7420
22210,-0.013230477102148197,0.8692484467153755,-0.013230477102148197,-0.0029128495468874194,7421
28014,-0.013278562406849326,0.5718871463152657,-0.013278562406849326,0.008150164917253067,7422
25501,-0.013305498011128111,0.11518398207554094,-0.013305498011128111,-0.014265765797611962,7423
24890,-0.01347512593321426,0.27498431918734845,-0.01347512593321426,0.020712064314398704,7424
22499,-0.013558066292158055,0.6400908583155825,-0.013558066292158055,0.018246261168717304,7425
27387,-0.013620898209155366,0.06976914199465223,-0.013620898209155366,0.009325409042844457,7426
23537,-0.013819711142464372,0.08505108200189834,-0.013819711142464372,-0.01225725506984443,7427
23464,-0.013899088861419329,0.2965297993802602,-0.013899088861419329,0.006521220383035264,7428
21708,-0.013953589955426662,0.010570022587637314,-0.013953589955426662,0.002757432820987199,7429
20168,-0.014140546309785146,0.20706293728816438,-0.014140546309785146,0.038531003773982664,7430
27297,-0.01422835097709274,0.5919629909747675,-0.01422835097709274,0.0,7431
23057,-0.014228877834614295,0.30836762770695497,-0.014228877834614295,0.0018886737005994192,7432
23568,-0.0142804266956678,0.09451498569594219,-0.0142804266956678,0.019790413093131787,7433
26020,-0.014340831235210098,0.007839160482401892,-0.014340831235210098,-0.0190588667825472,7434
25435,-0.014414666407508863,0.010146993145616224,-0.014414666407508863,0.03919158689284838,7435
23035,-0.014508236702342973,0.031228805328630826,-0.014508236702342973,0.020111867467096034,7436
23145,-0.014597571282320958,0.0077249355203920615,-0.014597571282320958,0.0072536804262692545,7437
21056,-0.014619212220503719,0.3300044232290295,-0.014619212220503719,0.0703199014396435,7438
27126,-0.014712003928695039,0.3908555445315427,-0.014712003928695039,0.044111731319229575,7439
25956,-0.014724683215007583,0.3956729581581244,-0.014724683215007583,0.019974996870418704,7440
24487,-0.014754906994521422,0.5144482273965695,-0.014754906994521422,0.04308898282713458,7441
26226,-0.014809321849905632,0.2844438578392583,-0.014809321849905632,-0.0050540268042191805,7442
27724,-0.014820573615275945,0.41097082458062134,-0.014820573615275945,0.004751419898436193,7443
24645,-0.014890195742989831,0.35007875096764635,-0.014890195742989831,0.03209191009044143,7444
21847,-0.014929361329902413,0.5598911032049497,-0.014929361329902413,-0.0011807442266937862,7445
24273,-0.014944491534271936,0.1398503661826052,-0.014944491534271936,0.029315427392091142,7446
29476,-0.014959168705624061,0.04158036369645658,-0.014959168705624061,0.06331347995706121,7447
24082,-0.014965804263070977,0.0031247927374867053,-0.014965804263070977,0.009123859121769634,7448
28558,-0.01502704629095182,0.09869528953215002,-0.01502704629095182,0.015438010775499944,7449
25031,-0.015089328605881636,0.1807439425985436,-0.015089328605881636,0.004852083498643689,7450
23336,-0.01509979722941665,0.17261249166926484,-0.01509979722941665,3.575026769186973e-05,7451
25284,-0.015100473221487887,0.43881783036495703,-0.015100473221487887,-0.0023340998130952917,7452
27406,-0.015163901341689434,0.19722331870536478,-0.015163901341689434,0.12666911555766203,7453
27427,-0.015186571551843928,0.10893807637612207,-0.015186571551843928,0.018719280859037374,7454
29769,-0.015269211002886529,0.31387931214758596,-0.015269211002886529,0.0029971538712227352,7455
21047,-0.015397264535333521,0.8249105212443618,-0.015397264535333521,0.01755163802899895,7456
22460,-0.015523171658829438,0.4669135825879672,-0.015523171658829438,-0.007202858601562112,7457
23141,-0.0155601379668934,0.08066512816711947,-0.0155601379668934,0.007309839066990287,7458
25413,-0.015574678124360634,0.05660837024055428,-0.015574678124360634,0.04865820827792766,7459
24049,-0.01559205004277553,0.1389651830353449,-0.01559205004277553,0.0724344606286062,7460
29422,-0.015643694694833232,0.36387310644744125,-0.015643694694833232,-0.01990151732116996,7461
27477,-0.015665004174889738,0.10340140150374601,-0.015665004174889738,0.039239862529190095,7462
23487,-0.015674855215969397,0.4983915753639497,-0.015674855215969397,0.018772591253940152,7463
26852,-0.015888865196839436,0.2301450014044374,-0.015888865196839436,0.05449857150408288,7464
20611,-0.015979749741746416,0.012246218674813085,-0.015979749741746416,0.004727321364735998,7465
26108,-0.015998300458515302,0.3914444001832139,-0.015998300458515302,0.058172496210528,7466
26875,-0.016061604787505044,0.013118446225939426,-0.016061604787505044,0.012370132422475588,7467
25657,-0.01613226130955834,0.0606606718469335,-0.01613226130955834,0.011967385787404583,7468
26522,-0.01622406637710655,0.16018528606547464,-0.01622406637710655,0.0013478307289321312,7469
26979,-0.016265951517997923,0.6775968066765832,-0.016265951517997923,0.0,7470
24787,-0.016283825429493318,0.0023490882453982226,-0.016283825429493318,-0.008166459488038846,7471
21586,-0.016290205606383806,0.13492107386928823,-0.016290205606383806,-0.0005447334442299501,7472
21557,-0.01633522410322044,0.04185407991093225,-0.01633522410322044,0.061682496026873174,7473
28800,-0.016397741929026988,0.4229246701420664,-0.016397741929026988,0.00898927640244307,7474
27337,-0.01648828923620449,0.5220272542488577,-0.01648828923620449,0.009188137720191447,7475
24413,-0.01649725179416245,0.35237875514104633,-0.01649725179416245,0.000961381055848809,7476
21979,-0.016597958019086145,0.4999282666484304,-0.016597958019086145,0.01721676436244679,7477
20548,-0.016630760960061997,0.3755628147375199,-0.016630760960061997,-0.002309374810600895,7478
27764,-0.01663718635935163,0.13558738990519442,-0.01663718635935163,-0.0194570756947669,7479
27070,-0.01666882004127153,0.005534804297259079,-0.01666882004127153,0.10981123321269315,7480
26041,-0.016682641783357377,0.4190275992349631,-0.016682641783357377,0.001927033353051777,7481
25218,-0.016792269423666406,0.2800205769620589,-0.016792269423666406,0.003671417668020538,7482
25335,-0.016794379375745468,0.037953896802034176,-0.016794379375745468,-0.019954382810391913,7483
22105,-0.016816358297163714,0.29236105052011674,-0.016816358297163714,0.023603132703037377,7484
22145,-0.016895117853555394,0.049319074797502555,-0.016895117853555394,-0.011088165016681972,7485
27744,-0.017086956554120708,0.19624483637632614,-0.017086956554120708,0.01698061323192307,7486
21827,-0.01712274452745771,0.14529532994981006,-0.01712274452745771,0.009131339770188485,7487
20707,-0.01723243723399892,0.8017964930676781,-0.01723243723399892,0.001712150576075766,7488
26580,-0.0173453026424661,0.006564053368971228,-0.0173453026424661,-0.004594711834619181,7489
25978,-0.01740167079825375,0.10004619214207927,-0.01740167079825375,-0.005696421310642352,7490
22128,-0.017433215160660764,0.04816011324523918,-0.017433215160660764,0.009999441507504037,7491
24394,-0.01744092033897911,0.010055731792851026,-0.01744092033897911,-0.011694558410999478,7492
25708,-0.017447203922759932,0.12354489959003508,-0.017447203922759932,0.04656601249717529,7493
22574,-0.01744774152502579,0.027736485854511266,-0.01744774152502579,0.0005520156425777301,7494
25515,-0.017480792963821642,0.052782173090222984,-0.017480792963821642,0.05587558472001608,7495
29541,-0.01754016146994941,0.7972738422794137,-0.01754016146994941,-0.002082671102263123,7496
28961,-0.017544666222908872,0.2306712311118549,-0.017544666222908872,0.015470061478009112,7497
28868,-0.017565328079392373,0.5395813475951156,-0.017565328079392373,-0.0022699670253772952,7498
22088,-0.017610904096130503,0.15932116160595877,-0.017610904096130503,-0.010345003503386352,7499
28966,-0.017638893681430817,0.19374451197231043,-0.017638893681430817,0.005529794865517357,7500
27934,-0.017650563739679964,0.20407242959288183,-0.017650563739679964,0.019213534575708846,7501
25739,-0.017684342461918717,0.019152088061760192,-0.017684342461918717,0.0409164727303466,7502
25056,-0.017749637895912773,0.29664441318876716,-0.017749637895912773,0.007580046862100398,7503
20493,-0.01787794959592257,0.024070855873404195,-0.01787794959592257,0.001052268147591573,7504
23158,-0.017892640182847475,0.36041452905293886,-0.017892640182847475,-0.010387943555286383,7505
24343,-0.017913616608426393,0.021756964150365515,-0.017913616608426393,-0.021979437326970858,7506
24936,-0.01793017367714996,0.023656132916406083,-0.01793017367714996,0.02231990962666866,7507
28879,-0.017946733534842885,0.48629012611651856,-0.017946733534842885,0.0038126973524854613,7508
26741,-0.017999206591410077,0.019514817419192698,-0.017999206591410077,0.033007059618960555,7509
21302,-0.01810056369801362,0.05559782450604456,-0.01810056369801362,-0.0062921973132480935,7510
29688,-0.018125308226856734,0.2199045417522457,-0.018125308226856734,-0.003732992743564867,7511
27332,-0.01815853962541969,0.034016841751052455,-0.01815853962541969,0.02985241779603609,7512
25862,-0.018246403253022566,0.012046519024428697,-0.018246403253022566,0.12159556246616038,7513
20788,-0.018281344152484336,0.49708853611679676,-0.018281344152484336,0.021118983360358112,7514
23319,-0.018317937912066873,0.3870296527790467,-0.018317937912066873,0.0028045096535919134,7515
20452,-0.018484725219230946,0.06721939385958356,-0.018484725219230946,0.014957026320862155,7516
25744,-0.018485785640874525,0.24688567829099664,-0.018485785640874525,0.016849519217790543,7517
24159,-0.01851311281272281,0.0063414635724892915,-0.01851311281272281,0.0031627219084391367,7518
24043,-0.018530784059506394,0.0388159831972824,-0.018530784059506394,0.0562450771754921,7519
27204,-0.01863772545640443,0.012983959747577547,-0.01863772545640443,0.04348869661543292,7520
27708,-0.01882587847517858,0.5310720827523162,-0.01882587847517858,0.0,7521
23909,-0.01892684409471121,0.17258816772295257,-0.01892684409471121,0.013459679679642844,7522
26324,-0.01899556765742245,0.018716373739328742,-0.01899556765742245,0.01762589910022272,7523
29313,-0.019059062792785728,0.013420278784745242,-0.019059062792785728,-0.01684574215588716,7524
25334,-0.01933581849073851,0.619083363014996,-0.01933581849073851,-0.0003341915703387599,7525
21489,-0.019357705680651177,0.13685162285105043,-0.019357705680651177,-0.01266168395585554,7526
26868,-0.019480906433112025,0.07148424232640194,-0.019480906433112025,-0.011745582016934708,7527
25266,-0.019553101060328038,0.21584261727709708,-0.019553101060328038,0.032959208564523446,7528
20780,-0.019794274851985816,0.522319620825152,-0.019794274851985816,0.01209542582606149,7529
23112,-0.019903497231769866,0.059757497461229804,-0.019903497231769866,-0.0013178165263860175,7530
21220,-0.019969638444949776,0.028526276304802138,-0.019969638444949776,0.07006064196994732,7531
27732,-0.020010946962419014,0.023959398179532347,-0.020010946962419014,0.05173686375978953,7532
26219,-0.020025485925847464,0.1691207206410366,-0.020025485925847464,-0.01632695433689385,7533
29777,-0.020038466102026125,0.02008794768057857,-0.020038466102026125,-0.012177873229097969,7534
25038,-0.02012603578330341,0.705027815258372,-0.02012603578330341,0.009130806756019294,7535
20342,-0.020139771131918338,0.6981591161667224,-0.020139771131918338,0.00866219967650439,7536
26312,-0.02030176552480667,0.3916162939041373,-0.02030176552480667,0.006765595598750729,7537
28097,-0.02034699081731922,0.10955483924552797,-0.02034699081731922,0.020560369862056782,7538
21779,-0.0204446331795467,0.5493344848131491,-0.0204446331795467,0.03384819228963476,7539
21870,-0.02055655262703701,0.248504309089614,-0.02055655262703701,-0.017479487847343322,7540
22261,-0.020569976102270626,0.6252364346171699,-0.020569976102270626,0.001301882039774993,7541
21326,-0.02069339524048444,0.01492567737141383,-0.02069339524048444,0.019246752960373537,7542
29209,-0.020758932885180992,0.4929175647711765,-0.020758932885180992,0.004026697061602191,7543
23175,-0.020797471259519,0.14055903677998507,-0.020797471259519,0.10679271233217394,7544
21367,-0.02092157395285732,0.3596920356165609,-0.02092157395285732,0.029640648712003448,7545
22336,-0.021023214552848862,0.21710902798469478,-0.021023214552848862,0.02626934609313586,7546
22855,-0.021027424076132534,0.11187540158235332,-0.021027424076132534,0.11520366253189002,7547
29900,-0.021059046286631855,0.08330849516924255,-0.021059046286631855,0.00688957445814109,7548
23745,-0.02114573148824913,0.0020813094147358728,-0.02114573148824913,0.008040701745398837,7549
21000,-0.021219293662887606,0.25870263030303053,-0.021219293662887606,0.014719218443223436,7550
24264,-0.021246493169429392,0.4751927688364123,-0.021246493169429392,-0.0011732823299459572,7551
29040,-0.021338643946788943,0.0709848782872805,-0.021338643946788943,0.019390087030758896,7552
21641,-0.021353745165824334,0.030088881835462725,-0.021353745165824334,0.013635113435253143,7553
27053,-0.021411736243666435,0.5849202284405792,-0.021411736243666435,0.02145345520864772,7554
22262,-0.021428493936750944,0.008789549809579598,-0.021428493936750944,0.021627983594165817,7555
25248,-0.021472055607738516,0.0601578798187723,-0.021472055607738516,-0.009154804913704684,7556
23339,-0.021544527132511426,0.21348360665107835,-0.021544527132511426,0.027296111222053,7557
26074,-0.02165123487317444,0.782319044173867,-0.02165123487317444,0.029221107654355705,7558
26978,-0.021675293027946754,0.03092273173568856,-0.021675293027946754,0.022616991709418,7559
26673,-0.021757080191128302,0.01816996502558726,-0.021757080191128302,0.029993237092543895,7560
28435,-0.02176486573413522,0.16157928995703713,-0.02176486573413522,0.05912786049869223,7561
25399,-0.021785320939587113,0.08675433686491692,-0.021785320939587113,0.005437605624263736,7562
20533,-0.021823419343843464,0.7540490790806322,-0.021823419343843464,0.0,7563
23585,-0.021868387551678914,0.3185263219361398,-0.021868387551678914,0.002018917029916245,7564
22000,-0.02202244541600899,0.014066260018579382,-0.02202244541600899,0.03532133232443546,7565
23642,-0.022106571599406405,0.032720768380268786,-0.022106571599406405,0.015168619786038506,7566
20261,-0.022114807736844405,0.03138056055949101,-0.022114807736844405,-0.013750002615739554,7567
29230,-0.022156192759614668,0.5496784294802083,-0.022156192759614668,-0.0011841414178420662,7568
24930,-0.022201073046821812,0.1753452473872878,-0.022201073046821812,0.02612812720931873,7569
28022,-0.02228970592115889,0.026908013987782056,-0.02228970592115889,-0.021711984982443977,7570
26052,-0.022314256295431878,0.10051341359682277,-0.022314256295431878,0.035951497533390775,7571
20595,-0.022324534130381674,0.02006703413500587,-0.022324534130381674,0.004366116676534304,7572
24245,-0.022331704031080445,0.03819277144562155,-0.022331704031080445,0.10904223139466784,7573
28107,-0.022341570315354706,0.040683988721780154,-0.022341570315354706,0.00675388899945395,7574
29108,-0.02250926753035365,0.5195853262999028,-0.02250926753035365,0.006784399015023701,7575
25472,-0.022568186140558777,0.5569623826405395,-0.022568186140558777,0.0018392169221657095,7576
27584,-0.022630089469964393,0.23941989473553318,-0.022630089469964393,-0.004383780499590317,7577
24983,-0.022644324456784215,0.526720772290823,-0.022644324456784215,0.02703429791913292,7578
27980,-0.022746363696743346,0.01803298325355514,-0.022746363696743346,-0.004244802745255738,7579
26949,-0.0227526386929484,0.010555493497656852,-0.0227526386929484,0.023747405115967624,7580
27862,-0.022807188994030572,0.09423870497575157,-0.022807188994030572,0.0026510808134525,7581
28898,-0.022814464511438426,0.5117538929867842,-0.022814464511438426,-0.014409535812199836,7582
22512,-0.022827139196773122,0.10308247540830981,-0.022827139196773122,0.025676410572068542,7583
21805,-0.022850756109975223,0.7063678541065136,-0.022850756109975223,0.020720130524245928,7584
24318,-0.022901774551372045,0.4567503193843617,-0.022901774551372045,0.0,7585
27111,-0.02304019189646518,0.1109217671749556,-0.02304019189646518,-0.01611006691617345,7586
25371,-0.02305262293229255,0.027045025914446796,-0.02305262293229255,0.009583973379278576,7587
20659,-0.02316027019884405,0.09794974592635701,-0.02316027019884405,0.05069962126895175,7588
20175,-0.023390968422048297,0.2162775959825545,-0.023390968422048297,0.020750786654948672,7589
24204,-0.023432326497786482,0.7403938283077789,-0.023432326497786482,0.0,7590
27234,-0.02350570082633206,0.021794018211285345,-0.02350570082633206,0.011152715080718661,7591
23667,-0.023584779314418193,0.027361650547809098,-0.023584779314418193,0.1341211287551346,7592
22006,-0.023585649717620095,0.01509467488057603,-0.023585649717620095,0.040257219885603185,7593
27292,-0.023718818704134836,0.38060969095454794,-0.023718818704134836,-0.007342968532363492,7594
24676,-0.02383992590591333,0.21333421726666602,-0.02383992590591333,0.015546185741276641,7595
29431,-0.023864810730483264,0.011963977055376633,-0.023864810730483264,-0.012133258096724386,7596
28928,-0.02387581843357421,0.022506987294746116,-0.02387581843357421,-0.021889272409053445,7597
23926,-0.02388034248050476,0.1121834983647055,-0.02388034248050476,0.016605937992348885,7598
24062,-0.023914262047861845,0.7089271113004827,-0.023914262047861845,-0.02503659601171926,7599
27721,-0.023944035353329007,0.1545255815815253,-0.023944035353329007,0.02747132221024745,7600
26709,-0.02395911332693612,0.2762965749503281,-0.02395911332693612,-0.00937099606154801,7601
26749,-0.023979298680604666,0.3949052498225581,-0.023979298680604666,0.009118561333561814,7602
20731,-0.024005605268215963,0.12873929079509827,-0.024005605268215963,0.03652795464561953,7603
21530,-0.02409314809524587,0.06010826836573401,-0.02409314809524587,-0.002127063931320894,7604
20553,-0.02416782778005988,0.7641727655245614,-0.02416782778005988,0.003937730821996666,7605
22876,-0.024190410254948946,0.5344151321539377,-0.024190410254948946,0.004730545398646591,7606
26342,-0.024200157528771436,0.04288889581131453,-0.024200157528771436,0.020166095681727503,7607
21500,-0.024203692994859194,0.206009904530776,-0.024203692994859194,0.0024643834300475675,7608
27245,-0.02424553001358322,0.028739595579198245,-0.02424553001358322,0.01743810630151424,7609
22362,-0.02425143794752917,0.00405756640360051,-0.02425143794752917,0.0034251880619539654,7610
27866,-0.02425826429129574,0.7358365928209677,-0.02425826429129574,0.0,7611
24834,-0.02426010732256134,0.7073895004040532,-0.02426010732256134,0.018213175535689463,7612
20889,-0.024390831936315333,0.19254766536824153,-0.024390831936315333,0.0080323661207371,7613
22595,-0.02439514903979756,0.36937037089257985,-0.02439514903979756,-0.0006109710740219709,7614
29866,-0.024399228795307697,0.03409020283491207,-0.024399228795307697,0.003009857869058441,7615
29087,-0.02441353673278962,0.3159599804217815,-0.02441353673278962,0.01462783842399451,7616
23952,-0.024474273437575134,0.4021232808070238,-0.024474273437575134,0.07249113075128016,7617
20543,-0.02476454705381098,0.30185679504175705,-0.02476454705381098,0.01263623311495965,7618
29165,-0.02477542483954326,0.34914070315444057,-0.02477542483954326,0.002227009432745064,7619
27004,-0.024852597283071542,0.5756022285696055,-0.024852597283071542,0.015184911267597578,7620
29245,-0.024919987208205843,0.030328488172925456,-0.024919987208205843,0.07941626400981158,7621
20486,-0.02493996796395303,0.024790700250865404,-0.02493996796395303,0.0031676690433740107,7622
24679,-0.024972854642228703,0.2935390865441858,-0.024972854642228703,-0.0027708111988511974,7623
24929,-0.025051615694887244,0.009158786448295599,-0.025051615694887244,0.05645096311980327,7624
28011,-0.025107160644784104,0.10814545957952568,-0.025107160644784104,-0.002405773286825119,7625
23211,-0.025163487620939298,0.008870183019364077,-0.025163487620939298,0.007461891860005843,7626
22982,-0.025209101819361,0.03446245111802044,-0.025209101819361,-0.019363175121354242,7627
27955,-0.02521860068247575,0.08074966887618241,-0.02521860068247575,0.001187786422990944,7628
23679,-0.025290234503332898,0.3978624622174672,-0.025290234503332898,-0.003381244690727092,7629
23324,-0.025353355208343337,0.21017342354647361,-0.025353355208343337,-0.0193275162143397,7630
24225,-0.0254390478099773,0.27514587656805806,-0.0254390478099773,-0.012807627923006881,7631
22141,-0.025475663282359867,0.1582099571124724,-0.025475663282359867,-0.0013465999486421687,7632
23302,-0.025749106470951966,0.056753799628991186,-0.025749106470951966,-0.0023851607368694516,7633
26230,-0.026008198297127683,0.020390145779796486,-0.026008198297127683,-0.021895151654173883,7634
25067,-0.02605756313464136,0.12703496638841758,-0.02605756313464136,0.01602023270265035,7635
29517,-0.02606446318194669,0.06982387910637874,-0.02606446318194669,0.0019498957716811427,7636
24259,-0.026074499770510073,0.324451594441614,-0.026074499770510073,0.007732196074294817,7637
28137,-0.026101052486432103,0.23223156812412435,-0.026101052486432103,-0.005085592336339206,7638
24981,-0.026138665316046354,0.026689121822413696,-0.026138665316046354,-0.0018777200647603909,7639
22100,-0.026237097000263998,0.3316090840450217,-0.026237097000263998,0.0003810643048021145,7640
25802,-0.026280155323856955,0.07583749453448874,-0.026280155323856955,0.028596082896356012,7641
26434,-0.026456942550121376,0.15821972059781683,-0.026456942550121376,0.03381062870251711,7642
24993,-0.0265081819025168,0.018456121905487597,-0.0265081819025168,0.006305021494274365,7643
22052,-0.02661002677101343,0.31905160757613876,-0.02661002677101343,-0.010676555125148257,7644
29266,-0.026747399801335267,0.10728770341258727,-0.026747399801335267,0.011981709919289929,7645
29672,-0.026759697663963827,0.24424487420292004,-0.026759697663963827,0.013767112347477406,7646
20154,-0.02679300490486286,0.2264350658615764,-0.02679300490486286,0.03612683267578076,7647
26411,-0.02681125809266749,0.5837842655478274,-0.02681125809266749,0.0,7648
22076,-0.02682946190751273,0.3564000947220875,-0.02682946190751273,-0.007114980192314602,7649
20868,-0.02684052027693598,0.07848190207870251,-0.02684052027693598,0.00346017925103953,7650
22226,-0.026882861312850725,0.04860065361998962,-0.026882861312850725,0.013558125391709724,7651
23769,-0.026892232478196876,0.030048718316804755,-0.026892232478196876,0.02914347368246034,7652
29601,-0.026937835114695108,0.014204287495120371,-0.026937835114695108,0.013219903124839671,7653
27977,-0.027125572632775784,0.05799173562681454,-0.027125572632775784,0.023234015866266722,7654
26797,-0.027228214870683526,0.13825472299337713,-0.027228214870683526,0.010831801669806573,7655
25354,-0.027381498532480987,0.02016160790883787,-0.027381498532480987,0.052889381245264766,7656
25512,-0.027412883816814476,0.05616463428258445,-0.027412883816814476,0.003835241584445037,7657
24667,-0.027500440367712375,0.752953307329035,-0.027500440367712375,-0.027188617711849772,7658
28113,-0.02750943755240374,0.010330764113761546,-0.02750943755240374,0.07605160727252688,7659
24978,-0.02751869283302566,0.31082532733179136,-0.02751869283302566,0.010967555821600694,7660
27254,-0.027589092313111227,0.010368141967655863,-0.027589092313111227,-0.0037942226577209193,7661
28617,-0.027648256439684715,0.49390638121679953,-0.027648256439684715,-0.001920593603053522,7662
27045,-0.027719572002817078,0.035923453617274184,-0.027719572002817078,0.008639718327519919,7663
22743,-0.02776985665489573,0.7975181293287553,-0.02776985665489573,0.001694234762923963,7664
21725,-0.02806095176649434,0.14845305643405424,-0.02806095176649434,0.033394072495905425,7665
22564,-0.0281600844009966,0.3365898521496676,-0.0281600844009966,-0.001450597001630416,7666
23348,-0.028232767430962966,0.08270202893131914,-0.028232767430962966,0.0008409772470185373,7667
21339,-0.028239923268839007,0.11763738579884098,-0.028239923268839007,0.0009492094407781426,7668
20960,-0.028320099506050744,0.4078779295092067,-0.028320099506050744,0.019503995278341568,7669
21562,-0.028419230123008843,0.226227972452143,-0.028419230123008843,0.01398858668550107,7670
27566,-0.028436178373220614,0.028741246979062197,-0.028436178373220614,0.005938743392142953,7671
23483,-0.02847360223650275,0.32670672976907145,-0.02847360223650275,0.0244487473305407,7672
21551,-0.028533886193312062,0.012087968367809955,-0.028533886193312062,0.039658521600169805,7673
27829,-0.028553195660302712,0.03214826186212258,-0.028553195660302712,-0.023224439702462796,7674
22964,-0.02856741947129038,0.044538948236178905,-0.02856741947129038,0.05223040884426905,7675
24649,-0.02861164271961117,0.23656406879876116,-0.02861164271961117,0.01254780827446339,7676
29750,-0.028643786664263426,0.08835269410361597,-0.028643786664263426,0.023148094159081478,7677
27433,-0.028750326510350224,0.030053211404859403,-0.028750326510350224,0.025770200312662916,7678
22234,-0.02883125789247068,0.1572198219056629,-0.02883125789247068,-0.0021202031610719207,7679
27513,-0.028888409114058836,0.11317027310044141,-0.028888409114058836,-0.04133271097234073,7680
28910,-0.028960726665687955,0.03210933740343811,-0.028960726665687955,0.06575487759693274,7681
22487,-0.0290543622035051,0.028398549025653478,-0.0290543622035051,0.0649311458040249,7682
29151,-0.02906501853604776,0.4334604479824553,-0.02906501853604776,0.03426777645134693,7683
25885,-0.029067293348260553,0.21264811423190919,-0.029067293348260553,0.03869851302636379,7684
20482,-0.029076668427367558,0.2155391956113863,-0.029076668427367558,0.004773496148223866,7685
27710,-0.029079605633910266,0.21740261384463463,-0.029079605633910266,0.0,7686
28635,-0.029103402310241888,0.15681840752606527,-0.029103402310241888,0.044798552422132265,7687
22889,-0.02912163437306855,0.033221418868614155,-0.02912163437306855,0.03569379661173122,7688
24927,-0.02921868942844258,0.25729362386604204,-0.02921868942844258,0.10434724401824907,7689
21402,-0.029312021538261263,0.20617862754128075,-0.029312021538261263,-0.015583003175589472,7690
26245,-0.029320954613685224,0.7177623902585749,-0.029320954613685224,0.0,7691
22649,-0.029374878608591108,0.04560758605315283,-0.029374878608591108,-0.02846760862615355,7692
29524,-0.029383339967503835,0.21970806331242188,-0.029383339967503835,-0.01869429045709825,7693
20967,-0.02946564263090412,0.3478025259694764,-0.02946564263090412,0.006795136357927556,7694
24913,-0.029646693296946858,0.14646252946188376,-0.029646693296946858,0.01258119464571722,7695
26087,-0.029690663565814318,0.12347782841446753,-0.029690663565814318,0.01142379398426957,7696
22605,-0.02970843083468274,0.05186350206849175,-0.02970843083468274,-0.004261233999238445,7697
23674,-0.02972009095606308,0.03394369982856342,-0.02972009095606308,0.027404287605545585,7698
25490,-0.02980154842578874,0.006508590348766906,-0.02980154842578874,0.001421238059441693,7699
23906,-0.02980528846202468,0.188960114812681,-0.02980528846202468,-0.0028791526453955107,7700
21482,-0.029832075296784666,0.3942890893578113,-0.029832075296784666,-0.0013590655214995584,7701
20224,-0.029896604199561583,0.08977873344057336,-0.029896604199561583,0.031377600301216724,7702
21494,-0.029952524316736007,0.7178254330897097,-0.029952524316736007,-0.0014355151322196225,7703
23647,-0.02997400561860175,0.3279812761380403,-0.02997400561860175,0.0017911094653920712,7704
25112,-0.030006225268551276,0.08511222552167559,-0.030006225268551276,0.011759804553951647,7705
29773,-0.030007016977411982,0.3001121458014849,-0.030007016977411982,0.007897672076762507,7706
25460,-0.030045106689826018,0.36809251849157215,-0.030045106689826018,0.006816471851706085,7707
27454,-0.03029276128510986,0.059716070041771506,-0.03029276128510986,0.008806446786572442,7708
27482,-0.030298333111535278,0.06732317131730922,-0.030298333111535278,-0.004043986373013231,7709
21141,-0.030385651689202986,0.25163952383814975,-0.030385651689202986,0.02086724619963387,7710
20844,-0.030426515218483108,0.49066343835803233,-0.030426515218483108,0.0,7711
29202,-0.030587974284975134,0.025844430963768112,-0.030587974284975134,0.004672231492458712,7712
25722,-0.030638573143582065,0.15474374988701373,-0.030638573143582065,0.004748136022863669,7713
25741,-0.03072103881485576,0.09023349513506546,-0.03072103881485576,0.11812581397862973,7714
29291,-0.030870494442608892,0.15646129326206168,-0.030870494442608892,0.0030282857763384574,7715
24827,-0.030907459807084592,0.06283663442622295,-0.030907459807084592,0.0026158939989935626,7716
29930,-0.031005787155084508,0.17301971165779492,-0.031005787155084508,0.00791110256263261,7717
24492,-0.031090514971178096,0.6640701021588636,-0.031090514971178096,0.026323472181200902,7718
27692,-0.031120562319142397,0.35969961831614683,-0.031120562319142397,-0.015524902919656691,7719
20756,-0.031133443468709228,0.02529469794817514,-0.031133443468709228,-0.006369630005109428,7720
25388,-0.031156066503171376,0.18075358219048218,-0.031156066503171376,0.01775722831482518,7721
26939,-0.031160524399018064,0.07320140116589802,-0.031160524399018064,0.0130431681160256,7722
28404,-0.031195170700894614,0.18868139736947934,-0.031195170700894614,0.054548878690930114,7723
24687,-0.03122305898147876,0.0003979077365949031,-0.03122305898147876,0.00498799572529407,7724
20861,-0.03128002891270864,0.0212617957644207,-0.03128002891270864,0.08096999211459224,7725
29662,-0.031310850346214975,0.02710065962428866,-0.031310850346214975,-0.013651395494178542,7726
29423,-0.031418985066783756,0.8229153831164886,-0.031418985066783756,0.0,7727
22361,-0.031475591468602376,0.08394953024998059,-0.031475591468602376,-0.011084083830927516,7728
27103,-0.031613978058088084,0.05606093537868944,-0.031613978058088084,-0.02408243866550422,7729
25554,-0.031618003199756495,0.32924043549518667,-0.031618003199756495,0.0010215325379412943,7730
22196,-0.031686332883701984,0.30393066312868416,-0.031686332883701984,0.038200919647101816,7731
27079,-0.03168898783362844,0.053200389905024105,-0.03168898783362844,0.017660092531209315,7732
27206,-0.031718912444389874,0.16835841130795792,-0.031718912444389874,0.02227276948456708,7733
27697,-0.03181028864900423,0.040342461295839155,-0.03181028864900423,0.02856665624351551,7734
20246,-0.03182069095682338,0.5170718581642438,-0.03182069095682338,0.021334010609921572,7735
28063,-0.03189357862583064,0.07310979425096968,-0.03189357862583064,-0.0077934640041882886,7736
23635,-0.031932675738562954,0.12576110819570652,-0.031932675738562954,0.0,7737
25068,-0.03196225110222495,0.5966548239823801,-0.03196225110222495,-0.002398576749296999,7738
20699,-0.032096683128387815,0.04534136469149744,-0.032096683128387815,0.01532256988892361,7739
25573,-0.03215927119229707,0.011227581900029891,-0.03215927119229707,0.006599717353765272,7740
28646,-0.03217625803556373,0.022244677125474222,-0.03217625803556373,-0.006801042643195088,7741
20643,-0.03221296460376882,0.3301237883217948,-0.03221296460376882,0.010184450435888615,7742
27187,-0.0323773948772072,0.14177976722608673,-0.0323773948772072,0.016356302185986993,7743
28300,-0.032389767909301176,0.1531599056849997,-0.032389767909301176,0.006439590319347349,7744
25639,-0.03243016348678583,0.011260693518809104,-0.03243016348678583,0.009764635523084708,7745
22744,-0.03244579103729489,0.21403170387761478,-0.03244579103729489,0.007840398536070659,7746
28757,-0.032584495311955834,0.049376011055137066,-0.032584495311955834,-0.002492727870232858,7747
26137,-0.03263978284384811,0.014309033636268755,-0.03263978284384811,-0.0024729024959762036,7748
26485,-0.03272834905254224,0.3438421885873556,-0.03272834905254224,0.01302207032914754,7749
21824,-0.032803479708235495,0.3164040875552683,-0.032803479708235495,0.04585959995719435,7750
29542,-0.032836701991469375,0.46869778690032515,-0.032836701991469375,0.06266692104079019,7751
26213,-0.03285061429904235,0.7459212827023891,-0.03285061429904235,0.0,7752
26830,-0.033012940678857905,0.34688953884793455,-0.033012940678857905,0.002379605278223673,7753
20328,-0.03301398955291464,0.02175026690501584,-0.03301398955291464,0.019558509021949028,7754
22085,-0.03312255980483603,0.013771585141410629,-0.03312255980483603,-0.004854584294654463,7755
27393,-0.0331233377076771,0.028640585712016824,-0.0331233377076771,-0.011310372253159645,7756
29921,-0.03322450287995532,0.03674051755895315,-0.03322450287995532,0.011248051569016204,7757
29513,-0.03322814464386709,0.040248798067383844,-0.03322814464386709,0.04248151283498347,7758
27474,-0.033259416279930655,0.01427187545793557,-0.033259416279930655,0.0027976164587532604,7759
25169,-0.033437590703000536,0.24989873330399645,-0.033437590703000536,0.00992189920966463,7760
24542,-0.03347377159877207,0.663075735032287,-0.03347377159877207,0.006946118959011427,7761
29740,-0.03349973506186732,0.2891538290380232,-0.03349973506186732,0.003349264895624038,7762
24312,-0.03362719096383748,0.47160630586379737,-0.03362719096383748,0.00940212650220551,7763
24046,-0.03366949683850208,0.011492943267994788,-0.03366949683850208,0.004798084042747619,7764
25834,-0.03372919563366408,0.09211508489509249,-0.03372919563366408,0.05107675922082194,7765
29732,-0.03379028286710291,0.06772475328191489,-0.03379028286710291,0.004829677926750209,7766
27769,-0.03379902030333512,0.22460100384489654,-0.03379902030333512,0.04326405341192485,7767
22012,-0.03384379701591337,0.007210595378859007,-0.03384379701591337,0.009505934483702988,7768
22161,-0.03392027741910736,0.3305488664727818,-0.03392027741910736,-0.009637003332085392,7769
20845,-0.03403430335457858,0.13348467915855114,-0.03403430335457858,0.023341493857380657,7770
24263,-0.03418967957852359,0.17836097352441393,-0.03418967957852359,0.032203221445698454,7771
29725,-0.03419272679399718,0.1299796015389993,-0.03419272679399718,0.03056867673610833,7772
23510,-0.03419795886036392,0.3049355965451074,-0.03419795886036392,0.011498066475242541,7773
28145,-0.03465948252932899,0.2645933258035021,-0.03465948252932899,0.0010578820581736426,7774
20301,-0.034752591630979796,0.12786619751598202,-0.034752591630979796,0.005940462579075156,7775
23181,-0.03488145921746466,0.012093993496207423,-0.03488145921746466,0.010764574367786217,7776
25195,-0.03491703747881353,0.2597839934082244,-0.03491703747881353,0.016716107962753635,7777
23311,-0.035091943703557726,0.732225395729989,-0.035091943703557726,0.004759525742899395,7778
27352,-0.035183253324676256,0.2655106464164516,-0.035183253324676256,0.04253079179329117,7779
23839,-0.035201730380492124,0.689534074712117,-0.035201730380492124,0.012392552241300758,7780
26766,-0.03530518036676644,0.3843245499527736,-0.03530518036676644,-0.002409371414718975,7781
21776,-0.035319792134778316,0.19978089240138247,-0.035319792134778316,0.035531907758121484,7782
25780,-0.035337542149911444,0.10236932869818341,-0.035337542149911444,0.02236814843081575,7783
29966,-0.03534758259896581,0.382708726336726,-0.03534758259896581,0.051531754509676786,7784
21030,-0.035669566179066914,0.20535795310703242,-0.035669566179066914,0.03301820976560271,7785
29016,-0.035731954240251884,0.14297092108256634,-0.035731954240251884,0.007975741853119112,7786
23845,-0.03583405762875991,0.3485581278852367,-0.03583405762875991,-0.0023811470022147008,7787
23586,-0.03608733740869646,0.3205754185934376,-0.03608733740869646,0.15845786585652227,7788
26800,-0.03608992696557631,0.1710963583580774,-0.03608992696557631,-0.028029129663827312,7789
22348,-0.03611682243974432,0.05365442435793373,-0.03611682243974432,-0.03816368108153176,7790
23772,-0.036136644876350515,0.02954473551620905,-0.036136644876350515,-0.02318804231518362,7791
28308,-0.036171398896275575,0.012991052717775602,-0.036171398896275575,0.016851049073263902,7792
29064,-0.036177034085477955,0.13708130955808684,-0.036177034085477955,0.01967746807503168,7793
27776,-0.03623102530901963,0.05174593834102571,-0.03623102530901963,0.024612107207276135,7794
24465,-0.0363044832439387,0.012901344342939443,-0.0363044832439387,0.005566777925016503,7795
24847,-0.03637598988179442,0.03908102791613361,-0.03637598988179442,0.009370846484693662,7796
24783,-0.036395371204716476,0.25062226332168497,-0.036395371204716476,-0.005847851186074227,7797
25627,-0.036476504796187276,0.22189256470146432,-0.036476504796187276,0.012255010470049843,7798
25438,-0.036489875138087255,0.08366421471238186,-0.036489875138087255,0.1326787130744548,7799
25071,-0.03655607816029627,0.576168631679668,-0.03655607816029627,0.021137495272921636,7800
21849,-0.03659880117027997,0.1726519323396862,-0.03659880117027997,0.025006748025808156,7801
29858,-0.036608524655576055,0.018782895501998163,-0.036608524655576055,0.010429433539447752,7802
26346,-0.03667003876973318,0.14060264912052153,-0.03667003876973318,0.0028544336704410533,7803
22397,-0.03686109660387016,0.16851079123025475,-0.03686109660387016,0.14571476129730637,7804
21511,-0.03702847390698505,0.42042052053174617,-0.03702847390698505,0.0035636579810520708,7805
27872,-0.037198074722353425,0.31394522873397207,-0.037198074722353425,0.0193202938348791,7806
20289,-0.037257589111481804,0.38457761481815994,-0.037257589111481804,-0.005417041887794016,7807
27098,-0.037361372231376366,0.6592779826808759,-0.037361372231376366,0.0,7808
29671,-0.037372914773767085,0.18501067227946105,-0.037372914773767085,0.028069580024893848,7809
28645,-0.037378358453261526,0.07792511750229836,-0.037378358453261526,0.01491268645628821,7810
24166,-0.037430804927129024,0.7311822062721087,-0.037430804927129024,-0.001075912330844364,7811
24654,-0.037546554662423626,0.5144412616165001,-0.037546554662423626,0.004244423875067294,7812
24589,-0.03767574342882653,0.05467408647829758,-0.03767574342882653,0.039267421604115726,7813
23438,-0.03772640981736347,0.3086572392846129,-0.03772640981736347,0.0016951404989070662,7814
20188,-0.03783473694698833,0.1921143051109442,-0.03783473694698833,0.011302872525739138,7815
24241,-0.03791280635070887,0.04890595828574194,-0.03791280635070887,-0.0240493059676522,7816
23587,-0.037922520380512234,0.009080807009820575,-0.037922520380512234,-0.0021976849110593166,7817
23000,-0.037998322411331054,0.3541865382363068,-0.037998322411331054,-0.008092174161885735,7818
28166,-0.03801701427494311,0.17750819174254365,-0.03801701427494311,0.031807666340637614,7819
28683,-0.03802262249852534,0.2988920598405707,-0.03802262249852534,0.02380972905898443,7820
22268,-0.03815707882874843,0.07884570775077344,-0.03815707882874843,0.07394757277604211,7821
24637,-0.038196937114403834,0.19508959055059683,-0.038196937114403834,0.011349419721540688,7822
24724,-0.038222725875657115,0.28651868064008135,-0.038222725875657115,0.029616153908106013,7823
21304,-0.03827012175946726,0.33902263849082437,-0.03827012175946726,-0.0006313961373672905,7824
25211,-0.03839501648925808,0.4388220195119634,-0.03839501648925808,0.01270931611334658,7825
20877,-0.03844598117802078,0.00406932726626342,-0.03844598117802078,-0.03997255199040983,7826
25776,-0.038453669568131565,0.28810688929087097,-0.038453669568131565,0.01772515409955605,7827
20917,-0.03865191504024179,0.1456727913086772,-0.03865191504024179,0.03310358169831029,7828
22708,-0.038684291499854716,0.0430544979852022,-0.038684291499854716,0.03096754711012767,7829
28632,-0.03880030373653515,0.4723247750201502,-0.03880030373653515,0.04708515060532675,7830
23831,-0.03880333393422877,0.1894762399861097,-0.03880333393422877,0.01593657493599493,7831
25883,-0.038875987213983554,0.5761003875145799,-0.038875987213983554,0.0,7832
22639,-0.038971450717016215,0.03301508258670369,-0.038971450717016215,-0.021884173541237006,7833
24237,-0.039063846337668906,0.46671657101234343,-0.039063846337668906,-0.002194533882439398,7834
25638,-0.03925336965832399,0.0677085756004665,-0.03925336965832399,0.03500756632849816,7835
22633,-0.039308947913375844,0.020285293769692944,-0.039308947913375844,-0.0351079863460928,7836
29189,-0.03931901684500881,0.12189454685803568,-0.03931901684500881,-0.0037907994709911463,7837
25731,-0.03946506101288232,0.01407907176866916,-0.03946506101288232,0.004117862861443583,7838
23525,-0.039579270087454266,0.17181164655907974,-0.039579270087454266,0.011302298929616927,7839
23943,-0.03964108869727184,0.2672078729054945,-0.03964108869727184,0.021389375267415467,7840
23992,-0.03970541626026147,0.33923130794426404,-0.03970541626026147,-0.0031689050537657693,7841
26746,-0.03971707592955091,0.0696631278079619,-0.03971707592955091,0.04479469770268829,7842
24914,-0.03974631633160303,0.20593154134017494,-0.03974631633160303,-0.0005039710886504123,7843
24797,-0.039976580417444785,0.772816571803657,-0.039976580417444785,0.0,7844
25281,-0.04001219899686553,0.24678487905728064,-0.04001219899686553,0.046727173355521956,7845
29823,-0.040145325396360065,0.5292732919311964,-0.040145325396360065,0.047938489147236474,7846
23351,-0.04021119033869632,0.041724625515690915,-0.04021119033869632,0.09136307849419092,7847
28273,-0.04024598682499164,0.01887622319452401,-0.04024598682499164,-0.013242920689760879,7848
20970,-0.04035679043536439,0.324093773562685,-0.04035679043536439,0.0016907791351350454,7849
22247,-0.04045995408566577,0.42351404193807346,-0.04045995408566577,0.0684726429834337,7850
23007,-0.040486071092277254,0.10346512782764283,-0.040486071092277254,0.010878782589042013,7851
24954,-0.04052777758423409,0.20816498454195648,-0.04052777758423409,-0.02370344831962179,7852
26695,-0.04053710263486088,0.5068607747060335,-0.04053710263486088,0.015114099867162611,7853
21006,-0.040639761005159675,0.13905055073278266,-0.040639761005159675,0.030947600664623598,7854
27681,-0.04065162102931286,0.5124761706346078,-0.04065162102931286,0.011695774129179548,7855
28641,-0.04070412895694042,0.8539812707453415,-0.04070412895694042,0.0,7856
25901,-0.04070939087855868,0.33464943372349515,-0.04070939087855868,0.014301344118048287,7857
20265,-0.04075760271123419,0.7167083253795632,-0.04075760271123419,-0.004840329006567723,7858
21156,-0.04080360376927662,0.019647112821759235,-0.04080360376927662,0.004819025676677469,7859
20530,-0.04096356332653256,0.3465133579743559,-0.04096356332653256,-0.01592005570932664,7860
21390,-0.0410282784204567,0.45084767459775543,-0.0410282784204567,0.02669998234791282,7861
26148,-0.04107526365505548,0.2628014469572226,-0.04107526365505548,0.025727950545735734,7862
22625,-0.04115446716961207,0.042103652469073334,-0.04115446716961207,0.06733576167279315,7863
26486,-0.041288171060990836,0.007347904192016541,-0.041288171060990836,-0.017651270805608882,7864
24355,-0.041374994874270876,0.3743707530667223,-0.041374994874270876,-0.01557024158344339,7865
25679,-0.041400285253721594,0.0047852812680105085,-0.041400285253721594,-0.0066037983269718326,7866
22954,-0.041788043511504225,0.4950122749864274,-0.041788043511504225,0.0,7867
27291,-0.041828455571875284,0.14668550810971492,-0.041828455571875284,-0.017760755199943135,7868
22080,-0.04193037082993453,0.2371123393018084,-0.04193037082993453,0.011077188579888486,7869
26616,-0.041938161130628565,0.24386930719313374,-0.041938161130628565,-0.000835776005802702,7870
27071,-0.041938253999785235,0.8817433169515516,-0.041938253999785235,0.0,7871
27789,-0.04197954123012371,0.7001682366268944,-0.04197954123012371,0.011790890760859485,7872
23172,-0.041995766178583215,0.03498113362290919,-0.041995766178583215,0.12743682891075775,7873
20281,-0.042114890618740145,0.034838767554098427,-0.042114890618740145,0.0637515181709496,7874
26457,-0.04233153325546701,0.2668727467516991,-0.04233153325546701,0.013044654239262543,7875
20083,-0.042351067497347405,0.7609865711318686,-0.042351067497347405,0.0,7876
25575,-0.04240056409413413,0.015692195284803794,-0.04240056409413413,-0.01574763534740997,7877
24075,-0.04240640155960118,0.30856565448563167,-0.04240640155960118,0.0032462144185260167,7878
20141,-0.042484390822942086,0.09813604119151595,-0.042484390822942086,-0.023307873836083737,7879
24304,-0.042493506556237015,0.2822629934952392,-0.042493506556237015,0.02682551311217518,7880
27839,-0.04250559981434021,0.8246065705708383,-0.04250559981434021,0.0017689485735006283,7881
22545,-0.04261210217063072,0.1983336752691159,-0.04261210217063072,0.015629639746847446,7882
21528,-0.042617241547979676,0.06675981013248944,-0.042617241547979676,0.013284541950805556,7883
29002,-0.0426634798040012,0.5683995058809821,-0.0426634798040012,0.024988424596358638,7884
24003,-0.04275319190127447,0.10635334057642024,-0.04275319190127447,-0.009298708735886063,7885
22838,-0.04291586831938293,0.3289313492723559,-0.04291586831938293,0.0044809615271305114,7886
26233,-0.04292810298490627,0.04740266779624624,-0.04292810298490627,0.020274738750151178,7887
21144,-0.04294095333542258,0.3950048235548059,-0.04294095333542258,0.0,7888
27007,-0.043052794816281215,0.01655266317219384,-0.043052794816281215,0.0037021795855732287,7889
25878,-0.04305700164304985,0.06480906314868229,-0.04305700164304985,0.03198686761997571,7890
22629,-0.04306560537160667,0.15927773786033192,-0.04306560537160667,0.07372133101091505,7891
21835,-0.04314761908843129,0.2572885517361506,-0.04314761908843129,0.03573842490704615,7892
28999,-0.043309665480697035,0.33373405301058334,-0.043309665480697035,0.02301821711589569,7893
26395,-0.04334724628928466,0.15447947156750877,-0.04334724628928466,0.05321729034520728,7894
23266,-0.04351389681303297,0.4339685917509861,-0.04351389681303297,0.028245927597657317,7895
29998,-0.043575416159051805,0.7179313943027443,-0.043575416159051805,0.022199908449266115,7896
22750,-0.04367992425811673,0.07915281683653788,-0.04367992425811673,0.0064213469412325586,7897
25925,-0.043705985636263094,0.008245118708581389,-0.043705985636263094,-0.01734981048592782,7898
20027,-0.04373169259210888,0.1973361106844624,-0.04373169259210888,0.03582061192342184,7899
28659,-0.043838214970917486,0.06818824771230952,-0.043838214970917486,0.04249505550171312,7900
27966,-0.04386918387455835,0.34468151053819657,-0.04386918387455835,-0.009584158783121355,7901
23032,-0.04391392190230292,0.4630729454913215,-0.04391392190230292,-0.001222275360218461,7902
25649,-0.04402409169435928,0.5127527931419548,-0.04402409169435928,0.016784959120105025,7903
29977,-0.04417712902073663,0.04683229389446006,-0.04417712902073663,0.05017333105347088,7904
26971,-0.044261732067058024,0.2851252600152189,-0.044261732067058024,0.014575131741442926,7905
28332,-0.044364205148864744,0.7718391924657014,-0.044364205148864744,3.067907325293717e-05,7906
27122,-0.044420116301678525,0.5474131681162541,-0.044420116301678525,0.015502328301950863,7907
24760,-0.0444611503964325,0.8205515291679071,-0.0444611503964325,0.0,7908
29546,-0.04448618874976394,0.04469061526162199,-0.04448618874976394,0.038227946605984,7909
21341,-0.04470476331919221,0.31064269178529685,-0.04470476331919221,0.01900107004483892,7910
22416,-0.044709333617543895,0.08918581450145774,-0.044709333617543895,0.01749422568556147,7911
28940,-0.04471535675165772,0.8197562583381608,-0.04471535675165772,-0.0061661279668714375,7912
27192,-0.044814528111736085,0.334292858350566,-0.044814528111736085,0.014131056205955062,7913
21060,-0.04485693466186519,0.18478090226269964,-0.04485693466186519,0.06675781715945567,7914
20931,-0.04511859440972105,0.28339683463371934,-0.04511859440972105,0.021488095116879713,7915
29933,-0.04531088925190996,0.58366615307901,-0.04531088925190996,-0.0022672421786579244,7916
27831,-0.045459408122947575,0.26494457600260246,-0.045459408122947575,-0.0024278162929627367,7917
26933,-0.04550485442853158,0.1815683171229146,-0.04550485442853158,-0.009078147991857854,7918
22188,-0.04550621106012042,0.012575398933870684,-0.04550621106012042,0.009187110844724511,7919
21191,-0.04551279341925962,0.3020405563104002,-0.04551279341925962,0.002657367704504421,7920
27027,-0.045527692302181955,0.41486786833294503,-0.045527692302181955,0.01609904522173955,7921
25039,-0.045576178137762796,0.22506275187239608,-0.045576178137762796,0.008205048143889115,7922
29144,-0.045579145205162735,0.16861635375278733,-0.045579145205162735,0.003677034069561602,7923
28781,-0.04562845658546219,0.006880338710308449,-0.04562845658546219,0.012956219498136523,7924
26096,-0.04564610765290128,0.3387056011804961,-0.04564610765290128,-0.0036665207571179304,7925
22092,-0.04566990930968157,0.28068735333171696,-0.04566990930968157,-0.002083278628564278,7926
25694,-0.04576484133287362,0.5738359845423812,-0.04576484133287362,0.02025322869871471,7927
20625,-0.04587871527294113,0.22406544788523336,-0.04587871527294113,-0.012003625118338968,7928
26843,-0.045892398394647954,0.1621833768625728,-0.045892398394647954,0.06640025693744772,7929
29418,-0.04605659039639416,0.09581124627627964,-0.04605659039639416,-0.011159341795887179,7930
24357,-0.046110811768207804,0.4424923777525577,-0.046110811768207804,-0.0022936297836042563,7931
20122,-0.046129321193913886,0.4891058260311656,-0.046129321193913886,-0.003839350146132625,7932
21647,-0.046162322235694386,0.5383658747013769,-0.046162322235694386,-0.010894418223364677,7933
28385,-0.04624932173650945,0.08726827931720554,-0.04624932173650945,-0.0016005620622875638,7934
25168,-0.046390907416095084,0.6458079239945501,-0.046390907416095084,0.011932714872536554,7935
22593,-0.04656325597488309,0.16546506431303362,-0.04656325597488309,0.002867978999038401,7936
25323,-0.046672141345921056,0.04185228401994075,-0.046672141345921056,0.14949805540902653,7937
23235,-0.04676493814747955,0.11668779320201635,-0.04676493814747955,-0.0030831339090209298,7938
24409,-0.046778198348208955,0.5191428719472585,-0.046778198348208955,-0.0023681159139200547,7939
26512,-0.046821212941404955,0.3703867916150872,-0.046821212941404955,0.029096881576281652,7940
25383,-0.04683124468602018,0.10310809161024087,-0.04683124468602018,0.03454990555315485,7941
24905,-0.04684264947059432,0.0029911415511562215,-0.04684264947059432,0.00201942119993187,7942
25416,-0.046905920813113844,0.4237319064869579,-0.046905920813113844,0.002984589861860787,7943
29758,-0.04722236679053926,0.13904709694461082,-0.04722236679053926,-0.007387662891911728,7944
29137,-0.04727340101741137,0.17004698871203017,-0.04727340101741137,0.014432065422239682,7945
25136,-0.04735158106492726,0.34124862242733334,-0.04735158106492726,-0.002311298338198542,7946
24828,-0.04747974225793611,0.2676094967077279,-0.04747974225793611,0.04493561489719439,7947
21578,-0.04749652952260228,0.006108156276793494,-0.04749652952260228,-0.0161363786903031,7948
29903,-0.0475600486609577,0.49960932101746486,-0.0475600486609577,0.01041613771918809,7949
28551,-0.047626729708279136,0.32796724657008947,-0.047626729708279136,0.005539238110564004,7950
23049,-0.047655282707962376,0.6189434050461254,-0.047655282707962376,0.02143171754227491,7951
28779,-0.047658164834480744,0.048321770232766355,-0.047658164834480744,0.03690568468683916,7952
28426,-0.047664293259758156,0.19929645597105108,-0.047664293259758156,0.03245556431308061,7953
28488,-0.047805421835700745,0.09148349906969055,-0.047805421835700745,0.05345507408412664,7954
23848,-0.0478190874169713,0.01814406196039702,-0.0478190874169713,-0.013450652261860818,7955
23377,-0.04790708121760251,0.140829343433982,-0.04790708121760251,-0.002426018833295851,7956
29864,-0.04810149316929915,0.15943096580236737,-0.04810149316929915,0.021830223294715012,7957
26932,-0.04818359270135081,0.1089847502481569,-0.04818359270135081,0.007539772927357469,7958
26322,-0.04836969565944521,0.26393436391050246,-0.04836969565944521,-0.003378298323779949,7959
29960,-0.04839027860646883,0.012114595016216877,-0.04839027860646883,-0.009871432278515724,7960
22301,-0.04845728704971017,0.08244205081927602,-0.04845728704971017,0.12788223912729946,7961
28844,-0.04847998999845465,0.25918297846346305,-0.04847998999845465,-0.007541320116052297,7962
20882,-0.04864342894456808,0.16387360813663865,-0.04864342894456808,-0.013331006962143843,7963
27518,-0.04865713488942611,0.07841701823432401,-0.04865713488942611,0.012761086337848615,7964
22870,-0.04872737489374768,0.38010899795066516,-0.04872737489374768,0.06859159817976279,7965
26510,-0.04872898211479493,0.3176076452438024,-0.04872898211479493,-0.010284438677475083,7966
24322,-0.04883518551839257,0.07504372832367229,-0.04883518551839257,0.022621264450048473,7967
26319,-0.0488756014790799,0.03107863388447215,-0.0488756014790799,0.014675445330103898,7968
22269,-0.048924744073104355,0.0273219454967353,-0.048924744073104355,-0.009476022480943036,7969
22607,-0.04895504688441232,0.3038005639795985,-0.04895504688441232,0.020876604867886117,7970
26596,-0.048985857496969626,0.04996433722877357,-0.048985857496969626,0.04510697350015508,7971
20032,-0.04900505795993226,0.47634270197370265,-0.04900505795993226,0.0,7972
28339,-0.04905253859246311,0.4738730515748459,-0.04905253859246311,0.015856321005279117,7973
24077,-0.04919453469786034,0.3309605072750144,-0.04919453469786034,0.013900419440431078,7974
20442,-0.04924946377391959,0.5310696162126871,-0.04924946377391959,0.013656100308077124,7975
20439,-0.04932153867712862,0.057462753206049384,-0.04932153867712862,-0.023726162357864844,7976
26175,-0.049350468137375286,0.011344100863904328,-0.049350468137375286,-0.0029696485414090756,7977
27138,-0.049513243077951574,0.5473327469821461,-0.049513243077951574,0.02312398070278332,7978
20325,-0.04956507418329638,0.07299634284346378,-0.04956507418329638,-0.0072089705781572255,7979
20401,-0.04961807804446228,0.3886873216536691,-0.04961807804446228,0.015452397890163838,7980
20755,-0.049721864509623334,0.06409564991193806,-0.049721864509623334,-0.013840504006782495,7981
25024,-0.04980006369915621,0.08957618679869181,-0.04980006369915621,0.02148155105254762,7982
22830,-0.04984744401203001,0.13661336215449937,-0.04984744401203001,-0.007797161024894084,7983
23767,-0.050039955966190736,0.2313674236948993,-0.050039955966190736,0.01060752300938722,7984
23190,-0.050068461916295645,0.07656939832471145,-0.050068461916295645,-0.0078067700745173,7985
23428,-0.05008455163491021,0.37659324982972364,-0.05008455163491021,0.006340364822379985,7986
21329,-0.050237297884309196,0.41556242456007697,-0.050237297884309196,0.003730990098785858,7987
28618,-0.05044839809338644,0.04084730214077677,-0.05044839809338644,-0.01353363309192196,7988
23427,-0.05045228577293834,0.009934832495903429,-0.05045228577293834,0.008987483234473431,7989
23908,-0.05054366461148953,0.028580904180950675,-0.05054366461148953,0.021996711993283624,7990
23527,-0.050629331949747,0.45194781328427264,-0.050629331949747,-0.002364119717578772,7991
20839,-0.050681951494054495,0.23827692884130533,-0.050681951494054495,-0.003781372084296797,7992
28567,-0.050795017225938044,0.7168471217906758,-0.050795017225938044,0.002382945081638055,7993
27164,-0.050802284521681784,0.6785308832789843,-0.050802284521681784,-0.0022633062336886445,7994
25022,-0.050861953876483845,0.33242175125117157,-0.050861953876483845,-0.015306685402639797,7995
22393,-0.05091137886320307,0.32498023327504455,-0.05091137886320307,-0.016839296732912012,7996
25570,-0.05097210527662971,0.018222787776288565,-0.05097210527662971,0.01660647414407143,7997
20467,-0.05104851682612943,0.07268646808949443,-0.05104851682612943,0.005013428316853252,7998
23051,-0.05110202576977249,0.14385596244865165,-0.05110202576977249,0.01592338722873088,7999
23219,-0.05111427297664467,0.31281855235759654,-0.05111427297664467,0.021944763236422193,8000
28665,-0.05118591585807597,0.2591536162136879,-0.05118591585807597,-0.002588251962861998,8001
28918,-0.05121766667053873,0.22158403438514418,-0.05121766667053873,-0.01570089572267852,8002
24063,-0.05126203855510497,0.44213379634650823,-0.05126203855510497,0.0007775561289478095,8003
28668,-0.05134227637607139,0.1251021900291186,-0.05134227637607139,0.009851771929443531,8004
20132,-0.05156959581727869,0.05425952294812774,-0.05156959581727869,0.004554661664617932,8005
23450,-0.051669232534070283,0.0254807532663497,-0.051669232534070283,0.030592059141252126,8006
24306,-0.051686163620120795,0.34160046123633103,-0.051686163620120795,-0.002427974156055668,8007
29569,-0.05169866036693338,0.052327118162699734,-0.05169866036693338,0.02868938682174882,8008
22765,-0.05174771489944785,0.12862377998905758,-0.05174771489944785,0.013645630734433423,8009
25118,-0.051769779351417744,0.4053128153535157,-0.051769779351417744,0.0,8010
20039,-0.05180977386866706,0.1552931116784187,-0.05180977386866706,0.0018890360627923375,8011
25172,-0.05190188818748265,0.2758912606272191,-0.05190188818748265,0.014363415058559814,8012
29785,-0.051944755713461466,0.716080369874658,-0.051944755713461466,0.0,8013
20593,-0.0521501221668661,0.44198459768814596,-0.0521501221668661,-0.01050123771858702,8014
27864,-0.052182191164958036,0.31770358485501,-0.052182191164958036,0.05549940248735058,8015
24097,-0.052283216085934836,0.3069883825651038,-0.052283216085934836,0.029773820791346994,8016
22644,-0.05234512091269872,0.2048878531371739,-0.05234512091269872,0.021539777286341544,8017
26804,-0.05237632984481022,0.6642769877565375,-0.05237632984481022,0.0005808556385292762,8018
27088,-0.0524012553267903,0.3716211119168242,-0.0524012553267903,0.00588919118556841,8019
28058,-0.05242238327724333,0.20522354123145406,-0.05242238327724333,0.025438559262986993,8020
26570,-0.0524951002127593,0.10702813009457235,-0.0524951002127593,-0.0021583899454483135,8021
28483,-0.05252769333095246,0.06270896928781682,-0.05252769333095246,0.04716316861849962,8022
26404,-0.05254980338934409,0.22668400334034847,-0.05254980338934409,-0.019886547353261008,8023
26259,-0.05259657361928078,0.03917500959523556,-0.05259657361928078,-0.0014245202081051567,8024
24781,-0.052703479598979724,0.09065834532771311,-0.052703479598979724,-0.02279715449856662,8025
28921,-0.05286023007879581,0.15068686900147252,-0.05286023007879581,-0.02823668688535269,8026
26439,-0.05293688286245357,0.3108297887289691,-0.05293688286245357,-0.008800292777597363,8027
24972,-0.052942473900424614,0.15633239120912157,-0.052942473900424614,0.01634786961491258,8028
24716,-0.05311388535707859,0.018105622379534298,-0.05311388535707859,0.07849383738762777,8029
21770,-0.053119931729831205,0.03256048640271704,-0.053119931729831205,-0.018948637991092143,8030
24851,-0.053124928788346626,0.6601308318615453,-0.053124928788346626,-0.0015621042097476723,8031
27579,-0.05315897377871548,0.06890484671246964,-0.05315897377871548,0.019489233829866615,8032
21868,-0.05324924867221682,0.01710167228761913,-0.05324924867221682,0.011463681743061477,8033
27117,-0.053311149423353965,0.2364900072046046,-0.053311149423353965,0.02935623163785117,8034
27622,-0.05336252983103494,0.08943967117024205,-0.05336252983103494,0.027278928850127837,8035
28292,-0.053366519922994696,0.0068619281852090284,-0.053366519922994696,-0.015111857657555045,8036
29756,-0.05356648633661292,0.05775621243639486,-0.05356648633661292,-0.0022655917494375233,8037
23304,-0.05356746444151053,0.10585695186101729,-0.05356746444151053,-0.0018177877535647258,8038
28030,-0.05365323580025122,0.2116623237473536,-0.05365323580025122,0.00707879982114773,8039
26664,-0.05366314281088572,0.22422728214855644,-0.05366314281088572,0.0193705278538997,8040
21636,-0.05367511820463766,0.025879029957738706,-0.05367511820463766,0.014243549695511643,8041
27133,-0.05377012361806777,0.2123063545808866,-0.05377012361806777,0.0,8042
25874,-0.05383879700234001,0.17329207200093552,-0.05383879700234001,0.01311791300281917,8043
29770,-0.053877256676030605,0.31036885953111054,-0.053877256676030605,0.029639597042731503,8044
22987,-0.054361312976659026,0.848061606697594,-0.054361312976659026,0.0,8045
22131,-0.054382419874568835,0.09378674903816002,-0.054382419874568835,0.005621673590016585,8046
22046,-0.054464367714605944,0.17774262135398025,-0.054464367714605944,0.04242137445144856,8047
29949,-0.054650504600404326,0.48035588757765324,-0.054650504600404326,-0.0044918379355752824,8048
23085,-0.0547778813444402,0.19514765874517542,-0.0547778813444402,0.01888299965050899,8049
29113,-0.05483387369762209,0.0033251645260049564,-0.05483387369762209,0.002713449801116957,8050
29008,-0.05491505808089597,0.022060142219161638,-0.05491505808089597,-0.00015784742264998708,8051
20715,-0.055020276721398836,0.23451830567506785,-0.055020276721398836,0.005518587954252252,8052
21685,-0.05504387157815083,0.29893737968965456,-0.05504387157815083,0.018949237605613622,8053
29281,-0.055074711720653466,0.052694505025639174,-0.055074711720653466,-0.03455581642884892,8054
27057,-0.055141280038922866,0.10144274707924424,-0.055141280038922866,0.00740783571121828,8055
23524,-0.05562166603130847,0.2762772099744723,-0.05562166603130847,0.06635335522284791,8056
24738,-0.05571813441624135,0.12097007780735985,-0.05571813441624135,-0.006071935508273896,8057
22474,-0.05581930416230063,0.5530954436593087,-0.05581930416230063,-0.011535453187784928,8058
28136,-0.05592643611593465,0.04600198284256002,-0.05592643611593465,-0.013370993697480793,8059
24974,-0.05601714003509563,0.11344361832962592,-0.05601714003509563,-4.7011527675888676e-05,8060
24848,-0.05609436269721518,0.012516794577010142,-0.05609436269721518,0.015089638589940252,8061
26860,-0.05610636793045923,0.17644932503381947,-0.05610636793045923,0.04822804474527498,8062
24554,-0.05611200897720292,0.3556718029056181,-0.05611200897720292,0.05675094879726811,8063
25664,-0.05619691150154531,0.02709594149820686,-0.05619691150154531,0.015997380613212903,8064
20751,-0.05634203091753909,0.2069441700977832,-0.05634203091753909,0.03806892647208582,8065
29380,-0.0564701696250316,0.1021464584005097,-0.0564701696250316,0.0711887939082064,8066
26178,-0.05652771642126106,0.06269507809216876,-0.05652771642126106,0.04456736476855461,8067
25736,-0.05660616793427363,0.014336496488680352,-0.05660616793427363,0.009472353017813517,8068
28839,-0.05664575140800472,0.09081568095653762,-0.05664575140800472,-0.0024144116027184914,8069
23567,-0.05683692292037723,0.5218525739447369,-0.05683692292037723,0.0,8070
29036,-0.056999208601800966,0.3565101481644778,-0.056999208601800966,0.009103593001143662,8071
20619,-0.05708469309202735,0.7213288091289223,-0.05708469309202735,0.0,8072
29219,-0.05714087672457091,0.26148613267544313,-0.05714087672457091,0.09295216906406162,8073
26505,-0.05718173621280487,0.2755866376914597,-0.05718173621280487,-0.0011257255371688868,8074
29558,-0.057201001389165784,0.41994736249670256,-0.057201001389165784,-0.009600671133501326,8075
29025,-0.05722728097455615,0.4625914346624405,-0.05722728097455615,-0.0014691236673288754,8076
28167,-0.05723770237655264,0.1061408775233008,-0.05723770237655264,0.0067293126038084905,8077
22082,-0.05725347863051472,0.22107852176376303,-0.05725347863051472,0.0042176855736704155,8078
21419,-0.0572645775694558,0.06664718009555468,-0.0572645775694558,-0.0021666327960933596,8079
21926,-0.057390095268608166,0.27250136134956954,-0.057390095268608166,0.021853729351297257,8080
21351,-0.057489723198668796,0.34832300690658874,-0.057489723198668796,0.024418596476913024,8081
29591,-0.0575089218873131,0.39088890570375673,-0.0575089218873131,0.007133864273860091,8082
25918,-0.05764763469646009,0.13153513003827033,-0.05764763469646009,0.012608677801160484,8083
21195,-0.05766891171963601,0.05841848973881816,-0.05766891171963601,-0.026218321797871202,8084
27307,-0.05771179339769411,0.16696967019386813,-0.05771179339769411,0.0025398459581879584,8085
29604,-0.05779462003478819,0.5792907575962445,-0.05779462003478819,0.007983828906363177,8086
22794,-0.0578068773816789,0.01865777001849934,-0.0578068773816789,-0.004779260051714501,8087
25599,-0.05782684716981687,0.19068653392355114,-0.05782684716981687,0.008542036834322864,8088
26113,-0.057834841267996956,0.19077770817693077,-0.057834841267996956,0.034903378343757896,8089
21839,-0.057914428228002246,0.49972917087349783,-0.057914428228002246,-0.005022442074517297,8090
21903,-0.05793881079516494,0.6646996930431036,-0.05793881079516494,0.0,8091
22816,-0.05797127635236121,0.3712391008112226,-0.05797127635236121,-0.004367244610672838,8092
27269,-0.05826838269902691,0.09447346199044394,-0.05826838269902691,0.005277096126630909,8093
29766,-0.058322339592193684,0.7406146227469663,-0.058322339592193684,0.0018633693769039006,8094
27625,-0.05841156414573101,0.3050470979237583,-0.05841156414573101,0.019599598042715716,8095
21656,-0.05842549753708015,0.37098865597635766,-0.05842549753708015,0.0161809394875414,8096
23135,-0.05843688630678062,0.06447312646372691,-0.05843688630678062,-0.011384719708155133,8097
20930,-0.05853005278217241,0.17621813736026853,-0.05853005278217241,0.010807305504705378,8098
29268,-0.05858050577747187,0.7717639931716924,-0.05858050577747187,-0.0021458355901541326,8099
21885,-0.05859268957952568,0.3380654315100243,-0.05859268957952568,0.0030422319845908596,8100
23801,-0.05869377693482419,0.2522741246552844,-0.05869377693482419,0.025167007872127167,8101
22725,-0.0587990595593563,0.2075979748374355,-0.0587990595593563,0.005651455706053021,8102
27567,-0.0588043407345098,0.21444737927712149,-0.0588043407345098,0.013205719588383902,8103
28413,-0.05886943842462958,0.15830232200874308,-0.05886943842462958,0.007251519642658633,8104
28468,-0.05890287505094577,0.1250255871492008,-0.05890287505094577,-0.00992417120371325,8105
23476,-0.058931484548077714,0.06895230644432158,-0.058931484548077714,-0.013539320987337122,8106
29678,-0.0589354344485159,0.21213781473742782,-0.0589354344485159,-0.019441926045901725,8107
28147,-0.05909968205092739,0.17877103201297753,-0.05909968205092739,0.059398073719394984,8108
20315,-0.05910466219341873,0.13794663844171426,-0.05910466219341873,0.02317185490876922,8109
27713,-0.05953060908765262,0.40390775530592044,-0.05953060908765262,0.0,8110
25433,-0.05953593962655132,0.13137530526777214,-0.05953593962655132,0.02158048747912794,8111
29686,-0.059564623731382216,0.29253750966156244,-0.059564623731382216,-0.009377903070664662,8112
28592,-0.06001126251696927,0.06675105349841091,-0.06001126251696927,0.0034961625923704553,8113
20554,-0.06002179691196924,0.2955558853845446,-0.06002179691196924,-0.0015694851002625576,8114
20752,-0.06011960314398183,0.055869722605096324,-0.06011960314398183,0.009160232555706083,8115
26767,-0.06026625096509847,0.36257670514154555,-0.06026625096509847,0.014223071936772858,8116
20291,-0.06046433846926197,0.3065405317305969,-0.06046433846926197,0.0012365986119285965,8117
22313,-0.060601968753057095,0.07020799282410153,-0.060601968753057095,0.01622957846704523,8118
21322,-0.06064946006670768,0.4798868189138218,-0.06064946006670768,0.023511589918344455,8119
25815,-0.060799000074293286,0.26602173559106373,-0.060799000074293286,-0.030769129020000563,8120
23599,-0.06107757497844413,0.7305449771257643,-0.06107757497844413,0.00380279988448895,8121
21988,-0.061089530569129136,0.35967519657916,-0.061089530569129136,3.529243095423684e-05,8122
29963,-0.06114722792363236,0.03828973499643324,-0.06114722792363236,0.0010968845653482051,8123
27722,-0.061307328949062614,0.12398814546633331,-0.061307328949062614,-0.01228979212934278,8124
23652,-0.06153246288843506,0.6935198293712419,-0.06153246288843506,-0.0022870180713314703,8125
26193,-0.061542118682999344,0.10739892148413104,-0.061542118682999344,0.04607736358170256,8126
27574,-0.06156878823516862,0.22024126186526052,-0.06156878823516862,0.03649999017213895,8127
28666,-0.061632697145384774,0.24679704785219297,-0.061632697145384774,0.028438579641536066,8128
23962,-0.06163717016294057,0.4081138504793657,-0.06163717016294057,-0.008720434912774522,8129
24776,-0.06164661408278538,0.28608380192174143,-0.06164661408278538,0.008086323001229079,8130
29026,-0.06166268226988397,0.2035256010765948,-0.06166268226988397,0.0016727960197265301,8131
22364,-0.0617615456474474,0.4305840268952492,-0.0617615456474474,0.010972793899761357,8132
28967,-0.06187726312739267,0.31416066178264324,-0.06187726312739267,0.025245847033004754,8133
22648,-0.06189839528722513,0.17099547938606385,-0.06189839528722513,-0.004126284781929224,8134
25505,-0.06198200020976072,0.19781897637978643,-0.06198200020976072,0.014814231789560317,8135
24556,-0.062182332779485885,0.07439218584563194,-0.062182332779485885,0.038905053532954426,8136
24344,-0.06238824018169409,0.16500918527851519,-0.06238824018169409,0.0,8137
26585,-0.062430104351372084,0.2765942978488038,-0.062430104351372084,0.005397907937067625,8138
25710,-0.06249135462993354,0.05677084717351737,-0.06249135462993354,0.023165505028713562,8139
21592,-0.06264729947307737,0.053164360184406435,-0.06264729947307737,-0.009491693929047057,8140
22386,-0.063012171937361,0.039149016207762906,-0.063012171937361,0.0641801802621989,8141
25869,-0.0630770624236906,0.6713228924889384,-0.0630770624236906,-0.0038784996453608,8142
28712,-0.0631559564021883,0.24098247443989818,-0.0631559564021883,0.010340625124282965,8143
28305,-0.06317219853159717,0.6617913283494503,-0.06317219853159717,0.0,8144
23305,-0.06318965447372707,0.011759012037521173,-0.06318965447372707,-0.023767332106519323,8145
20366,-0.06320105150594618,0.28080573218991217,-0.06320105150594618,-0.003915934367785701,8146
29223,-0.0634454751211993,0.10655053857498828,-0.0634454751211993,0.002022569917129957,8147
22671,-0.06345743890708994,0.3441875085850115,-0.06345743890708994,0.007125260009419598,8148
22678,-0.06349566636176321,0.2306984660440601,-0.06349566636176321,-0.005945711900693484,8149
25164,-0.06359632331827292,0.4092364840033627,-0.06359632331827292,0.0022089113469500044,8150
28833,-0.06364567137446189,0.02478772557240414,-0.06364567137446189,-0.024464755090190138,8151
24125,-0.06389069539961204,0.23340032581340134,-0.06389069539961204,-0.01456062828557475,8152
24842,-0.06394019076520152,0.574502895142315,-0.06394019076520152,0.007984378007350856,8153
24844,-0.06406799314581998,0.16306157802199936,-0.06406799314581998,-0.009071692540411236,8154
22079,-0.06411009915110732,0.47879790217278984,-0.06411009915110732,0.012784699847591341,8155
28371,-0.06414293056343345,0.4463354564388018,-0.06414293056343345,0.00946335330082232,8156
28409,-0.0643671151257445,0.14107842495802236,-0.0643671151257445,0.07184869804020033,8157
29585,-0.06456320773333457,0.6325011906049313,-0.06456320773333457,-0.00815301466849061,8158
20542,-0.06467884099927569,0.10352758819026615,-0.06467884099927569,0.019554381297887974,8159
23932,-0.06471274629006918,0.5639057752957326,-0.06471274629006918,0.023485984588589193,8160
24505,-0.06485264561829135,0.402399998905672,-0.06485264561829135,0.03754008046114543,8161
28225,-0.06493492770981213,0.5885896006115408,-0.06493492770981213,0.002725072468772405,8162
22168,-0.06515507331789172,0.598748071661998,-0.06515507331789172,0.009754454279724545,8163
20651,-0.06516497355380158,0.21323135060790832,-0.06516497355380158,0.00640994968120856,8164
20869,-0.06528403182106163,0.2548935352598469,-0.06528403182106163,0.0008116846212719575,8165
22919,-0.06528715922608472,0.061191161722602555,-0.06528715922608472,-0.01578614546109358,8166
24149,-0.0654260691252932,0.23618474386073046,-0.0654260691252932,-0.0017103910407102463,8167
25186,-0.0655282638071048,0.25713996461498895,-0.0655282638071048,0.015728502781012454,8168
27978,-0.06576446635964445,0.26709197955183167,-0.06576446635964445,-0.001991818371080978,8169
23734,-0.06588120984112439,0.28541435032394313,-0.06588120984112439,-0.005276875257501479,8170
21560,-0.06595468430109383,0.2449253847444269,-0.06595468430109383,0.009953655604306444,8171
27449,-0.06601199737053237,0.4552671560732439,-0.06601199737053237,0.052725539840521696,8172
20437,-0.06621620720036658,0.11305847045509057,-0.06621620720036658,0.012153537196632591,8173
20919,-0.06638710390312708,0.6105028301529801,-0.06638710390312708,0.0018424117906532533,8174
22415,-0.06650872807858588,0.6335113287144791,-0.06650872807858588,0.001325366598715294,8175
25997,-0.06672251552567637,0.49118749506372367,-0.06672251552567637,-0.004026145831466765,8176
20764,-0.06696011789353488,0.06745574312705384,-0.06696011789353488,0.014698486782732334,8177
27673,-0.06696584579023755,0.06746116515640739,-0.06696584579023755,0.009415425487085682,8178
24126,-0.0670058715214603,0.01357036287561075,-0.0670058715214603,0.005763537039384314,8179
29723,-0.06706171180891057,0.031316017313905535,-0.06706171180891057,0.0019702733704654585,8180
21552,-0.06711812041398657,0.6303175512474452,-0.06711812041398657,0.01676034406544169,8181
28253,-0.06712292090586286,0.34040547131678095,-0.06712292090586286,0.014155189937559709,8182
26307,-0.06730803887294112,0.6303269284683064,-0.06730803887294112,-0.007275750231061862,8183
27623,-0.06741091903710929,0.12239002898683711,-0.06741091903710929,0.03297896867999334,8184
24349,-0.06759774835005503,0.07161036137772234,-0.06759774835005503,-0.03935674522294791,8185
26313,-0.0677717094635272,0.1256772477000089,-0.0677717094635272,0.0015443603048412857,8186
28264,-0.06778089700494347,0.13824781229552321,-0.06778089700494347,-0.030634600693766112,8187
29850,-0.0680309596714882,0.5276774976390214,-0.0680309596714882,-0.013674078077639651,8188
20427,-0.06807529510117388,0.3192189202112106,-0.06807529510117388,0.0044013356580148155,8189
23096,-0.06814979803341681,0.34107630709808967,-0.06814979803341681,0.01779908098148114,8190
27380,-0.06822171564569401,0.6708854925968318,-0.06822171564569401,0.013944900707942853,8191
25699,-0.06835998842107727,0.2442419097617431,-0.06835998842107727,-0.01651235252903771,8192
28073,-0.0683870158407271,0.13793263889576968,-0.0683870158407271,0.022270688597473554,8193
21289,-0.06860789249139584,0.021224663421861658,-0.06860789249139584,-0.01784947353419325,8194
21437,-0.06873875682147595,0.3528816733103217,-0.06873875682147595,0.009024314161129365,8195
23127,-0.06879326458702334,0.1872782875645851,-0.06879326458702334,0.03744584526842021,8196
22732,-0.06880413903987084,0.2181165564867881,-0.06880413903987084,0.011161977902453935,8197
20854,-0.06893854923320031,0.25908426208204094,-0.06893854923320031,-0.018589201094086183,8198
24669,-0.06905527681765355,0.04410157506565596,-0.06905527681765355,0.10344632256566044,8199
27944,-0.06908469076480075,0.1902012408200133,-0.06908469076480075,0.0025669720391639506,8200
22366,-0.06917324701752547,0.5068015545719123,-0.06917324701752547,-0.008881487254467246,8201
24136,-0.06923749561303727,0.39469965936327833,-0.06923749561303727,0.003310107434245535,8202
20416,-0.06926603359686326,0.1892829835419053,-0.06926603359686326,-0.0018661511203792447,8203
29992,-0.06940609695351369,0.2501136010230744,-0.06940609695351369,0.0016736132855592334,8204
27905,-0.06942299074987582,0.046502494857035954,-0.06942299074987582,0.011909266774095262,8205
21016,-0.06958826110379362,0.14575597068057852,-0.06958826110379362,0.035061135514095565,8206
22854,-0.06960186458380446,0.0048268358755946626,-0.06960186458380446,-0.008982846107088271,8207
24488,-0.06961283975321679,0.10574801367189064,-0.06961283975321679,0.007165902613059105,8208
22856,-0.06961803469274847,0.18128259331322577,-0.06961803469274847,0.005479764733085091,8209
25724,-0.06969270368764299,0.02497883164625895,-0.06969270368764299,-0.013867028571392992,8210
28162,-0.06973593129324185,0.5964103210687791,-0.06973593129324185,0.0017010256869822715,8211
24054,-0.07003321931018272,0.16309340438480974,-0.07003321931018272,0.03806831174004127,8212
29633,-0.0700840685977045,0.1700969127794251,-0.0700840685977045,0.010683000462508585,8213
29048,-0.0700995241111721,0.3626872393115882,-0.0700995241111721,0.007348098505753353,8214
20954,-0.07012423435190857,0.44971724818757414,-0.07012423435190857,-0.00516287561089368,8215
29027,-0.0702452278267113,0.1042686042480741,-0.0702452278267113,0.01637627566267985,8216
27617,-0.07024821131094355,0.39391087552151927,-0.07024821131094355,0.03914990182928946,8217
21310,-0.07043260917988291,0.09176659222394908,-0.07043260917988291,0.029971097869880725,8218
28429,-0.07054248615400079,0.01648148560112847,-0.07054248615400079,-0.01120995742393277,8219
22627,-0.07054393997549299,0.18400273243225798,-0.07054393997549299,0.04506271539054385,8220
27597,-0.07061806261742831,0.3994480803700309,-0.07061806261742831,0.0045426338418960155,8221
26058,-0.07067686807527829,0.5996022665183844,-0.07067686807527829,-0.002317005826387053,8222
21211,-0.07073434017215557,0.16543621753499022,-0.07073434017215557,0.034510606437036295,8223
20906,-0.07088428328799934,0.35838276965736304,-0.07088428328799934,0.04297565421906102,8224
28998,-0.07106404799467524,0.11146318908794174,-0.07106404799467524,-0.01113375661278182,8225
29295,-0.0711083432932306,0.04695007088214308,-0.0711083432932306,0.09379355341683585,8226
22507,-0.07156701082713901,0.16730464347279392,-0.07156701082713901,0.012339672441019689,8227
25614,-0.07171897750817005,0.16543375411912323,-0.07171897750817005,0.019146442649334128,8228
20516,-0.07178535639829275,0.2932419373278069,-0.07178535639829275,0.013874981269806186,8229
28124,-0.07178690035263019,0.3023299953950659,-0.07178690035263019,0.007342991866914339,8230
20101,-0.07181000385215908,0.3757428091070683,-0.07181000385215908,0.03163712431092858,8231
20842,-0.07188878485845274,0.5651855448990809,-0.07188878485845274,-0.0007674575286689134,8232
22776,-0.07211633620017266,0.29737032562139887,-0.07211633620017266,-0.0036985331562194856,8233
23385,-0.07220131997173151,0.1910799045235962,-0.07220131997173151,0.0302249220649618,8234
20920,-0.07235074186219707,0.07658897746063865,-0.07235074186219707,-0.012371117700073264,8235
28423,-0.07250318136609946,0.4839451090523076,-0.07250318136609946,0.025257797178483643,8236
22691,-0.07252445141702757,0.28508558749022844,-0.07252445141702757,0.006897331325013634,8237
22484,-0.072594700501244,0.047086285057031135,-0.072594700501244,-0.0023189920162104416,8238
23676,-0.07264950181009028,0.41906257068927794,-0.07264950181009028,0.0006620215937137575,8239
25475,-0.0727681805947423,0.14401482037259583,-0.0727681805947423,-0.014411713653334934,8240
25969,-0.07288554895340121,0.2963733064386305,-0.07288554895340121,0.023258868644115582,8241
27641,-0.07308684670880602,0.19659778439924078,-0.07308684670880602,0.004785289228674494,8242
20596,-0.07317608164416944,0.36446289046835434,-0.07317608164416944,0.015400804903438814,8243
24895,-0.07330613720196288,0.3761624182191347,-0.07330613720196288,-0.001248701335468172,8244
28882,-0.0733167869915955,0.14894423309220814,-0.0733167869915955,0.06779412514546054,8245
26398,-0.07342520473736702,0.5677340551625035,-0.07342520473736702,0.012873227726705072,8246
21669,-0.07346693675116872,0.38325163405046947,-0.07346693675116872,0.0023077526353249,8247
24016,-0.07349227678765113,0.210156530593347,-0.07349227678765113,0.03198220355092962,8248
23653,-0.07359598777908072,0.5260804360369326,-0.07359598777908072,-0.003279340790665386,8249
24431,-0.07361903133486344,0.2060706015478532,-0.07361903133486344,0.06283523779572608,8250
21940,-0.07372465443537163,0.4578236685217571,-0.07372465443537163,0.0005544829075209146,8251
28777,-0.07372730431876301,0.03635290657652653,-0.07372730431876301,0.0078072377142656135,8252
22842,-0.07379501369675873,0.3937482952911033,-0.07379501369675873,0.018550653452721666,8253
22058,-0.07380396349468996,0.02520728181216362,-0.07380396349468996,0.04233382576014619,8254
26085,-0.0740644729448644,0.2644678230235191,-0.0740644729448644,0.0271714063615765,8255
25092,-0.07415477687745264,0.307711688666323,-0.07415477687745264,0.009384248807200346,8256
29138,-0.07415994999651983,0.032086130662071735,-0.07415994999651983,-0.00035386697001660306,8257
29105,-0.07417015519438874,0.15955661497473578,-0.07417015519438874,0.05379962799365845,8258
23469,-0.07418184982453979,0.622283695709664,-0.07418184982453979,0.006674431453608021,8259
29059,-0.0742164177755657,0.3036596948654046,-0.0742164177755657,0.004658536751134479,8260
21253,-0.07422975651027607,0.01173484271011992,-0.07422975651027607,-0.0011431963499810571,8261
22911,-0.07425471593734112,0.5615304029835516,-0.07425471593734112,-0.0023083050716700138,8262
22513,-0.07433482143796684,0.04810494074074197,-0.07433482143796684,0.003528485529681158,8263
25492,-0.07435847821281485,0.11973055993450155,-0.07435847821281485,0.008228613483881764,8264
25735,-0.07443013421213185,0.4545426232893429,-0.07443013421213185,0.018149816777399297,8265
21646,-0.07462186256801107,0.5100381935623265,-0.07462186256801107,0.021340381317789814,8266
21994,-0.0746830663673962,0.087092484523224,-0.0746830663673962,0.05361747243031045,8267
23416,-0.07485067185786502,0.09601547927589206,-0.07485067185786502,-0.009142393361072698,8268
23530,-0.07490931112837484,0.6840141313323116,-0.07490931112837484,-0.00032437732616963366,8269
24809,-0.07501061536369096,0.08653318738394129,-0.07501061536369096,0.04852672595075927,8270
23770,-0.07546237290049229,0.5640452952994687,-0.07546237290049229,0.0,8271
25612,-0.07552323944475625,0.6354352454109554,-0.07552323944475625,0.004603338423297354,8272
20073,-0.0755956433575869,0.006092225089649568,-0.0755956433575869,0.011383156466014094,8273
25600,-0.07562283972391626,0.554017561408264,-0.07562283972391626,0.00820046472171776,8274
25539,-0.07570482946383347,0.0432945457712555,-0.07570482946383347,-0.000822375136677933,8275
20275,-0.0757254757000976,0.07944620171499164,-0.0757254757000976,0.039470646473763804,8276
29345,-0.07584301421864614,0.34053870028802696,-0.07584301421864614,0.0518651836264753,8277
25296,-0.07608275286935184,0.531890032251992,-0.07608275286935184,0.003476759915613803,8278
24494,-0.07611606423475714,0.35931255864937744,-0.07611606423475714,0.019744547757085784,8279
21965,-0.0761807352954893,0.333301199566415,-0.0761807352954893,0.004576356563838313,8280
20653,-0.07620284027076252,0.6710260401131533,-0.07620284027076252,-0.0031979498878130785,8281
22134,-0.07629072500557021,0.5883117070336777,-0.07629072500557021,0.018208636471269246,8282
25557,-0.07629179237563477,0.086228302128462,-0.07629179237563477,0.0,8283
24956,-0.07644722337230694,0.1334638027711808,-0.07644722337230694,-0.004496586541952119,8284
23138,-0.07647665438214651,0.07742259614964628,-0.07647665438214651,0.05237253646974285,8285
24655,-0.0764888900512693,0.1377854398555133,-0.0764888900512693,-0.0035486753514065716,8286
22504,-0.07655819751079063,0.18912988262449076,-0.07655819751079063,0.037825977027864055,8287
22396,-0.07669653766697383,0.011426455965368006,-0.07669653766697383,0.006342417493708646,8288
22498,-0.07684403291196618,0.735907429181936,-0.07684403291196618,0.01834638071463035,8289
24255,-0.07708125228362818,0.03657311294212674,-0.07708125228362818,0.06759383130626917,8290
21838,-0.07711529837421459,0.11729253243446745,-0.07711529837421459,0.011661066335192871,8291
25932,-0.07719654589873415,0.38132569183588955,-0.07719654589873415,0.01469415199268631,8292
28677,-0.07733594072882052,0.21989356193671858,-0.07733594072882052,-0.007387981060068105,8293
22853,-0.07760169913636872,0.2611330915076398,-0.07760169913636872,0.037761359296539565,8294
23837,-0.07768929904355387,0.3296598686493456,-0.07768929904355387,0.009969846051740228,8295
20972,-0.07784178840517755,0.13120169275042864,-0.07784178840517755,-0.009827636151653496,8296
25182,-0.07802920674765723,0.769985344688948,-0.07802920674765723,0.0,8297
26488,-0.07804647008907514,0.1423748571282501,-0.07804647008907514,-0.00444080231030064,8298
20006,-0.07820219421283653,0.3732570614867224,-0.07820219421283653,0.007774989402550503,8299
28990,-0.07838606733923023,0.2243783810691711,-0.07838606733923023,0.021384923554509494,8300
28235,-0.078424990190052,0.6648436968106297,-0.078424990190052,-0.008814296294196056,8301
20677,-0.07843815148335331,0.5180147731490461,-0.07843815148335331,0.010835617799738961,8302
24441,-0.07847081408678191,0.27973256566311555,-0.07847081408678191,0.006013359899178172,8303
21545,-0.07852099711154115,0.5948547696859355,-0.07852099711154115,0.0,8304
27384,-0.07859245855208909,0.06568759674597578,-0.07859245855208909,0.02168070391114607,8305
21659,-0.07865757845797586,0.021659598387953886,-0.07865757845797586,0.05179108364928173,8306
21860,-0.07865995171527673,0.351798730382975,-0.07865995171527673,0.0,8307
29134,-0.07876191028930696,0.46147293870753864,-0.07876191028930696,-0.005761752214682836,8308
23656,-0.07886993806789723,0.10990269860038286,-0.07886993806789723,0.02399222865770334,8309
27102,-0.07888094261841642,0.11181688952245923,-0.07888094261841642,0.006562587417394405,8310
24276,-0.0789883164284167,0.47825314014369297,-0.0789883164284167,0.005099802912176599,8311
25117,-0.07901487491826642,0.5036722191438375,-0.07901487491826642,0.01664229477741186,8312
20577,-0.07913753362279563,0.013407171869160774,-0.07913753362279563,0.011082037140386775,8313
21540,-0.07923334261055924,0.029702040313114703,-0.07923334261055924,-0.00285388846443807,8314
21418,-0.0793114438073298,0.2989195093190413,-0.0793114438073298,0.0001336673727071469,8315
26706,-0.07932666618591389,0.06338165026195941,-0.07932666618591389,-0.014356865496862603,8316
20031,-0.07936867275967985,0.7220996163748258,-0.07936867275967985,0.0056356085615902884,8317
29215,-0.07939909695812929,0.08901321211857983,-0.07939909695812929,-0.009548182799102384,8318
22011,-0.07966785645325103,0.2761439932661842,-0.07966785645325103,-0.015522970820557258,8319
29352,-0.07972174818367336,0.13293633106874933,-0.07972174818367336,-0.0018569459627899576,8320
22418,-0.0797713431085601,0.4800081486246221,-0.0797713431085601,0.012025530953271746,8321
25533,-0.07995724036806064,0.07697924035853758,-0.07995724036806064,-0.005455053367707574,8322
28466,-0.07998538586661129,0.06523884996219408,-0.07998538586661129,-0.014168108898818338,8323
24449,-0.08005856836718506,0.7118825926645495,-0.08005856836718506,0.0,8324
24506,-0.08037148183843046,0.17032153998360128,-0.08037148183843046,0.000491732398635758,8325
29574,-0.08048941487906724,0.6469981874877552,-0.08048941487906724,-0.01930791480037447,8326
25748,-0.08060546922299477,0.2993268358943396,-0.08060546922299477,0.01943125701345161,8327
29199,-0.08074721075139568,0.3735901141005565,-0.08074721075139568,-0.011762061140757618,8328
26784,-0.08077469358682882,0.2297892374158405,-0.08077469358682882,0.00014511879003409334,8329
23386,-0.08079848205629193,0.10324273148250666,-0.08079848205629193,-0.0007449140154602851,8330
21843,-0.08087997234355411,0.007152956333054895,-0.08087997234355411,0.007987122591618379,8331
20399,-0.0809550263132886,0.16782086725760315,-0.0809550263132886,-0.029356728209271293,8332
27418,-0.08096251771806268,0.023242236992779296,-0.08096251771806268,-0.00952612649620263,8333
28774,-0.08111052912138558,0.19632846197930362,-0.08111052912138558,0.004850265168468482,8334
23869,-0.08111888853757215,0.3603611522897423,-0.08111888853757215,0.017375796631100893,8335
21331,-0.08117586473488936,0.6570769364651324,-0.08117586473488936,0.002779459950618901,8336
25054,-0.08119162167567717,0.23331443765686438,-0.08119162167567717,0.007824681884569695,8337
29807,-0.08119815405011471,0.06426849672367949,-0.08119815405011471,0.009435454823370437,8338
28469,-0.08122409946559161,0.5337713443066557,-0.08122409946559161,-0.0024091476041722126,8339
25583,-0.0812552222351029,0.45784558464777864,-0.0812552222351029,-0.0012393419416881768,8340
22683,-0.08131760742923316,0.2398581736531128,-0.08131760742923316,0.024206812017659896,8341
28707,-0.08148248863047367,0.07517685710574395,-0.08148248863047367,0.025639378820837777,8342
24257,-0.0814905580934564,0.13059583013750756,-0.0814905580934564,0.06195205234124945,8343
20576,-0.08227295734721041,0.3845102090187333,-0.08227295734721041,0.016951305936086736,8344
29535,-0.08227661483834128,0.24987131642706803,-0.08227661483834128,0.030001745155965875,8345
22524,-0.08245378219023772,0.20586080035339652,-0.08245378219023772,-0.017058357957221992,8346
21430,-0.08250180124295746,0.09457617662187114,-0.08250180124295746,0.09851375872145746,8347
26981,-0.0825061393152308,0.11643638150007961,-0.0825061393152308,0.023047607295395844,8348
20011,-0.08258964949582454,0.2535075577138916,-0.08258964949582454,0.007955807884922061,8349
27600,-0.08280502705423692,0.3128687486663,-0.08280502705423692,-0.005059122803115046,8350
28947,-0.08298881642578304,0.37868699816258977,-0.08298881642578304,0.009993555435526269,8351
28647,-0.0830930719941943,0.4125621601665398,-0.0830930719941943,-0.006113649568232682,8352
22899,-0.08311636002779904,0.18968951028876507,-0.08311636002779904,0.0058710959477553115,8353
29095,-0.08326645287072995,0.19432296292442128,-0.08326645287072995,0.01470401389824949,8354
27074,-0.08333353085219447,0.33672039297921524,-0.08333353085219447,-0.020203140175078238,8355
23925,-0.08345260339295145,0.09237115627549851,-0.08345260339295145,0.006469811380373891,8356
21781,-0.08353928757934659,0.45047568690081885,-0.08353928757934659,0.0,8357
23397,-0.08360175686384694,0.049089803690805955,-0.08360175686384694,0.007623768602647046,8358
20089,-0.08381193112985352,0.7753441867261084,-0.08381193112985352,0.0,8359
24315,-0.08392101383638745,0.367406905365483,-0.08392101383638745,0.009681180291887692,8360
24614,-0.08406391143692188,0.14263412378068224,-0.08406391143692188,0.005411484023730095,8361
24943,-0.08412412297146703,0.09112765231563484,-0.08412412297146703,0.005066555556912933,8362
20621,-0.08422315569519417,0.36556091095644394,-0.08422315569519417,-0.020449323255639973,8363
21439,-0.08435176696226365,0.009601422001593635,-0.08435176696226365,0.0076873149485375825,8364
20459,-0.08445835109966038,0.24941593082490326,-0.08445835109966038,0.010088796715391313,8365
27021,-0.08452882971030917,0.16963253830086023,-0.08452882971030917,0.0065491264927889925,8366
24090,-0.08455915072781561,0.4873818035910491,-0.08455915072781561,0.010214696361309339,8367
23233,-0.0846618492056871,0.05362291626794265,-0.0846618492056871,-0.005362058587292051,8368
22476,-0.0847034562732043,0.2951364857067824,-0.0847034562732043,0.017501854036075293,8369
20404,-0.0847427784780597,0.12723611403961116,-0.0847427784780597,0.021916009467660535,8370
23407,-0.08493362337640269,0.045439745692897035,-0.08493362337640269,-0.015412805166243881,8371
24858,-0.08502443460799822,0.13573585494896995,-0.08502443460799822,0.04453033788599037,8372
22305,-0.08509438735664016,0.2734508715801154,-0.08509438735664016,-0.0023437325460744507,8373
22010,-0.08509847943327153,0.2984809765546579,-0.08509847943327153,0.11391409270333924,8374
21571,-0.08514662672698459,0.6654781967722272,-0.08514662672698459,0.02565075223669422,8375
25588,-0.0851687522173149,0.3994734309124126,-0.0851687522173149,0.004455961502622396,8376
26163,-0.08520677088501283,0.1364633228062159,-0.08520677088501283,0.00231780541633142,8377
20455,-0.0852646266084018,0.12061859069211743,-0.0852646266084018,0.011374648895783823,8378
22458,-0.08544126889615561,0.07231302407318935,-0.08544126889615561,0.018687762913410788,8379
23312,-0.08569111055409329,0.23148136894380927,-0.08569111055409329,0.06230609893384342,8380
25133,-0.08588102997775948,0.6625090581898754,-0.08588102997775948,0.012749398145382562,8381
20966,-0.08591846001127301,0.2806611322485589,-0.08591846001127301,0.004031335880876841,8382
27509,-0.08607188179485964,0.13028300830130748,-0.08607188179485964,0.020552312232629655,8383
23295,-0.08609679191453545,0.510056502580685,-0.08609679191453545,0.013290155490895628,8384
24722,-0.08634736764754503,0.33546015791689293,-0.08634736764754503,0.03738010288712612,8385
26327,-0.08667185711005249,0.4094898549250282,-0.08667185711005249,-0.002426444000569461,8386
27396,-0.08682256691602275,0.11898324709637975,-0.08682256691602275,-0.004053989047176021,8387
29646,-0.08682862959785945,0.2140496708440546,-0.08682862959785945,-0.020537954175790296,8388
22223,-0.08714268317708396,0.09297107688916911,-0.08714268317708396,0.004080801237824339,8389
25089,-0.0872445273186167,0.2593720008809002,-0.0872445273186167,0.01993431472060092,8390
25517,-0.08733427615313116,0.17821564914000015,-0.08733427615313116,0.0018063579854435963,8391
28042,-0.08754713823703178,0.04266332708215136,-0.08754713823703178,-0.019858395979578586,8392
29724,-0.08763418757302777,0.05766864922830426,-0.08763418757302777,0.012209401958406418,8393
21452,-0.08767784110704119,0.37905153468811453,-0.08767784110704119,0.03901663584244308,8394
22777,-0.08814370316596754,0.6403896837170165,-0.08814370316596754,0.012601133359733008,8395
29556,-0.08823804073647373,0.24499058041407112,-0.08823804073647373,0.006196134064187286,8396
21844,-0.08832022714642151,0.04597283520795703,-0.08832022714642151,-0.018153403947863467,8397
20779,-0.08832459799592529,0.47466642940239157,-0.08832459799592529,0.0018397535870544601,8398
27155,-0.0883757685380534,0.0517466691379209,-0.0883757685380534,0.10805081357711147,8399
21508,-0.08839052919822987,0.60944956977754,-0.08839052919822987,0.013320414413932058,8400
22703,-0.08840449337880232,0.10981425199756739,-0.08840449337880232,0.008478145699696793,8401
28587,-0.08856351569329582,0.05459636687912784,-0.08856351569329582,-0.013182100222094706,8402
25449,-0.08882277339455573,0.10678210364799544,-0.08882277339455573,0.018941241178836,8403
22403,-0.08883868852694254,0.3594737211374199,-0.08883868852694254,0.0,8404
25909,-0.08906731760846281,0.45441078251515016,-0.08906731760846281,-0.00029864340337415474,8405
26420,-0.08907209319099282,0.08209365136497254,-0.08907209319099282,0.02783332382067183,8406
24872,-0.08909952831453177,0.28977675466946395,-0.08909952831453177,0.017880823394350542,8407
25144,-0.08911654295377976,0.09565991373222497,-0.08911654295377976,0.007254603883699862,8408
24705,-0.08916622344715217,0.030794776389453122,-0.08916622344715217,0.005229868146957112,8409
29463,-0.0893103783022009,0.2279967994721968,-0.0893103783022009,0.025118977031095224,8410
23594,-0.0893615911331791,0.19604950477187777,-0.0893615911331791,-0.0023115124181180557,8411
25321,-0.08958671338434376,0.7302798397996424,-0.08958671338434376,0.0,8412
27145,-0.08959859807542103,0.03394734611394289,-0.08959859807542103,0.004956777272291185,8413
28034,-0.08968420666677238,0.05386018938361303,-0.08968420666677238,-0.0024214573797879946,8414
22339,-0.08969204122211563,0.21257074650827792,-0.08969204122211563,0.027057015354191805,8415
22405,-0.08973904491930657,0.25513375493118173,-0.08973904491930657,0.018815026735127027,8416
23552,-0.08977933414846284,0.13303368948188507,-0.08977933414846284,0.0038246428469595473,8417
22171,-0.08989748545866233,0.3976008930541578,-0.08989748545866233,0.027626507439796555,8418
29658,-0.08995267004970618,0.03658558336196681,-0.08995267004970618,0.010102767956043923,8419
28432,-0.0903035990677582,0.37429133235068685,-0.0903035990677582,0.006905759099697706,8420
20837,-0.0904234508612765,0.024770554759560356,-0.0904234508612765,0.010295223448287455,8421
20363,-0.09045736415769065,0.06580374154510646,-0.09045736415769065,0.005722688458183411,8422
25953,-0.09061306875208291,0.4517591979385675,-0.09061306875208291,0.0024852263699448596,8423
24647,-0.09065653765692178,0.4464554038636717,-0.09065653765692178,0.014727521798876375,8424
28351,-0.09075084313573084,0.04020537137535191,-0.09075084313573084,-0.001079207116614439,8425
24272,-0.09083003585132945,0.24839371434460725,-0.09083003585132945,-0.008954698706501119,8426
25305,-0.09087489226545989,0.2468325216646928,-0.09087489226545989,0.003460638335401167,8427
20153,-0.09087657703078927,0.35177528937393493,-0.09087657703078927,0.003924640062729745,8428
27506,-0.09091925880935625,0.5436623022395047,-0.09091925880935625,0.026621606360877736,8429
22690,-0.09112028160143024,0.07062264405491026,-0.09112028160143024,0.008215837599942766,8430
20033,-0.09122634970675857,0.08011148223329763,-0.09122634970675857,0.013785660882321249,8431
26617,-0.09132983741529799,0.2616099148826353,-0.09132983741529799,0.004867167695130181,8432
22614,-0.09154237628995149,0.19763330453146094,-0.09154237628995149,-0.009323659553396091,8433
26115,-0.09159487585823828,0.17445137502095903,-0.09159487585823828,0.01982317283615656,8434
26528,-0.0916375696268274,0.1738295833989395,-0.0916375696268274,-0.026890225238084042,8435
29258,-0.09168277607558228,0.47965625896119657,-0.09168277607558228,0.008655271338509296,8436
23803,-0.09172123461415227,0.48188480391195443,-0.09172123461415227,0.037396177776363504,8437
22454,-0.09175676532183483,0.21497785469776634,-0.09175676532183483,0.019947965440076765,8438
29204,-0.09196264217972228,0.3529161222649237,-0.09196264217972228,0.006988227196816521,8439
22404,-0.09217975914750987,0.6208700705821664,-0.09217975914750987,0.008796328011076215,8440
23951,-0.09238935452374426,0.013118044941521882,-0.09238935452374426,0.074508306063299,8441
27773,-0.09253038371850575,0.2555183136823411,-0.09253038371850575,0.027561653530599584,8442
27717,-0.09274546424200494,0.03483572934547204,-0.09274546424200494,-0.014251821038794105,8443
22464,-0.09275027417505577,0.1890966620868042,-0.09275027417505577,0.04246086780013025,8444
23509,-0.09288995927492844,0.26295876100682714,-0.09288995927492844,0.007964355395031264,8445
22912,-0.09305800126236324,0.34315121152165623,-0.09305800126236324,0.002534016052066934,8446
24928,-0.0932007775819089,0.1370805339767541,-0.0932007775819089,0.006125742815653312,8447
20373,-0.09330271158994596,0.562727324627047,-0.09330271158994596,0.08268606293278236,8448
22103,-0.09333248076546874,0.287553368132131,-0.09333248076546874,-0.0008496210244254288,8449
24376,-0.09346253381889345,0.09931229536384405,-0.09346253381889345,0.0068445742756274575,8450
22754,-0.09349186783803853,0.19264934396511613,-0.09349186783803853,-0.001743621465739642,8451
24109,-0.09361067987655587,0.08432551496526393,-0.09361067987655587,0.0620880797978689,8452
21311,-0.09366373300387715,0.35998326513467893,-0.09366373300387715,0.02568997441844101,8453
20672,-0.09384837057399036,0.043575922273149534,-0.09384837057399036,-0.028258250571600863,8454
27119,-0.09392706307348886,0.024422850302842684,-0.09392706307348886,-0.008564323706544974,8455
20299,-0.09395101969713025,0.12461219961530699,-0.09395101969713025,0.03269471712176464,8456
26994,-0.09396497418172739,0.28868647832856476,-0.09396497418172739,-0.004834011403987648,8457
23314,-0.0940193800551844,0.84486612682511,-0.0940193800551844,0.0,8458
28263,-0.09406976231070885,0.015134403519854836,-0.09406976231070885,0.003488952520363797,8459
26221,-0.09411076739075314,0.28870047123818365,-0.09411076739075314,0.028656887786854157,8460
28473,-0.09421280777273686,0.17818343706531856,-0.09421280777273686,-0.006057633316381095,8461
21615,-0.09424409947497636,0.27891278958676285,-0.09424409947497636,0.02641398266970907,8462
21894,-0.09428958112549995,0.35580870425348304,-0.09428958112549995,0.013956859238109687,8463
27429,-0.09449910834232506,0.4678412445917825,-0.09449910834232506,-0.00439363923945868,8464
27240,-0.09451875094105308,0.08372791843649716,-0.09451875094105308,-0.013178489067427634,8465
29587,-0.09455850875008648,0.09880104781337917,-0.09455850875008648,-0.0017802152823799267,8466
21989,-0.09457802027569062,0.2959697841885423,-0.09457802027569062,0.051092969772207786,8467
29810,-0.09460727345455815,0.08244751695960277,-0.09460727345455815,-0.002425929678581129,8468
20996,-0.0946593168872123,0.3157831500121691,-0.0946593168872123,0.016846020366712733,8469
20692,-0.0948060730991932,0.4415140397360523,-0.0948060730991932,0.020361337076817032,8470
25923,-0.09481770422064388,0.008212341188019504,-0.09481770422064388,0.016376219232801636,8471
27210,-0.09513323075611943,0.21502763631560365,-0.09513323075611943,0.01032339189096071,8472
23325,-0.0951424124818121,0.3257802405902993,-0.0951424124818121,-0.005307457298947549,8473
23216,-0.0953868686215891,0.2234077637422006,-0.0953868686215891,0.06290116205784807,8474
23459,-0.09559171617552426,0.33519386816954183,-0.09559171617552426,0.01720336901229702,8475
29768,-0.09595751294314568,0.023454783715073837,-0.09595751294314568,-0.03555493721981656,8476
26791,-0.09596335759166982,0.09479536948301459,-0.09596335759166982,-0.009025066174984775,8477
23380,-0.09605762231069759,0.40972769417818256,-0.09605762231069759,0.0005250085293122542,8478
25111,-0.09606050222491797,0.3985053228962032,-0.09606050222491797,0.0007521541736854598,8479
26974,-0.09617588271504351,0.17613961811224538,-0.09617588271504351,0.020627985996617693,8480
23737,-0.09625062851570358,0.0783850923489297,-0.09625062851570358,0.005665599993222692,8481
23711,-0.09629881849448874,0.2540918452446299,-0.09629881849448874,0.07470003444354095,8482
22791,-0.09631843828522671,0.026415821582527258,-0.09631843828522671,0.0010295184262022472,8483
28227,-0.09632464950853636,0.6451355958984916,-0.09632464950853636,0.0,8484
29580,-0.09633240962858489,0.19952261071378177,-0.09633240962858489,0.06092200928162911,8485
27699,-0.09637916298777723,0.04322980937026867,-0.09637916298777723,-0.018181777990028403,8486
29789,-0.09640607972377677,0.08804788322226123,-0.09640607972377677,0.018122691393799795,8487
24137,-0.09658091698586174,0.4081585781920341,-0.09658091698586174,0.012149981877794924,8488
22766,-0.09661211104672485,0.5453144922797704,-0.09661211104672485,0.01110828250363105,8489
20570,-0.09661501119927118,0.44747659952533714,-0.09661501119927118,0.0190205766290652,8490
27693,-0.09665776543694897,0.01587722363721289,-0.09665776543694897,-0.006760580898926588,8491
27743,-0.09679870962876175,0.24635189524209244,-0.09679870962876175,0.0010131141622822248,8492
22225,-0.09693546599368719,0.050606491004827996,-0.09693546599368719,0.024154956160048424,8493
24415,-0.09693599151931487,0.47899165240068364,-0.09693599151931487,0.004716342358048908,8494
20802,-0.09719730857026809,0.3301842131496869,-0.09719730857026809,-0.0032973889481321406,8495
21091,-0.09720056344689043,0.4949985288464077,-0.09720056344689043,0.020911712756655043,8496
22039,-0.09720802444005607,0.02021785090738649,-0.09720802444005607,-0.011625572973695986,8497
22949,-0.09721676923648188,0.0744301473053924,-0.09721676923648188,0.03064221885005397,8498
26112,-0.09722374048468521,0.16355689477124422,-0.09722374048468521,-0.002334096272683661,8499
20114,-0.09723556258460714,0.25046874169326633,-0.09723556258460714,0.020096040690338435,8500
25469,-0.09729147441917346,0.3451199458421821,-0.09729147441917346,0.009808297121586151,8501
27363,-0.09737081771717354,0.23185000434639835,-0.09737081771717354,0.007262157865143004,8502
22203,-0.0973786742802418,0.04541273350286031,-0.0973786742802418,0.003345826967990073,8503
25037,-0.09747724515613791,0.1179550200095628,-0.09747724515613791,0.027270759446465564,8504
27855,-0.09751869131238501,0.07649105222214021,-0.09751869131238501,0.02487904282013098,8505
28457,-0.09765508402553724,0.04267856475840656,-0.09765508402553724,-0.0011031454299541554,8506
23451,-0.09786253265301338,0.0939610433656815,-0.09786253265301338,0.04678829006667967,8507
25541,-0.09792478055949719,0.039718397021221596,-0.09792478055949719,-0.027009115611740686,8508
27016,-0.09794887555762999,0.44034593591618465,-0.09794887555762999,0.038625617045031535,8509
28078,-0.09805506997444527,0.09595787633763969,-0.09805506997444527,-0.010347906229997816,8510
25440,-0.09839769902174736,0.1466052697376341,-0.09839769902174736,0.03210291260039805,8511
28216,-0.09843080888526978,0.5389606409793533,-0.09843080888526978,0.0,8512
21682,-0.09844223562755228,0.4467798013029636,-0.09844223562755228,0.008556533762072105,8513
23315,-0.09847698337423791,0.178059053212298,-0.09847698337423791,0.02006321597565025,8514
21266,-0.09848929541998878,0.09357972235828467,-0.09848929541998878,0.015287976272666093,8515
27690,-0.09857652490980295,0.5789326398992937,-0.09857652490980295,0.0019133534973836408,8516
25009,-0.09860145333092556,0.06859486671744018,-0.09860145333092556,0.0924046400729121,8517
23415,-0.09878346148620651,0.13793779183023566,-0.09878346148620651,0.002216953411513123,8518
23105,-0.098795810831314,0.35452760447555615,-0.098795810831314,0.0020462878376155125,8519
26287,-0.09885943063659237,0.10415043759428287,-0.09885943063659237,0.08030890833039439,8520
24101,-0.09896584541158497,0.09414843415176134,-0.09896584541158497,0.028833472643519237,8521
27392,-0.09900906309021379,0.31434486196314765,-0.09900906309021379,-0.011435136127841583,8522
26080,-0.09904284060930157,0.4749291651394463,-0.09904284060930157,0.03147414453364067,8523
21235,-0.0991099358104448,0.4042393910455663,-0.0991099358104448,0.05200265454547648,8524
29155,-0.09927112402430449,0.042751421466335815,-0.09927112402430449,-0.023166864871218107,8525
20765,-0.09943394955418344,0.19593261198235812,-0.09943394955418344,0.018563192110164495,8526
28542,-0.0994461647788012,0.6138772332259703,-0.0994461647788012,0.0,8527
26341,-0.09963820856765454,0.1857810738635115,-0.09963820856765454,0.015220527563677477,8528
23935,-0.09997607427715863,0.06416672758838096,-0.09997607427715863,5.53657895496773e-06,8529
25180,-0.10011869709672713,0.23731260942732066,-0.10011869709672713,0.013746509844120791,8530
28093,-0.10014636463143602,0.11723991109194933,-0.10014636463143602,-0.0013493438466350982,8531
27820,-0.10021768701523454,0.27016697107246357,-0.10021768701523454,-0.01788529219397411,8532
22213,-0.10039551337781061,0.3818243551359691,-0.10039551337781061,0.02091063918265129,8533
28321,-0.1003989500730379,0.3192276271181527,-0.1003989500730379,0.012873056700360819,8534
27299,-0.10042030782204132,0.01838077324315655,-0.10042030782204132,-0.01578015245708464,8535
23967,-0.10092486123939731,0.15172896055230756,-0.10092486123939731,0.006463828272328331,8536
21558,-0.10097827754591349,0.3912598071942957,-0.10097827754591349,-0.002317684971095413,8537
26192,-0.1011372084106526,0.24503888561906595,-0.1011372084106526,0.0502535910875711,8538
28424,-0.10119479635585593,0.85026804039725,-0.10119479635585593,-0.0021088624143458246,8539
24713,-0.10125621537311782,0.013095717882867473,-0.10125621537311782,-0.005247277563677627,8540
25677,-0.10148267894229578,0.017655392189307173,-0.10148267894229578,-0.011491677312922,8541
24846,-0.10150233187474894,0.39311596788716807,-0.10150233187474894,0.0005761519373805868,8542
26799,-0.10182840270352672,0.25124233553748165,-0.10182840270352672,0.010700486584032387,8543
23493,-0.10191308657446352,0.30449509163604205,-0.10191308657446352,0.007710576184056073,8544
24194,-0.1020444034425167,0.10827710420886619,-0.1020444034425167,0.027934777951176715,8545
27484,-0.10215626605937178,0.6647886375024753,-0.10215626605937178,0.0,8546
25897,-0.10227355914139602,0.7371698926614607,-0.10227355914139602,-0.017916095848437896,8547
25246,-0.10229528455223463,0.4740283500040821,-0.10229528455223463,0.02000827302490049,8548
24547,-0.10232240295837414,0.12589669721167443,-0.10232240295837414,-0.002513279023299342,8549
26803,-0.10235764625839625,0.08567350588447564,-0.10235764625839625,0.019514003519287837,8550
24579,-0.10246572913203203,0.1822738844003459,-0.10246572913203203,0.016380419891278863,8551
29172,-0.1024952366605053,0.5063890411138808,-0.1024952366605053,0.005291481702056289,8552
21167,-0.10250833761386771,0.13079050812912357,-0.10250833761386771,0.02705016965378343,8553
22034,-0.10253115150652814,0.651349887294246,-0.10253115150652814,0.0,8554
22517,-0.1026494308484952,0.10153227749863158,-0.1026494308484952,-0.01214944992205913,8555
28864,-0.10302320144570087,0.6016174640835675,-0.10302320144570087,0.013702854398536801,8556
25613,-0.10307108677281232,0.16564615690030557,-0.10307108677281232,0.022401556858571647,8557
23003,-0.10317344594692848,0.09100013535889198,-0.10317344594692848,0.018724029116232416,8558
29629,-0.10327467415072822,0.2779565159089406,-0.10327467415072822,0.0026460494336807416,8559
22713,-0.10329198370374615,0.31803823690916627,-0.10329198370374615,0.008357904119593085,8560
24189,-0.10341295501578157,0.31570094465781884,-0.10341295501578157,-0.0011003447739507122,8561
26266,-0.10345779743908745,0.583908860728451,-0.10345779743908745,0.0,8562
20791,-0.10373414577341855,0.3616081484749602,-0.10373414577341855,-0.002346097184325102,8563
25550,-0.10388235800874604,0.16492517613334032,-0.10388235800874604,-0.015710188565778216,8564
28681,-0.10403863632274701,0.5308279371586455,-0.10403863632274701,0.008998117637224468,8565
21996,-0.10403877558760388,0.4938287899181034,-0.10403877558760388,0.0,8566
29815,-0.10425105043866834,0.4882826019265033,-0.10425105043866834,-0.0022033508291967596,8567
29350,-0.10429679036387979,0.33011031748227426,-0.10429679036387979,0.005664430435953605,8568
27880,-0.10437889331214334,0.6652835609851946,-0.10437889331214334,0.021963285756619655,8569
24636,-0.10441458991811103,0.25925528719156615,-0.10441458991811103,0.029467915873892248,8570
28626,-0.1045379157356121,0.021565613837644253,-0.1045379157356121,0.008300795904959912,8571
28768,-0.10485491569504475,0.05438256671376483,-0.10485491569504475,0.009030109320875918,8572
25625,-0.10488630593151434,0.08496648549107254,-0.10488630593151434,0.0024328378379500637,8573
29641,-0.1049763643490341,0.13549314700704082,-0.1049763643490341,0.016156419926961818,8574
27431,-0.10501525253909183,0.3291058975858609,-0.10501525253909183,-0.002357516255303005,8575
28102,-0.10527766607845719,0.027289482508873936,-0.10527766607845719,0.022637620525705004,8576
20863,-0.1054789625361584,0.21308059966581688,-0.1054789625361584,0.0036563253961250375,8577
21630,-0.10550087885236198,0.12946991384195766,-0.10550087885236198,0.01612898842789301,8578
24202,-0.10561669602039381,0.6097140685425977,-0.10561669602039381,0.010072317344728687,8579
24414,-0.10562159884162559,0.643465677932043,-0.10562159884162559,0.009763824252268294,8580
21497,-0.10572007032195244,0.2382885674978745,-0.10572007032195244,0.007712087761093556,8581
21249,-0.10586819709901443,0.18087396765229338,-0.10586819709901443,0.000895314252533641,8582
24403,-0.10601252779997117,0.5231682616180359,-0.10601252779997117,0.014873802572107464,8583
27804,-0.10604440137019058,0.13111861784544504,-0.10604440137019058,0.0014310790738935042,8584
21480,-0.10622323082920403,0.09610279782049526,-0.10622323082920403,-0.024003722394818294,8585
25262,-0.10623302765599837,0.06425496663908059,-0.10623302765599837,0.009273529368983124,8586
23405,-0.10638812843491917,0.015268162653482431,-0.10638812843491917,-0.015774819781510963,8587
22849,-0.10639839458454203,0.16089948485520789,-0.10639839458454203,0.001766995837050811,8588
21495,-0.10652782424689711,0.06959777923844321,-0.10652782424689711,0.1046828993453569,8589
24013,-0.10659218058778197,0.3617404887328083,-0.10659218058778197,0.0026865402686105933,8590
26805,-0.10671443878641096,0.6238563039588148,-0.10671443878641096,0.0018031797595503551,8591
25131,-0.10686277330307106,0.1519435607462891,-0.10686277330307106,0.05447249356863415,8592
24730,-0.10695591625934447,0.4666820544979025,-0.10695591625934447,0.012004568838589025,8593
28195,-0.10737372918521643,0.08555578102549599,-0.10737372918521643,0.057310712370457595,8594
28960,-0.10748423501394858,0.02876598789262891,-0.10748423501394858,0.029775783192528438,8595
27376,-0.10786177887395353,0.02091421309895723,-0.10786177887395353,-0.021096719645831596,8596
29403,-0.10804953276634433,0.3165928828804886,-0.10804953276634433,0.005627792656784036,8597
24780,-0.10811423195695113,0.059943505898828846,-0.10811423195695113,0.023759715506448176,8598
21386,-0.10812409880037491,0.1384341585703781,-0.10812409880037491,-0.0017287780014724752,8599
20341,-0.10818969227653008,0.41827229150500644,-0.10818969227653008,0.008586743265674879,8600
27925,-0.10838702969760339,0.5870020875527617,-0.10838702969760339,-0.011694266344552506,8601
20274,-0.10855821520401895,0.1951720433578111,-0.10855821520401895,0.0280554273013659,8602
24233,-0.10865028411863975,0.3419718472536982,-0.10865028411863975,0.004568427730916869,8603
23881,-0.1088867668260951,0.39424856424189336,-0.1088867668260951,0.04453872689816707,8604
29985,-0.10890728900756474,0.5867365183086504,-0.10890728900756474,0.013539183482951689,8605
25192,-0.10891816384425951,0.33821675867404116,-0.10891816384425951,0.01998213446942576,8606
21707,-0.10896205459014471,0.19273980563521745,-0.10896205459014471,-0.007430202642616901,8607
22094,-0.10899516177053176,0.25156573817157996,-0.10899516177053176,0.011953571384165751,8608
23440,-0.10929162445824736,0.24843084895572998,-0.10929162445824736,0.030610977718308008,8609
28624,-0.10942052415270903,0.3600479241445537,-0.10942052415270903,0.01888178742169433,8610
27580,-0.1096087983469839,0.5441832441862466,-0.1096087983469839,-0.003288268463979338,8611
22822,-0.10974045071789712,0.01538129639533817,-0.10974045071789712,-0.010060175772134416,8612
28676,-0.10976783702730661,0.1773227561508516,-0.10976783702730661,0.04170032388479039,8613
23214,-0.10983449460173389,0.7412175583064656,-0.10983449460173389,0.0016640558749982937,8614
21595,-0.10984145662069195,0.19275396353979846,-0.10984145662069195,-0.005168283552766939,8615
21973,-0.11002374893454075,0.2923266904420597,-0.11002374893454075,-0.0026567014033066494,8616
28189,-0.11013185993573371,0.3198654222550737,-0.11013185993573371,0.00536409789138631,8617
23593,-0.11017867248549496,0.0408279048887833,-0.11017867248549496,-0.013568242366216454,8618
24107,-0.11033681435714632,0.19799376361195042,-0.11033681435714632,0.00428830544675507,8619
27612,-0.1104817702030915,0.061706891901239826,-0.1104817702030915,-0.036500450256768124,8620
21899,-0.11058606385887682,0.2845428005202324,-0.11058606385887682,0.04227292627425694,8621
27590,-0.11063808858072721,0.5700203172670828,-0.11063808858072721,0.001766732452835984,8622
27221,-0.11088507803119463,0.45937170526146753,-0.11088507803119463,0.018102671807131654,8623
23746,-0.11092008482937543,0.7969460083991506,-0.11092008482937543,-0.002184034970046822,8624
25730,-0.11129732640571155,0.561613888909373,-0.11129732640571155,0.009917018376060849,8625
24762,-0.11131644877513763,0.2744137649193901,-0.11131644877513763,-0.004440588747501306,8626
23855,-0.11140705378895038,0.14730522223044762,-0.11140705378895038,0.03854249806170429,8627
28654,-0.11141363726347847,0.22251690823961018,-0.11141363726347847,0.12688295825588464,8628
20640,-0.11168446335538992,0.1888844788964573,-0.11168446335538992,0.084286385364023,8629
27025,-0.11175105238128824,0.25522063646911847,-0.11175105238128824,-0.01724881351204166,8630
28989,-0.11186557330404061,0.12394647047199021,-0.11186557330404061,0.10005526990661912,8631
22857,-0.11188481185124416,0.2144118408525298,-0.11188481185124416,0.022620903029345107,8632
20464,-0.11223156524516309,0.6050669031120951,-0.11223156524516309,-0.002317737171343648,8633
26811,-0.11224980588217925,0.3209040274153268,-0.11224980588217925,0.0020732333696790173,8634
25934,-0.11255994182752092,0.11055456069062065,-0.11255994182752092,-0.03951183510980916,8635
20730,-0.11259146612590568,0.21481147609993087,-0.11259146612590568,0.011157045935326626,8636
27320,-0.11280293636931346,0.16451627312640058,-0.11280293636931346,0.015409762694449047,8637
24573,-0.11300336812299779,0.07607989688337614,-0.11300336812299779,0.0180758270702579,8638
22785,-0.1130748524615488,0.7369667088979145,-0.1130748524615488,0.024384239880468672,8639
29581,-0.11312256527244269,0.6064481798904893,-0.11312256527244269,0.0,8640
24512,-0.11314628342617006,0.35282418423080786,-0.11314628342617006,-0.012966667476574822,8641
23891,-0.11333031145963107,0.29263298365334284,-0.11333031145963107,0.017092320692877083,8642
21787,-0.11353105025700155,0.19163673291995026,-0.11353105025700155,0.011373424311636515,8643
26685,-0.113655584245234,0.04571415726491452,-0.113655584245234,-0.003036244063690574,8644
23700,-0.11391818246856476,0.005321731174695231,-0.11391818246856476,-0.02319472275399631,8645
27264,-0.11454900115658456,0.45722856475731305,-0.11454900115658456,0.00016586592105760634,8646
25078,-0.11463268739582205,0.30541124556893534,-0.11463268739582205,0.025516734066686975,8647
23576,-0.11464801983637646,0.4524710688657308,-0.11464801983637646,-0.017127186588774712,8648
23280,-0.11507556053584134,0.6422898690194901,-0.11507556053584134,-0.0002628472877546084,8649
24481,-0.11540258307229884,0.021953635131709247,-0.11540258307229884,0.17804059404695938,8650
29400,-0.1156333235577468,0.3934454804970704,-0.1156333235577468,-0.000816935215421255,8651
20329,-0.1157972628901653,0.0467490130610015,-0.1157972628901653,0.06279560280883106,8652
26861,-0.11620322294207514,0.21483416551372603,-0.11620322294207514,0.04309303508020368,8653
24644,-0.11622146354516472,0.26336799204907185,-0.11622146354516472,-0.010250092674059463,8654
22421,-0.11642291010360972,0.33881909624220413,-0.11642291010360972,0.004465570838842359,8655
28519,-0.11646541538473373,0.045685243875621534,-0.11646541538473373,0.020470544866969476,8656
20067,-0.11681201860578949,0.6602312348263825,-0.11681201860578949,-0.011481224596362472,8657
20004,-0.11681571967191359,0.1104257279369954,-0.11681571967191359,0.0057530894145375044,8658
24060,-0.11685408334638617,0.24072540276636403,-0.11685408334638617,0.0015431136285599667,8659
25161,-0.11705629621154545,0.12476317855538074,-0.11705629621154545,-0.014563641820444173,8660
21952,-0.11717443552066618,0.010863440210707885,-0.11717443552066618,0.00016552837835309697,8661
28085,-0.11725223977546778,0.1391709172272761,-0.11725223977546778,0.0016778674097953084,8662
25020,-0.11729050599302135,0.16756616766483381,-0.11729050599302135,0.023715449633367636,8663
21927,-0.11731949607920966,0.03059959335910071,-0.11731949607920966,-0.011800667950723626,8664
26906,-0.1175798661858265,0.5141985813278718,-0.1175798661858265,0.0,8665
21834,-0.11764754128006372,0.20560411981953558,-0.11764754128006372,0.0125365081129033,8666
25830,-0.11768743502057943,0.1606944330253457,-0.11768743502057943,0.02373557147952543,8667
22832,-0.1176885753743708,0.2397075912274755,-0.1176885753743708,0.03169633758093776,8668
26300,-0.11772657928499575,0.6592391938676695,-0.11772657928499575,0.03492234942735151,8669
27305,-0.11779999534124685,0.5813897984191424,-0.11779999534124685,0.002923529624976995,8670
22546,-0.11785867190094304,0.06212911676281471,-0.11785867190094304,-0.00664988041250103,8671
24606,-0.1179207006491218,0.017313228886477548,-0.1179207006491218,0.013466900949259786,8672
28818,-0.11793751459340213,0.428596709021603,-0.11793751459340213,0.0024398706796353586,8673
25066,-0.11797596970474272,0.174150415788754,-0.11797596970474272,0.02550909752435876,8674
28472,-0.11803684237339751,0.4147177070583974,-0.11803684237339751,0.006670449397736311,8675
25520,-0.11806057903998271,0.05684999920886593,-0.11806057903998271,0.04316955879132883,8676
24600,-0.11814317993207807,0.3935795993368247,-0.11814317993207807,0.021240364300635806,8677
22391,-0.1184977876224243,0.37909048773284165,-0.1184977876224243,-0.0012202296840269078,8678
27136,-0.11880675635400184,0.5615616945095102,-0.11880675635400184,-0.0014328190564423249,8679
22813,-0.11910228583941107,0.6722612392881223,-0.11910228583941107,0.003934702111263677,8680
24671,-0.11910504756016027,0.1496288816833038,-0.11910504756016027,0.048577499010211134,8681
27683,-0.11915352634298523,0.2040249628392886,-0.11915352634298523,-0.0018941497320721368,8682
25525,-0.11917465675087746,0.15365680476712335,-0.11917465675087746,-0.015355420279636378,8683
22492,-0.11944831486821302,0.06327754694021932,-0.11944831486821302,-0.016116534462526422,8684
24251,-0.11952553783874581,0.367549354135722,-0.11952553783874581,0.011076109330165673,8685
21201,-0.11957474822967262,0.41234853630469326,-0.11957474822967262,0.011365316977776263,8686
29918,-0.11957735338836462,0.5248228169840982,-0.11957735338836462,0.007543535933682066,8687
26589,-0.11965081710148413,0.12221778849066438,-0.11965081710148413,-0.0024283180977135443,8688
27313,-0.11976276724945162,0.19010571382554525,-0.11976276724945162,-0.026229966694867823,8689
23307,-0.11978044467480528,0.1103400369087659,-0.11978044467480528,-0.010617661481665264,8690
29429,-0.12005194065245939,0.6104828328473904,-0.12005194065245939,0.010278678281101405,8691
29994,-0.12005963735610575,0.3388924076796666,-0.12005963735610575,0.0036813656374510284,8692
22314,-0.12013074084321859,0.16613065490795295,-0.12013074084321859,0.03015907983832672,8693
25976,-0.1204411278988286,0.36174261887036596,-0.1204411278988286,0.014686494155517593,8694
26588,-0.1204917960212123,0.23808224909971293,-0.1204917960212123,-0.005632661455327814,8695
25236,-0.12060664001843074,0.026734258465549478,-0.12060664001843074,0.017809921398570516,8696
25494,-0.12064225338945217,0.12269799594511485,-0.12064225338945217,-0.007219537026854017,8697
20851,-0.12065366519675458,0.648149662666808,-0.12065366519675458,0.02343413341032785,8698
22389,-0.12096000786418121,0.12251181881263234,-0.12096000786418121,-0.019337949109852648,8699
20762,-0.12112329031447078,0.5715147469639317,-0.12112329031447078,-0.0022583361916692635,8700
20669,-0.12113616692676524,0.06260372046549789,-0.12113616692676524,-0.0035984799991470584,8701
26021,-0.12137202989213888,0.202195835675307,-0.12137202989213888,0.050857672658684905,8702
22561,-0.12139241124497979,0.44506715342145065,-0.12139241124497979,-0.0032252171390855233,8703
22357,-0.12154941214830922,0.12874595893471247,-0.12154941214830922,0.03147264377731965,8704
26158,-0.1215621178148362,0.16052276409837477,-0.1215621178148362,0.016563050679769625,8705
25545,-0.12162310768293644,0.26732166807847346,-0.12162310768293644,0.014406137185346335,8706
20803,-0.12170050076921979,0.061257622971123776,-0.12170050076921979,-0.020938836610706002,8707
29405,-0.12181563638693647,0.05935803058073559,-0.12181563638693647,-0.010752618440716177,8708
28024,-0.12183378944584235,0.08976831599573841,-0.12183378944584235,0.004104539341173663,8709
24261,-0.12186297793430295,0.2726681587684058,-0.12186297793430295,0.005584724621769344,8710
23345,-0.12189083329185701,0.500807464382564,-0.12189083329185701,0.014995160475767433,8711
22788,-0.12203493978642636,0.10709641148947006,-0.12203493978642636,-0.018364702043798364,8712
23500,-0.12213223715397381,0.3063291887105041,-0.12213223715397381,0.07369141118869049,8713
23608,-0.1222198256778137,0.48501773530265774,-0.1222198256778137,0.005448977458973547,8714
23805,-0.12227614706720966,0.2203362741983804,-0.12227614706720966,-0.03302074187432791,8715
23446,-0.12233085549369127,0.686647728751912,-0.12233085549369127,0.0,8716
20665,-0.1223590159013247,0.40493243948778224,-0.1223590159013247,0.028359225524312748,8717
27998,-0.12248695069592314,0.062440704306119636,-0.12248695069592314,0.003337557600463059,8718
29923,-0.12300986039636291,0.3208210759500925,-0.12300986039636291,0.07153667731536162,8719
22760,-0.12324921136066554,0.09435627129166031,-0.12324921136066554,0.010244988191723092,8720
20061,-0.12333951670133608,0.3212235622882805,-0.12333951670133608,0.02024183825267445,8721
24356,-0.12345142090394845,0.31866103964023706,-0.12345142090394845,0.007025413931448898,8722
28197,-0.12386424337666957,0.5141583779142348,-0.12386424337666957,-0.006993161665212577,8723
24337,-0.12389096459122378,0.29447445264998384,-0.12389096459122378,-0.002388756043662288,8724
27840,-0.12409845674398665,0.2255011803530839,-0.12409845674398665,-0.006988902138975794,8725
24747,-0.12425909694553305,0.3126733964524798,-0.12425909694553305,0.03715656187937222,8726
25407,-0.12444878129794197,0.11995411696211693,-0.12444878129794197,0.012275766160372847,8727
26462,-0.12456080664059896,0.05493363322924675,-0.12456080664059896,-0.02931579095177289,8728
22084,-0.12456303236143645,0.24082505302562973,-0.12456303236143645,-0.013322518481734436,8729
22095,-0.12490390854599037,0.49605247386754764,-0.12490390854599037,0.03702247814944326,8730
22637,-0.12491340069614931,0.245816913941458,-0.12491340069614931,0.02446035736413471,8731
28248,-0.12493484013823952,0.12638929120608944,-0.12493484013823952,0.04442062490861537,8732
23272,-0.1250543330808114,0.07411982825142441,-0.1250543330808114,0.0026639427031329155,8733
24808,-0.12516327398775517,0.449107281165372,-0.12516327398775517,0.04088411035279327,8734
23650,-0.12535581157769873,0.015513969750902043,-0.12535581157769873,0.024953725085504086,8735
24877,-0.12547171536191226,0.6729390104174083,-0.12547171536191226,0.0027606205217021174,8736
25937,-0.12547790005260634,0.12478786371451256,-0.12547790005260634,-0.029009115227758342,8737
29932,-0.12568585514102776,0.08011015126552608,-0.12568585514102776,0.015440042461227488,8738
27333,-0.12576298118927529,0.018818983307343162,-0.12576298118927529,-0.04128964206825203,8739
23153,-0.12591842040260814,0.2957789116916982,-0.12591842040260814,0.01833707303540799,8740
23131,-0.1259696127838248,0.49311512675945435,-0.1259696127838248,0.016989094112663528,8741
28476,-0.12611442170527032,0.5552926518193595,-0.12611442170527032,0.0,8742
24008,-0.1265249030716992,0.09459551778941247,-0.1265249030716992,0.03571274716124631,8743
22019,-0.12658027622320572,0.42717045727128705,-0.12658027622320572,-0.000339633962365804,8744
25160,-0.1265885788277591,0.2662445347335601,-0.1265885788277591,0.02777793701324416,8745
25877,-0.1268717352927762,0.16152883300366508,-0.1268717352927762,-0.010181556074323639,8746
27326,-0.1273210298973761,0.06681606575474143,-0.1273210298973761,-0.016433032551184723,8747
28306,-0.12775717092402694,0.4557200655992134,-0.12775717092402694,0.018379155187048246,8748
27266,-0.12779842296628605,0.18745646876080188,-0.12779842296628605,0.040421061258607005,8749
21688,-0.1278931826769783,0.08835471305871874,-0.1278931826769783,0.008283214871230238,8750
28046,-0.12791867114628463,0.3898311621118321,-0.12791867114628463,0.003580432478426099,8751
24622,-0.12839824285711193,0.2730230586194768,-0.12839824285711193,0.007098120956467668,8752
24698,-0.12843692165711684,0.32349372673968907,-0.12843692165711684,0.023879259389448848,8753
22411,-0.12848128378145485,0.7301478563884477,-0.12848128378145485,0.0,8754
23330,-0.128874987359129,0.12559142811803226,-0.128874987359129,-0.006662549499984127,8755
24862,-0.1288757104536095,0.01384506749289252,-0.1288757104536095,-0.025291165017132466,8756
29781,-0.12895513579996148,0.22259843794708756,-0.12895513579996148,-0.011294158613909477,8757
26537,-0.1292362851551138,0.1057592228151299,-0.1292362851551138,0.006897605957781439,8758
21014,-0.12940192581675466,0.04342631205359091,-0.12940192581675466,-0.005080554701359208,8759
25754,-0.12940987507682575,0.19932594428131026,-0.12940987507682575,0.0013376372564657402,8760
28035,-0.1294234462547085,0.14400316729308735,-0.1294234462547085,-0.02300145984617985,8761
26397,-0.12948928968217482,0.07172268018563019,-0.12948928968217482,0.011806165523346068,8762
24893,-0.129795873450317,0.22676685998380097,-0.129795873450317,0.01185246242841309,8763
23741,-0.1298751057229499,0.587175417062281,-0.1298751057229499,-0.0003255519181465383,8764
26823,-0.13010335535689635,0.22079985020835305,-0.13010335535689635,-0.0023810798425355495,8765
20235,-0.13039006484194537,0.2392332675051615,-0.13039006484194537,-0.011742770076649922,8766
26591,-0.1303996569720863,0.1367939237842287,-0.1303996569720863,-0.006021888300373701,8767
26118,-0.13042240454763082,0.06253241947894127,-0.13042240454763082,0.004489476468817477,8768
28737,-0.130673128402799,0.2514463683031802,-0.130673128402799,0.02964339880704797,8769
29075,-0.13070012104091056,0.08897933713980793,-0.13070012104091056,0.027288024703186253,8770
27595,-0.13081044712176,0.19332603391446346,-0.13081044712176,-0.002426708267850297,8771
27541,-0.13105149258230236,0.17023502093497705,-0.13105149258230236,-0.0007287597939906187,8772
23639,-0.13109749188743544,0.1612135120255295,-0.13109749188743544,0.0042953093092328865,8773
20799,-0.13119353892272678,0.1970165796771367,-0.13119353892272678,-0.007408340936737701,8774
26761,-0.13125718611287848,0.1902113752548086,-0.13125718611287848,0.028642360817319856,8775
20445,-0.13133557480882485,0.28690762132982667,-0.13133557480882485,0.07634170451646038,8776
29213,-0.13136874341182964,0.10484010827926184,-0.13136874341182964,0.01959513260557061,8777
27963,-0.1314720626624631,0.2080994678025813,-0.1314720626624631,0.05699730663445035,8778
26407,-0.1314822169590047,0.11354519912283544,-0.1314822169590047,0.02734588348455458,8779
25050,-0.1316599681553545,0.13563527290926805,-0.1316599681553545,0.03654052534970598,8780
26726,-0.13169639945840655,0.420510048408195,-0.13169639945840655,0.01745382899387604,8781
23625,-0.1318631325384461,0.21364113932955556,-0.1318631325384461,0.002587466908494651,8782
27793,-0.13189430240436884,0.06679460662103108,-0.13189430240436884,0.003709482025331834,8783
22032,-0.1322648931879214,0.48411444867262327,-0.1322648931879214,0.02367656010278041,8784
28509,-0.13238838164318978,0.6450618936756876,-0.13238838164318978,0.0061533004466155505,8785
21107,-0.1325586391285045,0.02903003225774623,-0.1325586391285045,-0.0015822362862322747,8786
29972,-0.1328764039865449,0.16175907254445968,-0.1328764039865449,0.013845750014323532,8787
22299,-0.13290342941427405,0.033538437448396456,-0.13290342941427405,0.05238677678665149,8788
24459,-0.13290755716054975,0.30605374008260827,-0.13290755716054975,0.009443060196195008,8789
24305,-0.13295240180657958,0.47065886522688277,-0.13295240180657958,0.03925186302715156,8790
20336,-0.13301418391600883,0.3609512350575791,-0.13301418391600883,0.0048060839749342055,8791
28324,-0.13307916304994682,0.03946770293602857,-0.13307916304994682,-0.020654204994097092,8792
22275,-0.13313115402272768,0.5310113866133723,-0.13313115402272768,-0.012121457084822151,8793
26954,-0.13327205804573272,0.5423847016858495,-0.13327205804573272,0.015388119416438029,8794
27882,-0.13351031995735424,0.4388596345924369,-0.13351031995735424,0.03212617591784778,8795
21150,-0.13374977190572432,0.17266236562308082,-0.13374977190572432,0.05112951874259564,8796
20496,-0.13387461435331982,0.1991790680025482,-0.13387461435331982,0.0041166248015614415,8797
25961,-0.13390145398272996,0.4674787217696382,-0.13390145398272996,0.014175931882347892,8798
21518,-0.13396933370522174,0.11702836759316394,-0.13396933370522174,-0.06184818893814453,8799
23251,-0.1340141501192772,0.08788013096256957,-0.1340141501192772,0.008484662402097554,8800
23100,-0.13414966974987919,0.6247578345450783,-0.13414966974987919,5.592063753590004e-05,8801
24330,-0.1345020713868626,0.08462937949772084,-0.1345020713868626,0.02256486908814609,8802
23439,-0.1347246487183006,0.08921756347671723,-0.1347246487183006,0.030928128489147,8803
25607,-0.13514576498048875,0.2056963038010617,-0.13514576498048875,0.04523588649595295,8804
25940,-0.13516483055552642,0.30260111475192536,-0.13516483055552642,-0.0023167677541644505,8805
28829,-0.1352558310667072,0.13825119449849865,-0.1352558310667072,-0.0029168189474868544,8806
29192,-0.13527544127027744,0.06585461897284675,-0.13527544127027744,0.041512181017894445,8807
29941,-0.13530204892826334,0.15909880998143291,-0.13530204892826334,-0.009295644002216774,8808
20835,-0.13533671912216688,0.2835712690883854,-0.13533671912216688,0.0196905906840531,8809
26396,-0.13534846297360664,0.16458020297659853,-0.13534846297360664,0.009068368828543338,8810
24193,-0.13543958367241682,0.3772298518742784,-0.13543958367241682,0.01862778613750793,8811
24703,-0.13557357360559896,0.5344080026068034,-0.13557357360559896,0.012074647553076412,8812
28239,-0.13589366202188127,0.041876746670465835,-0.13589366202188127,0.03126508810430609,8813
22902,-0.13593121765171345,0.6536491361688233,-0.13593121765171345,0.013787854184242443,8814
29530,-0.1359679669242836,0.2887524735201718,-0.1359679669242836,0.003882644583106498,8815
25603,-0.13597372140088143,0.053175164948430706,-0.13597372140088143,0.004777140547399472,8816
26018,-0.13630150413615622,0.23330993446503684,-0.13630150413615622,-0.013042454674529191,8817
26095,-0.1363644558289756,0.5235713707857481,-0.1363644558289756,0.0,8818
27033,-0.13653547114892978,0.42645360618158074,-0.13653547114892978,0.0,8819
24677,-0.136833292756671,0.3681739239243612,-0.136833292756671,0.04428100016875758,8820
22550,-0.13696733978945042,0.3253153189966332,-0.13696733978945042,0.00780521956632807,8821
27560,-0.13745402562336512,0.04846100321075003,-0.13745402562336512,0.03772230622767758,8822
26117,-0.13749248512692958,0.05456806453207651,-0.13749248512692958,0.010102676205198724,8823
25811,-0.13751967454247288,0.47686480941714887,-0.13751967454247288,0.007075727937518317,8824
20849,-0.13781395884780234,0.46925113240418403,-0.13781395884780234,-0.0023363096372980285,8825
23800,-0.13794485379536495,0.05499578646694115,-0.13794485379536495,-0.021043332312349672,8826
23523,-0.13803158527373802,0.18544490780787684,-0.13803158527373802,0.053123181429216126,8827
28581,-0.1382767673552101,0.13697819757101537,-0.1382767673552101,-0.002738167950165571,8828
21133,-0.13828247172639932,0.21013992276520563,-0.13828247172639932,0.0009955460368442637,8829
21427,-0.13829862977834784,0.20458070947271179,-0.13829862977834784,-0.030686957453237795,8830
22055,-0.13839970501697088,0.06354486853319255,-0.13839970501697088,0.015484888299878152,8831
26317,-0.13852921129343077,0.5820601911305732,-0.13852921129343077,0.006198906825271577,8832
21575,-0.13863393302538496,0.03476055834283296,-0.13863393302538496,0.01400573551586376,8833
26306,-0.13879526384587937,0.3545472217563913,-0.13879526384587937,0.024502351976467773,8834
27222,-0.138826523093314,0.3984570702521223,-0.138826523093314,0.012503761884293918,8835
27836,-0.13937300033441707,0.19384809738904296,-0.13937300033441707,-0.0006199268736584718,8836
27097,-0.1394817816320747,0.5808360749295696,-0.1394817816320747,0.020708572665310565,8837
29714,-0.13948597208512303,0.6676223776557227,-0.13948597208512303,-0.033209497938797794,8838
21677,-0.13951476434869745,0.2382197765456129,-0.13951476434869745,0.01979551417336134,8839
28368,-0.13954990964239944,0.13456691528887732,-0.13954990964239944,0.08403609645846688,8840
29665,-0.13963121423402808,0.2597767105287433,-0.13963121423402808,0.007578432793893253,8841
25437,-0.13964971909032226,0.4569771565569914,-0.13964971909032226,0.010232357157696104,8842
24228,-0.13999233114785176,0.06702230970148006,-0.13999233114785176,0.007488657243013008,8843
20975,-0.14009521036692152,0.016880920205312372,-0.14009521036692152,0.002719347502498304,8844
27030,-0.1401113803514747,0.40194931354421043,-0.1401113803514747,0.023149816088379405,8845
28175,-0.14011577456387297,0.12636006641643333,-0.14011577456387297,-0.0031969361153528775,8846
29201,-0.14016091683434834,0.46326446061398713,-0.14016091683434834,0.007055771507577857,8847
21180,-0.1401955495526569,0.7639539273734424,-0.1401955495526569,0.0017709457719210508,8848
27158,-0.14029184344867024,0.3612597750192363,-0.14029184344867024,0.012920827337017049,8849
22043,-0.14031312075343064,0.036223073265764544,-0.14031312075343064,0.11067303260686845,8850
27886,-0.14034453230544547,0.09562182196933534,-0.14034453230544547,0.001393600148009877,8851
29859,-0.14085362849356417,0.14023122840760668,-0.14085362849356417,0.012195585672733822,8852
29917,-0.1410347989964882,0.6128232182024139,-0.1410347989964882,0.0011573353441616252,8853
26653,-0.14114272255356078,0.03992700164723711,-0.14114272255356078,-0.0315089154876175,8854
20809,-0.14114679335672276,0.1664476585301891,-0.14114679335672276,0.020275833830793677,8855
29811,-0.14131572427982897,0.37219395729606264,-0.14131572427982897,0.0186817231108668,8856
28850,-0.141450491626671,0.6839555075946966,-0.141450491626671,0.0,8857
24366,-0.1415304630489675,0.36186696325495754,-0.1415304630489675,0.08374458030407891,8858
27633,-0.14190797389190968,0.10555057185397505,-0.14190797389190968,-0.0014060973671630173,8859
28135,-0.142064533256819,0.14038431915011845,-0.142064533256819,0.029992299368762354,8860
24324,-0.1420899672428304,0.5954917916048653,-0.1420899672428304,-0.014433564807952659,8861
24402,-0.14213371745646464,0.3373138326477418,-0.14213371745646464,0.0,8862
23279,-0.14228029318721952,0.47462222909170654,-0.14228029318721952,-0.009497521334499881,8863
21207,-0.142362600879601,0.12995807386013913,-0.142362600879601,0.033617119918497806,8864
20572,-0.1424047059536675,0.5207389947231235,-0.1424047059536675,0.0,8865
24191,-0.14266024770087887,0.029327161615139333,-0.14266024770087887,-0.012732487151492167,8866
26284,-0.1426709353925374,0.47221356873380094,-0.1426709353925374,0.01653917503730873,8867
28066,-0.14272432370269095,0.06476309442419839,-0.14272432370269095,0.020984485245391316,8868
20713,-0.1428043601773859,0.28345764017408603,-0.1428043601773859,-0.006554879358204702,8869
26132,-0.14285045821036152,0.2948266186095381,-0.14285045821036152,-0.005428264764024526,8870
22449,-0.14290151154089156,0.13349557876522142,-0.14290151154089156,0.025719053100522304,8871
22496,-0.14319118335845446,0.21149212494235656,-0.14319118335845446,0.009187462739253416,8872
21520,-0.14324749178566892,0.41447232754367974,-0.14324749178566892,0.008638242583471345,8873
27407,-0.1433689576662899,0.18160522518374514,-0.1433689576662899,0.07016451687398823,8874
21100,-0.1433728539816314,0.06597716886574162,-0.1433728539816314,-0.0018368241452436929,8875
25397,-0.14343059807256334,0.15022333093642234,-0.14343059807256334,0.008476019811466284,8876
22529,-0.14349378522190828,0.2240588173054979,-0.14349378522190828,0.0,8877
28128,-0.14354468675348553,0.16992766083336208,-0.14354468675348553,0.015127813296678005,8878
22451,-0.14388449011200868,0.1756731290810157,-0.14388449011200868,0.023901994802195292,8879
29822,-0.1439615987094499,0.5904594170845752,-0.1439615987094499,0.002564223535774346,8880
26555,-0.1440268777445241,0.02054956450385236,-0.1440268777445241,-0.01846419155594886,8881
29902,-0.1441685900152304,0.2853763228687764,-0.1441685900152304,0.00198863346951067,8882
29104,-0.14418117632736924,0.2013637134165819,-0.14418117632736924,0.005486941823900693,8883
23231,-0.14418167759925787,0.3514640541758999,-0.14418167759925787,0.0,8884
21945,-0.1442377259545562,0.4397578725645127,-0.1442377259545562,0.008546371443848066,8885
24557,-0.1444725295890884,0.3970193092471649,-0.1444725295890884,0.016207249453433104,8886
27654,-0.14463802423527694,0.1322261161011004,-0.14463802423527694,0.025025519872807767,8887
28142,-0.14480745381810317,0.49286344179517066,-0.14480745381810317,0.0010109529964464903,8888
28546,-0.14493011752812646,0.5338104666782899,-0.14493011752812646,0.007085018065093651,8889
27528,-0.14499672355082593,0.65330037793086,-0.14499672355082593,0.0016424275304485203,8890
20655,-0.14519623610644666,0.09390508589262879,-0.14519623610644666,-0.01382300412695947,8891
22009,-0.14528963520301835,0.23419959880404723,-0.14528963520301835,-0.0010276563123463034,8892
22543,-0.14540382166599491,0.309434020556334,-0.14540382166599491,-0.0005031982603432295,8893
28734,-0.14552371366093267,0.17609166985244543,-0.14552371366093267,-0.010851121571615496,8894
20716,-0.1455973427784391,0.20440931716830113,-0.1455973427784391,0.014391453406291776,8895
21224,-0.1456177297021427,0.34379154010846075,-0.1456177297021427,0.006621938632293156,8896
20968,-0.1456316596243448,0.015474249164902754,-0.1456316596243448,0.019086774479393193,8897
24458,-0.14568963622340647,0.5162977855353444,-0.14568963622340647,0.0,8898
29252,-0.145873747646035,0.453044910928287,-0.145873747646035,0.06244339988478842,8899
20774,-0.14612685837564415,0.4289122773554023,-0.14612685837564415,0.018331107535738744,8900
24209,-0.1463484635665297,0.11816647323213675,-0.1463484635665297,-0.001554023826198181,8901
26881,-0.14658917314110165,0.11898838755857405,-0.14658917314110165,0.032169351645035205,8902
25560,-0.14661634073653945,0.27534331610675294,-0.14661634073653945,-0.0022094607992767523,8903
29119,-0.14711649929768222,0.16289351143219427,-0.14711649929768222,0.017257175300825045,8904
22621,-0.14722662671067027,0.42929966371766076,-0.14722662671067027,0.03477619599202797,8905
23936,-0.14731075442803976,0.5604389409877799,-0.14731075442803976,0.0,8906
28242,-0.14746359324393665,0.3618234311949572,-0.14746359324393665,-0.0023314235191894683,8907
20853,-0.14751995945767019,0.10619697835990807,-0.14751995945767019,0.0534049559896736,8908
26553,-0.14752488236116934,0.7408012134406009,-0.14752488236116934,0.0017279067763911193,8909
29817,-0.14755104395159802,0.5385259597803945,-0.14755104395159802,0.0,8910
26806,-0.1475610799006153,0.14200774561538204,-0.1475610799006153,-0.002363857742801956,8911
28613,-0.1477364406425482,0.6196533269580542,-0.1477364406425482,-0.003057571772497103,8912
29264,-0.14779984216488945,0.26180426026277487,-0.14779984216488945,-0.027932594355937757,8913
20353,-0.14791940106114299,0.3617776219388674,-0.14791940106114299,0.011053044807658341,8914
24793,-0.14820201439100672,0.4419904297151917,-0.14820201439100672,0.0,8915
23329,-0.14867436526365196,0.04117036288542092,-0.14867436526365196,0.0057719350958427285,8916
21057,-0.14870932205516604,0.033149708286491435,-0.14870932205516604,0.051628439438800966,8917
27465,-0.14881026923755925,0.0274323047828242,-0.14881026923755925,0.022959361861913413,8918
27843,-0.1488261081463915,0.18759257659212067,-0.1488261081463915,0.003896807517494605,8919
23182,-0.14918899412616854,0.13280224629816334,-0.14918899412616854,0.0077433927390001545,8920
23714,-0.14950135785873458,0.335635823596961,-0.14950135785873458,0.006585382905813009,8921
25347,-0.14966462103795275,0.2912526682093269,-0.14966462103795275,0.004042437170502344,8922
26985,-0.14983137618537265,0.21906874398167905,-0.14983137618537265,0.05212032370100328,8923
26849,-0.14989436054571945,0.14586226059779375,-0.14989436054571945,0.02910062569603805,8924
25310,-0.14992285401565614,0.2581571738908593,-0.14992285401565614,0.006501357023711907,8925
25220,-0.1503228121052862,0.6648101409110578,-0.1503228121052862,-0.00024349750539065518,8926
21561,-0.15036381812146915,0.1589265032107589,-0.15036381812146915,-0.017406239468436724,8927
21313,-0.1507369258049216,0.5884086937254865,-0.1507369258049216,0.01782168066678269,8928
26599,-0.15077347181136658,0.45129710294773784,-0.15077347181136658,0.037341078198493305,8929
24884,-0.15085542471294616,0.37556504126222084,-0.15085542471294616,0.025987152123187196,8930
29391,-0.15089887771417185,0.1327091639746695,-0.15089887771417185,-0.002178560083954395,8931
25109,-0.15103566095811793,0.6107895977249673,-0.15103566095811793,0.0,8932
25558,-0.1512351211480118,0.24902344279047878,-0.1512351211480118,0.003605233266413821,8933
28963,-0.15135121675552238,0.03792409052445934,-0.15135121675552238,-0.02385888419843396,8934
25871,-0.1515010330839457,0.5363849413234693,-0.1515010330839457,0.0,8935
25478,-0.15153652201150497,0.32026369649172315,-0.15153652201150497,0.02423688777498023,8936
29628,-0.15159400937479434,0.09659972994703217,-0.15159400937479434,-0.016491862490667697,8937
22868,-0.15173087371628569,0.053594573041662444,-0.15173087371628569,0.01757988881685474,8938
26224,-0.15208894502208298,0.4201710090207335,-0.15208894502208298,-0.0011107105569946318,8939
24300,-0.15228581586262102,0.5757404500992962,-0.15228581586262102,0.0,8940
26124,-0.15260481825829192,0.12374513534092568,-0.15260481825829192,0.03338733043499187,8941
25252,-0.15261079586208534,0.14126726104503048,-0.15261079586208534,0.03643719878729812,8942
21173,-0.15262578874430988,0.42004788228228407,-0.15262578874430988,0.01784767736131143,8943
26472,-0.1527041188514453,0.4086136657260203,-0.1527041188514453,-0.0023374720816262684,8944
25250,-0.1527220222321457,0.01006258526878211,-0.1527220222321457,-0.015793763550468187,8945
29798,-0.1529393922286163,0.28298903977576817,-0.1529393922286163,0.036273290443278816,8946
22589,-0.15347069700171573,0.06532434397453224,-0.15347069700171573,-0.012491158005884684,8947
23371,-0.15384686133567455,0.27899742323297816,-0.15384686133567455,0.008957126509239521,8948
25986,-0.15392799123332587,0.21497571232357057,-0.15392799123332587,-0.018658621084001736,8949
25086,-0.15393805248822842,0.23643400566955144,-0.15393805248822842,0.04055290690284896,8950
21887,-0.15401920480706333,0.2168213820426777,-0.15401920480706333,0.019697196540216177,8951
21830,-0.154655135286613,0.5413534821843549,-0.154655135286613,-0.0024876789542620514,8952
21306,-0.15493947224503463,0.09118482871625809,-0.15493947224503463,-0.0011668282864729096,8953
29796,-0.15511587886252842,0.09346289899515577,-0.15511587886252842,-0.00704059404297358,8954
24514,-0.15529951236762468,0.11656233688191088,-0.15529951236762468,0.007225839716873073,8955
22147,-0.1555324257019257,0.061174910807268564,-0.1555324257019257,0.0021523609803478227,8956
20936,-0.15584581701522626,0.6084561002048015,-0.15584581701522626,-0.0016751688213724192,8957
29608,-0.156289215957801,0.2132621756551511,-0.156289215957801,-0.002983754605762723,8958
27907,-0.15639022042504744,0.13781120873284405,-0.15639022042504744,0.007995442584329326,8959
29043,-0.15639456099440086,0.7348293719075967,-0.15639456099440086,0.0,8960
20360,-0.1567894330446794,0.2150974570687832,-0.1567894330446794,-0.017172076457892316,8961
21405,-0.15692619946815833,0.7021291706140799,-0.15692619946815833,0.0017246703744919767,8962
22674,-0.15703327263863504,0.3660547287024299,-0.15703327263863504,0.01648694957495017,8963
28186,-0.15713472515979562,0.023361809344775022,-0.15713472515979562,0.04650740118231625,8964
27276,-0.15735407443972302,0.004344025742919626,-0.15735407443972302,0.024313303918924,8965
21152,-0.15761234777961786,0.33135256827610865,-0.15761234777961786,0.025107836339096024,8966
26643,-0.15807165727288827,0.15314529050205314,-0.15807165727288827,0.0050302401568224075,8967
25107,-0.1580740236528131,0.3297341451281391,-0.1580740236528131,0.0057247490014735725,8968
24260,-0.15807446158048552,0.18357976881466362,-0.15807446158048552,0.007442175469052265,8969
23478,-0.1581398746167026,0.023679730613536346,-0.1581398746167026,0.00971258884589793,8970
26032,-0.15850243901205155,0.08173123358586737,-0.15850243901205155,-0.011747118347828434,8971
21582,-0.15852367437210818,0.051813804347751714,-0.15852367437210818,-0.00298810920111367,8972
29156,-0.1587962612107432,0.7643382069141804,-0.1587962612107432,0.0,8973
22562,-0.1594214873337816,0.47525242563433545,-0.1594214873337816,-0.0017483389754121559,8974
23971,-0.16005374001173334,0.45120988024641395,-0.16005374001173334,-0.0021905279250401533,8975
22654,-0.16010556839968157,0.18901501254510264,-0.16010556839968157,0.01733843020023823,8976
26377,-0.16011138648000628,0.053767867677179774,-0.16011138648000628,-0.001077325874558166,8977
21527,-0.1601358433015202,0.36484009090896163,-0.1601358433015202,-0.01129910614266505,8978
21546,-0.16057962241881113,0.10889871840654292,-0.16057962241881113,0.01072036315805569,8979
26792,-0.16062918052417288,0.07151369679395839,-0.16062918052417288,0.005697724482876199,8980
20257,-0.160852442728385,0.13583678423936257,-0.160852442728385,0.03408935889188158,8981
23299,-0.16090864002049132,0.39857339323592467,-0.16090864002049132,-0.002075671774822707,8982
23689,-0.1610745715550414,0.3810333279564721,-0.1610745715550414,0.061624472000482655,8983
21712,-0.16145857050246776,0.10555615586152763,-0.16145857050246776,0.009122260140257299,8984
21898,-0.1622048253016194,0.5888426003684082,-0.1622048253016194,0.014150347367145377,8985
24210,-0.16242287532267397,0.23333016872008494,-0.16242287532267397,0.014057934990790666,8986
27791,-0.16262027107424087,0.07369610676287067,-0.16262027107424087,-0.02063995257900597,8987
29522,-0.16266320936858858,0.06989159459839869,-0.16266320936858858,0.008506717160242094,8988
20480,-0.16293376870801962,0.24614170427040627,-0.16293376870801962,0.01599547367942178,8989
29583,-0.16336463726970635,0.364941366387094,-0.16336463726970635,-0.0006097651961780026,8990
27525,-0.1635686244050697,0.3445661687446048,-0.1635686244050697,0.061321922455354394,8991
24960,-0.16384760489279,0.04524035069478496,-0.16384760489279,0.006739999461352786,8992
28729,-0.16399389273303983,0.23873173055592922,-0.16399389273303983,-0.005059190093128163,8993
25018,-0.16442925499588512,0.10879058421778505,-0.16442925499588512,-0.020397328436057793,8994
21786,-0.16453670850850224,0.1471097982974339,-0.16453670850850224,-0.014508520629472277,8995
29661,-0.16461860310287624,0.27345507159797605,-0.16461860310287624,-0.0179441853355074,8996
27160,-0.16481543625978495,0.27762759641499957,-0.16481543625978495,-0.004444985762576903,8997
20324,-0.1648178277934477,0.03319756984747108,-0.1648178277934477,0.12025766768501053,8998
24567,-0.16483264633899802,0.06435993056089437,-0.16483264633899802,0.04659158213853298,8999
20357,-0.1651815856430885,0.5455455362329437,-0.1651815856430885,-0.002089996855969556,9000
23259,-0.1654134573772773,0.1685711130926203,-0.1654134573772773,0.028697254902997682,9001
29757,-0.16542047413451075,0.11153027581926458,-0.16542047413451075,0.053455119253833616,9002
22185,-0.16546048581267947,0.24050070031418186,-0.16546048581267947,-0.028524064489070744,9003
25420,-0.16559950385880728,0.5302345204348312,-0.16559950385880728,0.0,9004
23030,-0.16564410369788551,0.06257116382158447,-0.16564410369788551,0.012590534729680192,9005
21286,-0.1657392808134573,0.37442195603122724,-0.1657392808134573,0.011762625469270205,9006
29832,-0.16575840941528303,0.3671102725093905,-0.16575840941528303,0.02459411933553557,9007
25903,-0.16600122341627388,0.1812682049668769,-0.16600122341627388,0.029583057368418875,9008
20540,-0.1661266797891799,0.1567996847874854,-0.1661266797891799,0.002540401859864483,9009
25711,-0.16613206310888062,0.5995619094123447,-0.16613206310888062,-0.0008273785485671814,9010
21921,-0.1662185386056957,0.31804934609886154,-0.1662185386056957,-0.012933020202478218,9011
20432,-0.16628384222995937,0.16752415481551217,-0.16628384222995937,0.0008331060072939156,9012
22342,-0.16633004703767257,0.40243589077451575,-0.16633004703767257,0.014618011194245106,9013
21320,-0.16658733740025197,0.2010951939613619,-0.16658733740025197,0.025559136211529887,9014
21010,-0.16668862344571256,0.2504464789077224,-0.16668862344571256,0.008581822967348218,9015
22206,-0.16669276311014802,0.15229138618605897,-0.16669276311014802,0.01129198311651558,9016
29112,-0.16751477482616645,0.04472110435892959,-0.16751477482616645,0.0013209433478767463,9017
25726,-0.167608984491823,0.48520860681634476,-0.167608984491823,0.002132667920884068,9018
28859,-0.16797928369120324,0.10839006213970152,-0.16797928369120324,-0.004146572525946024,9019
25336,-0.16803128614371782,0.17333131272251912,-0.16803128614371782,0.011066857864809154,9020
25589,-0.16805965526515743,0.22203391564561692,-0.16805965526515743,-0.011827054566672879,9021
27981,-0.16846892642534855,0.0720984087323144,-0.16846892642534855,0.0021845544919751325,9022
27679,-0.16854433247873918,0.4031591708869981,-0.16854433247873918,-0.0023609609056978176,9023
24565,-0.1685661270378691,0.2830794267250282,-0.1685661270378691,0.02071392500168856,9024
24080,-0.16873303778294704,0.17981903735433177,-0.16873303778294704,0.0021751847444794747,9025
20243,-0.16873994434134276,0.5289799164830498,-0.16873994434134276,0.005955180348814926,9026
20413,-0.1687727540788233,0.13899454469383965,-0.1687727540788233,0.03660075074949187,9027
26240,-0.16889136333574162,0.4624496939340451,-0.16889136333574162,0.020098789638954284,9028
29648,-0.16902074569753056,0.14513403643855055,-0.16902074569753056,0.011389103485483165,9029
25406,-0.16908218661825453,0.43694501219609533,-0.16908218661825453,-0.0023357702708449724,9030
27037,-0.16941482071711828,0.05420844806889097,-0.16941482071711828,0.01438573183327052,9031
21212,-0.1694150379728766,0.07910015924648224,-0.1694150379728766,-0.03491211777693115,9032
28405,-0.16987580924326717,0.29597103609135866,-0.16987580924326717,0.021413321486346004,9033
21890,-0.17001731917918161,0.08397973306257926,-0.17001731917918161,-0.0100904517959029,9034
24602,-0.1700729663634587,0.5680071149454584,-0.1700729663634587,0.03055178975343431,9035
22622,-0.17052915204036545,0.33617953638810716,-0.17052915204036545,0.016586210003703528,9036
28121,-0.17053018145985543,0.429685072284389,-0.17053018145985543,0.006110384689416937,9037
21126,-0.17089155561839808,0.34453706590532174,-0.17089155561839808,0.03147073665460787,9038
22440,-0.1709442590531557,0.47357973374343854,-0.1709442590531557,-0.00031259521044790795,9039
28761,-0.171086522172254,0.0509769635394947,-0.171086522172254,-0.0057995784600375355,9040
26983,-0.17113747980335342,0.2750910877158265,-0.17113747980335342,0.00813211820855192,9041
26498,-0.17114218241757728,0.10438981042610501,-0.17114218241757728,0.011565457964792525,9042
28401,-0.1712539353448742,0.5333781532359277,-0.1712539353448742,0.005003878374728821,9043
25742,-0.17133551938807645,0.023736561710295156,-0.17133551938807645,-0.007362441140256165,9044
25825,-0.17145670073492947,0.5080731793725419,-0.17145670073492947,0.0,9045
21886,-0.1718377887573982,0.5770602459454625,-0.1718377887573982,0.0,9046
28958,-0.17205300639135845,0.15528690585425897,-0.17205300639135845,-0.0015839732812671925,9047
27468,-0.1721923309569956,0.33361083285019655,-0.1721923309569956,-0.01647211467416987,9048
26722,-0.17221448945610462,0.40505687937132384,-0.17221448945610462,0.03527429655597775,9049
28386,-0.17230205856125527,0.14167810607815542,-0.17230205856125527,0.020789770923804296,9050
20121,-0.17231593109487486,0.25926289948106496,-0.17231593109487486,0.00807249367702767,9051
20531,-0.17273094341141138,0.2425764285213992,-0.17273094341141138,-0.002385156652992493,9052
24099,-0.17282498120904735,0.11953280063530794,-0.17282498120904735,-0.024063025027189877,9053
21120,-0.17358041223160953,0.3384690431672102,-0.17358041223160953,0.00395148501332554,9054
22525,-0.17371843225183908,0.0954192177709869,-0.17371843225183908,-0.00012754049965871261,9055
26388,-0.1737654821135487,0.6184488282116766,-0.1737654821135487,-0.0022186210300169096,9056
28077,-0.1741264318714841,0.18586448478389547,-0.1741264318714841,-0.013365162157282673,9057
24205,-0.17468929934620203,0.30925343831808594,-0.17468929934620203,0.0,9058
24874,-0.17485008764819976,0.16445591947055932,-0.17485008764819976,0.09387653925914538,9059
20723,-0.17499848228854825,0.11357909742665795,-0.17499848228854825,0.03135987003698637,9060
20378,-0.17503959207346473,0.20444188115551468,-0.17503959207346473,-0.008369375322164085,9061
28089,-0.175083399864162,0.3107985262559512,-0.175083399864162,-0.005550026084339077,9062
28478,-0.1751523262306662,0.18516829839717006,-0.1751523262306662,0.02402184136699992,9063
23623,-0.17543840667239738,0.12775755235050854,-0.17543840667239738,-0.002542940558970752,9064
27805,-0.17546720475386843,0.1534295297247074,-0.17546720475386843,-0.017616116128638615,9065
24018,-0.17549965619189423,0.5550853118844469,-0.17549965619189423,0.005504699177179995,9066
25782,-0.17558080038151508,0.3626194961748988,-0.17558080038151508,0.017221865162689975,9067
21347,-0.1758709408290383,0.5705734308782937,-0.1758709408290383,0.0006766674651629279,9068
23146,-0.1760097680190768,0.06953213875330687,-0.1760097680190768,0.008029048817637385,9069
28541,-0.1760287943605342,0.5327873580690669,-0.1760287943605342,0.002453421408207368,9070
27364,-0.1761152587828123,0.33168605627240444,-0.1761152587828123,0.027611084272049113,9071
22467,-0.17625946320322336,0.15056529504273233,-0.17625946320322336,0.09687813223336447,9072
29936,-0.17668490064218828,0.25918060096455625,-0.17668490064218828,-0.015217292096106672,9073
24351,-0.17668534578086553,0.2945876380571223,-0.17668534578086553,0.027512846782633993,9074
27039,-0.17683427514985472,0.23603971206997015,-0.17683427514985472,0.013656209304707678,9075
28040,-0.17693561650977724,0.04552979821045338,-0.17693561650977724,0.003496378662523003,9076
26470,-0.17696263565477008,0.23684446899452613,-0.17696263565477008,0.03020142614676835,9077
29227,-0.17725675846640987,0.4612196736476274,-0.17725675846640987,0.0017725056266995054,9078
28760,-0.17764755870231153,0.3578724924278899,-0.17764755870231153,0.004135576990455858,9079
20866,-0.17773193375859925,0.32059194676750624,-0.17773193375859925,0.012610066917493001,9080
23365,-0.1780676658088723,0.29858866353251196,-0.1780676658088723,0.0051707744412592405,9081
29221,-0.178240808793597,0.4096240686339399,-0.178240808793597,0.015471322592170988,9082
28616,-0.17849143624630695,0.10267126092798098,-0.17849143624630695,0.014846426546471558,9083
25823,-0.17901192750198758,0.0532045086616302,-0.17901192750198758,0.0020697833938412846,9084
21962,-0.1791151769917742,0.4728722362861822,-0.1791151769917742,0.05113525672711294,9085
24942,-0.17952704992259166,0.29677999450403486,-0.17952704992259166,-0.0024281102611278804,9086
29314,-0.17953411235779393,0.33520958434892767,-0.17953411235779393,-0.016722359911037876,9087
23031,-0.17967187873164336,0.2521284735576796,-0.17967187873164336,-0.012722995249287938,9088
25190,-0.17975090692950635,0.4606651831565527,-0.17975090692950635,0.0,9089
21752,-0.18004708235096778,0.5029662951617403,-0.18004708235096778,-0.002848435206665445,9090
21841,-0.18007640182776252,0.1023026761867505,-0.18007640182776252,-0.02079980246556895,9091
22624,-0.18008230560720873,0.25625682633541935,-0.18008230560720873,0.016286436890724343,9092
24178,-0.18012131088720446,0.3040197763515328,-0.18012131088720446,-0.002418005262433409,9093
27891,-0.18015314676176994,0.17813581306445966,-0.18015314676176994,0.035106803956704125,9094
21461,-0.18022124118943364,0.05065745456650436,-0.18022124118943364,0.01645982160468734,9095
22845,-0.18057293772115882,0.22875693092429197,-0.18057293772115882,0.013911619080487492,9096
21081,-0.18070691260803118,0.19522578723673795,-0.18070691260803118,-0.023724977627649024,9097
23458,-0.18096486966095604,0.09088912054247018,-0.18096486966095604,-0.0069357612789472944,9098
25865,-0.18134794072668042,0.43522863663283334,-0.18134794072668042,0.016667973027440164,9099
29312,-0.1820269238636283,0.10050331672906776,-0.1820269238636283,-0.02356231267193587,9100
20425,-0.1820622007449802,0.3751920577856476,-0.1820622007449802,-0.001131778990785648,9101
27330,-0.18214395182282483,0.4071369214223288,-0.18214395182282483,0.0019231544179534321,9102
26883,-0.1824211223710334,0.14794241078299372,-0.1824211223710334,-0.0013439344089901661,9103
28174,-0.18242313945287297,0.19370502868218914,-0.18242313945287297,0.015483126971452488,9104
20444,-0.18250870982545525,0.23165631069710846,-0.18250870982545525,0.0347366306681931,9105
21073,-0.18259176337071303,0.2534730853742217,-0.18259176337071303,-0.003707506889534029,9106
21876,-0.1827299464246987,0.2744715997115402,-0.1827299464246987,0.0043530092968634415,9107
20304,-0.18278460154067333,0.5714596384377852,-0.18278460154067333,0.0,9108
27209,-0.18280668913490644,0.37774762869220174,-0.18280668913490644,0.011622674490158857,9109
28238,-0.18284310420439284,0.12262987700212322,-0.18284310420439284,-0.01354801447858428,9110
26958,-0.18286474686613008,0.5587220525949202,-0.18286474686613008,0.0016644610312311903,9111
21229,-0.18320430041384814,0.21125506907080346,-0.18320430041384814,-0.0023256357433287245,9112
28667,-0.18418087697244795,0.17919328376343685,-0.18418087697244795,0.023190690130137304,9113
29039,-0.18421840402466133,0.13066932062568287,-0.18421840402466133,-0.015380447913218076,9114
29976,-0.18441139327973016,0.11581206628972397,-0.18441139327973016,-0.006284626264704329,9115
27658,-0.18448767657930626,0.20868535623164403,-0.18448767657930626,0.016796565899521,9116
23045,-0.1847656650533206,0.3741046443899806,-0.1847656650533206,0.01376708005607552,9117
29022,-0.18483292388517455,0.006643977296670782,-0.18483292388517455,-0.02819472892520103,9118
21125,-0.18544406626589527,0.2725015625385688,-0.18544406626589527,0.058384190468841524,9119
27123,-0.18550823369461994,0.22017154352642676,-0.18550823369461994,0.005327533430793618,9120
28084,-0.18558362382057678,0.131056683060328,-0.18558362382057678,0.03668132027868859,9121
25624,-0.18578527652998678,0.44818560017587306,-0.18578527652998678,0.004470101073282384,9122
27442,-0.1860199429027024,0.1933256015272783,-0.1860199429027024,0.0015114759495314933,9123
21420,-0.18610450898688974,0.14171852425026327,-0.18610450898688974,0.010900851804663325,9124
28651,-0.1861406672812438,0.01249244458407001,-0.1861406672812438,-5.145510292403621e-05,9125
26391,-0.18637233082378277,0.07646718012215667,-0.18637233082378277,0.003323298024631438,9126
20850,-0.18646804569747222,0.3679139034603516,-0.18646804569747222,0.014229440221138256,9127
25095,-0.186559288392673,0.3671092385517928,-0.186559288392673,0.003081423361650515,9128
20988,-0.18701143792051117,0.22207185645485095,-0.18701143792051117,0.046232817818859684,9129
26506,-0.18735010148283,0.29304369859545326,-0.18735010148283,0.0005333613252140879,9130
25927,-0.18737106527683298,0.17491445783003692,-0.18737106527683298,0.03159270148350457,9131
26624,-0.1874746925489469,0.07331342185024409,-0.1874746925489469,-0.01746132327847033,9132
23620,-0.18767984960019404,0.06519617466779945,-0.18767984960019404,0.01208139400573674,9133
27499,-0.1877164660479328,0.2559236149940101,-0.1877164660479328,0.01831579629717256,9134
28272,-0.18787143987242633,0.05155850007533418,-0.18787143987242633,0.030595799872256857,9135
22696,-0.18788507312477526,0.0656856947247123,-0.18788507312477526,-0.010657970846508436,9136
24130,-0.18799116032955876,0.4722140081613089,-0.18799116032955876,0.015689299494102804,9137
26950,-0.1880640671741991,0.27001140154316905,-0.1880640671741991,-0.022034254797285047,9138
23504,-0.18825786312369114,0.07311646099079634,-0.18825786312369114,0.017187195835873165,9139
28194,-0.18875931679400695,0.061118629134346014,-0.18875931679400695,0.01356303046346391,9140
28742,-0.1888095655572063,0.6827190975104277,-0.1888095655572063,0.0,9141
20248,-0.18901507164734832,0.28631622045143806,-0.18901507164734832,-0.008443923936140574,9142
28482,-0.18928000299179945,0.16105102161498738,-0.18928000299179945,0.04450434454566615,9143
20684,-0.18954876963498796,0.3129900521171786,-0.18954876963498796,-0.002039523051803549,9144
25727,-0.18970253734271936,0.5216737755838874,-0.18970253734271936,0.003607347010813222,9145
21352,-0.18981646407097785,0.046917068855622746,-0.18981646407097785,0.0066000725395417015,9146
23147,-0.18996123768205914,0.126918561680247,-0.18996123768205914,0.024347390115290357,9147
29372,-0.19047563162790085,0.18470779080207997,-0.19047563162790085,-0.002400724267887955,9148
28816,-0.19058757039817287,0.15899852949733534,-0.19058757039817287,0.00467570356900604,9149
29226,-0.190606626927907,0.18883818472636318,-0.190606626927907,0.04034218884873708,9150
24436,-0.19068122381718983,0.10901965063994971,-0.19068122381718983,-0.017140964551349336,9151
26951,-0.1909162025643211,0.09292610272069154,-0.1909162025643211,-0.015889407267149214,9152
20551,-0.19110025442912315,0.6431777907608437,-0.19110025442912315,-0.002249172194641935,9153
27453,-0.19131389545415606,0.4099891557579291,-0.19131389545415606,0.01005447203023846,9154
27263,-0.19137790252451256,0.13577758481562527,-0.19137790252451256,-0.009777822814526105,9155
20002,-0.1914553691814897,0.13923380819382702,-0.1914553691814897,0.005249517196261766,9156
23598,-0.19149984817552793,0.2072416636062672,-0.19149984817552793,-0.0023874931863968607,9157
20060,-0.19166886067739014,0.3915402063238063,-0.19166886067739014,-0.006951249090302092,9158
26258,-0.1918738928179285,0.19102760085050502,-0.1918738928179285,-0.027024890626998588,9159
21281,-0.19213753423901292,0.5042391671284665,-0.19213753423901292,0.022249597170763857,9160
25777,-0.19237377191244906,0.09905259005718112,-0.19237377191244906,0.007927053121002892,9161
28853,-0.19296740073580976,0.22965294221555965,-0.19296740073580976,-0.0021683136156350757,9162
24399,-0.1934418844838558,0.17702500424437956,-0.1934418844838558,0.0106967986981083,9163
21744,-0.19349656730997222,0.6369071832808675,-0.19349656730997222,-0.002250888772212356,9164
20831,-0.19359158769032614,0.24245498433665635,-0.19359158769032614,0.01838024116661585,9165
22841,-0.19360016300613064,0.34575174067542297,-0.19360016300613064,0.007210278740745868,9166
26602,-0.193612596636336,0.186777800385175,-0.193612596636336,-0.026735070880142653,9167
26747,-0.1937083713854884,0.35668135878981305,-0.1937083713854884,0.001674810639211377,9168
26371,-0.19376569150356132,0.37231640319762654,-0.19376569150356132,0.0071057205411886315,9169
28736,-0.193893358174782,0.23398691963336696,-0.193893358174782,-0.012961366210184622,9170
26189,-0.19392377613460865,0.08940184884496473,-0.19392377613460865,-0.0163756179893777,9171
20331,-0.19401524529526162,0.1041557732146833,-0.19401524529526162,-0.0014187380787359927,9172
21396,-0.19402889694313474,0.037838601041976894,-0.19402889694313474,0.0019287203323812285,9173
23104,-0.19416724011755393,0.22600491047652638,-0.19416724011755393,-0.012883043362175661,9174
28865,-0.1943226241242595,0.1853370858015762,-0.1943226241242595,0.028102065334495108,9175
21225,-0.19450665642686887,0.2599782843282258,-0.19450665642686887,0.017476322511624454,9176
23263,-0.19500356143682243,0.01804968875981197,-0.19500356143682243,0.02731237832583991,9177
29304,-0.19502309489997066,0.36842110041612647,-0.19502309489997066,0.03291673385762839,9178
20524,-0.19532104510748244,0.4409021286415696,-0.19532104510748244,0.01823624165721427,9179
20965,-0.19534773964641533,0.29009346703191696,-0.19534773964641533,0.03163608348319724,9180
25733,-0.195502052699945,0.13687073631413657,-0.195502052699945,0.03842628800850012,9181
26466,-0.19593833504148528,0.38189731005139194,-0.19593833504148528,-0.03327179340735387,9182
23543,-0.1959425945438545,0.04269677751894846,-0.1959425945438545,0.013391241460222664,9183
28888,-0.19600886681993357,0.5869206349611221,-0.19600886681993357,0.0014603927657985682,9184
24391,-0.1961078779332608,0.5861177559376972,-0.1961078779332608,-0.0010857737413316748,9185
21297,-0.1961302647397859,0.6367050857240855,-0.1961302647397859,0.0,9186
29207,-0.19697670371691584,0.11862038751881472,-0.19697670371691584,0.0029266392230905547,9187
21938,-0.1970157329427793,0.21802761977103852,-0.1970157329427793,0.03864893073325387,9188
24739,-0.1971099790715335,0.3582158416645653,-0.1971099790715335,-0.0023545806507964118,9189
27586,-0.19771341883979363,0.18659367219627068,-0.19771341883979363,0.01997826068875702,9190
27784,-0.19788721197494313,0.38955476144570583,-0.19788721197494313,-0.002347039754213631,9191
23716,-0.19802006036585007,0.5202232266650305,-0.19802006036585007,-0.0022624868009283317,9192
28057,-0.19811248842635845,0.16226788520720895,-0.19811248842635845,-0.0038809773620770427,9193
27258,-0.19813093346575822,0.2863310756025538,-0.19813093346575822,0.02835011716589675,9194
25705,-0.1982430682776904,0.26973691288434803,-0.1982430682776904,-0.0046795824397842245,9195
27471,-0.19829727470103486,0.2817123154424478,-0.19829727470103486,0.0,9196
24490,-0.19842878906099737,0.24071511490747705,-0.19842878906099737,0.00981264501236312,9197
23555,-0.19849241420737868,0.05698251023649098,-0.19849241420737868,-0.013739163584721159,9198
29612,-0.19879286992694337,0.040242220623650425,-0.19879286992694337,-0.00783898072291872,9199
24267,-0.19922182616712747,0.5121085751446235,-0.19922182616712747,0.011707778594066798,9200
21692,-0.19932631039839027,0.311035566062745,-0.19932631039839027,0.04952854257705608,9201
25187,-0.19954687526798187,0.555605545399595,-0.19954687526798187,-0.023682915106724156,9202
24995,-0.19955556528421997,0.3478710419765321,-0.19955556528421997,-0.00037387021519763586,9203
27639,-0.19965759957211782,0.3636108607789279,-0.19965759957211782,0.01815368764178038,9204
29767,-0.19972875493954617,0.33405658707282476,-0.19972875493954617,0.011428932328076513,9205
25781,-0.20014156223736523,0.541264400501337,-0.20014156223736523,0.0006006149304440545,9206
29706,-0.20021538731598315,0.4470873662462613,-0.20021538731598315,0.018824205692850482,9207
24784,-0.20028912999931112,0.1882795333111685,-0.20028912999931112,0.019708166830788854,9208
28956,-0.20050821149836395,0.6644513258776167,-0.20050821149836395,0.0,9209
25487,-0.20056711872784133,0.3996694657669982,-0.20056711872784133,0.020742118545198585,9210
22659,-0.2008566963215458,0.34432567444675855,-0.2008566963215458,0.007139839384778024,9211
20806,-0.2009922261621243,0.07643127800387696,-0.2009922261621243,-0.015232359810083473,9212
28343,-0.20121460578147632,0.08207268350894527,-0.20121460578147632,0.004754532305908443,9213
21574,-0.20153503253440622,0.1824122236441825,-0.20153503253440622,-0.0017707099152063366,9214
28849,-0.20162521799251304,0.3149553715172117,-0.20162521799251304,0.0026875257916330053,9215
23241,-0.2018607836154274,0.14005066157862847,-0.2018607836154274,0.0177289235510934,9216
27006,-0.20223846864951497,0.2210174188944756,-0.20223846864951497,0.010248912544381372,9217
27267,-0.20228623596668793,0.05335360382018926,-0.20228623596668793,-0.009313575575001704,9218
20296,-0.2023931196553828,0.18874892081600458,-0.2023931196553828,-0.005530998863321757,9219
21537,-0.20274920265473229,0.2001651199711803,-0.20274920265473229,0.01426907830067825,9220
28543,-0.2028039035133125,0.3075264825841458,-0.2028039035133125,-0.003386165965065746,9221
29743,-0.20304343764935628,0.48651976543722,-0.20304343764935628,0.007270397218242297,9222
27785,-0.20344388779901945,0.5026374367616057,-0.20344388779901945,2.9964757102707296e-05,9223
24116,-0.20348038182790507,0.4417669892923053,-0.20348038182790507,0.0,9224
23097,-0.20373794601673234,0.03204259943838037,-0.20373794601673234,5.228514755928337e-06,9225
26335,-0.2043610542269148,0.28422179938701014,-0.2043610542269148,-0.0014203711654174889,9226
25785,-0.20493121777688394,0.2905181856935331,-0.20493121777688394,0.00013627402512594866,9227
22647,-0.20522918125410922,0.2914053337272617,-0.20522918125410922,-0.007065262805396988,9228
27556,-0.20540020036749052,0.39642225110022866,-0.20540020036749052,-0.006057237276849925,9229
25926,-0.20572456786519466,0.05165380093940041,-0.20572456786519466,-0.006289787312405315,9230
29305,-0.20574015833595977,0.36681797164384916,-0.20574015833595977,-0.002852767976102344,9231
29107,-0.2057762375948275,0.2160702050770238,-0.2057762375948275,0.039883027371343194,9232
25704,-0.20583607937984802,0.2400592184507622,-0.20583607937984802,0.02969463209987938,9233
23099,-0.20621914694420013,0.4460226762292983,-0.20621914694420013,0.008780110581017353,9234
25346,-0.20627028133750885,0.14038900749365002,-0.20627028133750885,0.04094932525353545,9235
20712,-0.20649026080773514,0.3071967673119197,-0.20649026080773514,-0.0012786563449544985,9236
23563,-0.20663067149257258,0.46020983498411466,-0.20663067149257258,0.02784949693600758,9237
25640,-0.2068151884853686,0.03535374627723852,-0.2068151884853686,-0.020694805464173294,9238
27197,-0.20698553473576733,0.24843689019091628,-0.20698553473576733,0.026288069482512333,9239
23390,-0.2072618899315417,0.37038072054208704,-0.2072618899315417,0.013807960964598964,9240
28087,-0.20744473118290183,0.17064120016887194,-0.20744473118290183,-0.0008833034699616826,9241
28206,-0.20750174162381396,0.5254358749754166,-0.20750174162381396,0.023526824524791823,9242
24811,-0.2075428361129278,0.4137572986653447,-0.2075428361129278,0.007542288546993459,9243
29519,-0.20786974605948216,0.6270953364116776,-0.20786974605948216,0.0026563704814795974,9244
21246,-0.20809930680828148,0.6069234753323312,-0.20809930680828148,-0.002167015189399213,9245
27989,-0.2081851339663312,0.5230167102505431,-0.2081851339663312,0.011544881139346264,9246
22896,-0.20835827118849076,0.25044177025603465,-0.20835827118849076,0.024151431578388116,9247
26217,-0.20849424741319605,0.2799633292458835,-0.20849424741319605,0.004045488644554673,9248
21451,-0.20885237295847198,0.23587634734680157,-0.20885237295847198,0.023723011634086077,9249
20691,-0.208869898103632,0.38338170560206963,-0.208869898103632,0.023476003251198474,9250
21498,-0.2089380187954937,0.16738088261736014,-0.2089380187954937,0.025773688012007523,9251
24339,-0.20954439645816306,0.11458418834930159,-0.20954439645816306,-0.011888310570875471,9252
26155,-0.20979750092811653,0.2499463180174353,-0.20979750092811653,0.013334540247616378,9253
25345,-0.21015728871192832,0.15590874576441435,-0.21015728871192832,0.01867550174326371,9254
20008,-0.21017550287965908,0.45794331593521526,-0.21017550287965908,0.005357897229209985,9255
23485,-0.21039507907330118,0.2806512668578136,-0.21039507907330118,0.2085014394731985,9256
24067,-0.21066105254718337,0.40801130358783577,-0.21066105254718337,0.01845203606783785,9257
28143,-0.21082146293326676,0.741487128089958,-0.21082146293326676,0.0,9258
27075,-0.21100237802622696,0.20919635269183734,-0.21100237802622696,0.02561552676152179,9259
21673,-0.21106333658870086,0.3668514638179244,-0.21106333658870086,0.023784215529227992,9260
21883,-0.21127016471591636,0.3101668208743175,-0.21127016471591636,0.029490906836677266,9261
28585,-0.2117072933633865,0.41191860750596704,-0.2117072933633865,0.012259149000893421,9262
23058,-0.2117384178473879,0.7166252305621555,-0.2117384178473879,0.010514915993425134,9263
22761,-0.21186909964793466,0.5745061498410471,-0.21186909964793466,0.0,9264
25653,-0.21187464416034685,0.155908059576709,-0.21187464416034685,-0.009278639370139452,9265
23226,-0.21191100107706823,0.2946719295231404,-0.21191100107706823,0.047656486516000685,9266
23833,-0.21203394897997732,0.04028203606679006,-0.21203394897997732,-0.026623077546103463,9267
26739,-0.21204993338325157,0.08991317357606698,-0.21204993338325157,0.0019224837863016653,9268
25743,-0.2123330969256646,0.5339457789127681,-0.2123330969256646,0.001747240653347526,9269
26237,-0.21330812945652972,0.09578504212535162,-0.21330812945652972,-0.03202840175208893,9270
20923,-0.2134455859548634,0.34353639170794936,-0.2134455859548634,-0.005772556702661469,9271
25410,-0.21349597269325604,0.5093031671415452,-0.21349597269325604,0.014526865817953372,9272
20998,-0.21383865012776004,0.6756444839148501,-0.21383865012776004,0.0,9273
29478,-0.21421582813336304,0.618888995093535,-0.21421582813336304,0.032227888951867234,9274
29600,-0.21423952868040747,0.041931484449937335,-0.21423952868040747,-0.03227927489806648,9275
25466,-0.21462396801845923,0.28097418450419404,-0.21462396801845923,-0.00995658240426267,9276
22310,-0.2146483247007705,0.09379960184259285,-0.2146483247007705,0.004714790192410279,9277
28494,-0.21494443349807338,0.1448282816689392,-0.21494443349807338,0.0146102836380268,9278
22031,-0.2151739361215997,0.1471585861744524,-0.2151739361215997,0.021370102242887934,9279
21997,-0.21532298737360175,0.20333672402679984,-0.21532298737360175,0.022598102069776915,9280
29299,-0.21548625398203317,0.20629711380483287,-0.21548625398203317,-0.036061363391819645,9281
23937,-0.2155663147867529,0.06570025796790577,-0.2155663147867529,-0.008415855082213597,9282
26126,-0.21558777101058335,0.011916148030390358,-0.21558777101058335,0.018704924702553083,9283
22878,-0.21595541224545245,0.41670188699144906,-0.21595541224545245,-0.00778038411267068,9284
27308,-0.21614589248137528,0.28652781023073115,-0.21614589248137528,-0.007952215734372547,9285
29589,-0.21619358680465578,0.12033195566019178,-0.21619358680465578,0.0015034822441422069,9286
28605,-0.21627288580967463,0.34530261162299636,-0.21627288580967463,0.010249657984525484,9287
24673,-0.21639902149077617,0.09959783641501961,-0.21639902149077617,0.03642138203178891,9288
26862,-0.21640529836562633,0.39443204563472795,-0.21640529836562633,-0.009212692629853247,9289
28415,-0.21642486280058015,0.10125925994072467,-0.21642486280058015,3.591057241947304e-05,9290
23313,-0.21666320710315082,0.14329465893314444,-0.21666320710315082,0.004903625716509319,9291
28755,-0.21671816168313296,0.1911313599534149,-0.21671816168313296,-0.005552578657941398,9292
28070,-0.21687985107499216,0.07385643829342173,-0.21687985107499216,-0.024979685541150654,9293
29316,-0.21718374868450824,0.3171860920112641,-0.21718374868450824,0.002187794098222895,9294
29501,-0.21724660718062883,0.4174209002591286,-0.21724660718062883,0.009340422371571955,9295
22616,-0.21735863189203514,0.08180664840190527,-0.21735863189203514,0.0032145650112024304,9296
27512,-0.2174215824271567,0.5150933868382751,-0.2174215824271567,0.0,9297
26496,-0.21744173681315426,0.7403894710673187,-0.21744173681315426,0.0024148727116535262,9298
29298,-0.21753443228625902,0.10902043110702998,-0.21753443228625902,0.01960930916067294,9299
21490,-0.21757228655353586,0.23685665633354866,-0.21757228655353586,0.022434007041359172,9300
23632,-0.21760804294201647,0.4628455892845981,-0.21760804294201647,-0.000325792060065222,9301
27904,-0.21764450817638348,0.38091796831067815,-0.21764450817638348,-0.002271931527307869,9302
28454,-0.21768811164620866,0.3855698867288992,-0.21768811164620866,-0.011735172667213356,9303
27575,-0.2179611793144623,0.29499714104769786,-0.2179611793144623,0.0,9304
20890,-0.21805140208676277,0.5739096927790608,-0.21805140208676277,0.011055337854617098,9305
20594,-0.21815669254486086,0.33974123053674826,-0.21815669254486086,0.007162519155605396,9306
20989,-0.21818547144273015,0.6196768290741074,-0.21818547144273015,-0.0022078364461689537,9307
22591,-0.21828259895223556,0.41523615710236483,-0.21828259895223556,-0.0024058291338904247,9308
26744,-0.2183927409775034,0.18703741918297281,-0.2183927409775034,0.033977960880526736,9309
29407,-0.2186403787174441,0.024071015111064742,-0.2186403787174441,0.0022978021541982807,9310
20647,-0.21878437961323735,0.14646566102243982,-0.21878437961323735,0.005368836417335432,9311
28739,-0.2188018645913502,0.08013343819271185,-0.2188018645913502,0.015326843477111385,9312
29849,-0.21926943955915504,0.11100287310014292,-0.21926943955915504,0.0013345941910354875,9313
27218,-0.21944762953951924,0.5378243916240082,-0.21944762953951924,0.0,9314
26218,-0.21951134402063444,0.45363386986562637,-0.21951134402063444,0.0018577549117304581,9315
24517,-0.2198465014027759,0.024064567277515794,-0.2198465014027759,0.028158553670515063,9316
25278,-0.22003902164956035,0.1923836127191324,-0.22003902164956035,-0.004386837124943921,9317
29188,-0.22013348535462343,0.22341090653068932,-0.22013348535462343,0.019287876210919985,9318
29812,-0.22022239781376013,0.20918835322876267,-0.22022239781376013,0.06368701713836039,9319
29851,-0.22023095255224956,0.3609843968629921,-0.22023095255224956,-0.012701653694415116,9320
26468,-0.22062113602460273,0.17404143755476456,-0.22062113602460273,0.012144124154996438,9321
20211,-0.22076466035187747,0.10694737685939996,-0.22076466035187747,0.0037052177612005854,9322
28826,-0.22080604820666447,0.10282450724018896,-0.22080604820666447,0.00658244913306455,9323
25593,-0.22092141772278584,0.6932038504012459,-0.22092141772278584,0.0,9324
26689,-0.22100426718065103,0.3286385362746812,-0.22100426718065103,-0.01162631841351558,9325
25470,-0.2211141031966571,0.053058709504116425,-0.2211141031966571,-0.0027630814368415635,9326
25519,-0.2211565763753733,0.15176380080552634,-0.2211565763753733,0.006865010052425846,9327
24835,-0.22117685168853002,0.1861992395016403,-0.22117685168853002,0.006579713356236749,9328
25522,-0.2213998438205349,0.4269303238262625,-0.2213998438205349,0.018956647762151002,9329
26238,-0.22146255150527505,0.06792320964003273,-0.22146255150527505,-0.01383080762859229,9330
27284,-0.22168440742620132,0.38599826447872976,-0.22168440742620132,0.006638226721767504,9331
23340,-0.22216102290095896,0.5408123882535907,-0.22216102290095896,-0.001084575433954238,9332
21598,-0.2222181962152377,0.20583000675062546,-0.2222181962152377,0.05233456176575296,9333
24821,-0.2222407288454975,0.09574301000539943,-0.2222407288454975,-0.008941875250882081,9334
26989,-0.2222966126946461,0.20131488002961537,-0.2222966126946461,0.07070655515369878,9335
23071,-0.2222983615085445,0.02678651892737346,-0.2222983615085445,0.037511121714659756,9336
22781,-0.22249626382062293,0.5198910719444515,-0.22249626382062293,0.0,9337
22500,-0.2226883369290868,0.3439607584899134,-0.2226883369290868,0.01165470049014572,9338
20895,-0.22276997092619383,0.3895893538328909,-0.22276997092619383,0.0010742142519843956,9339
22337,-0.22281442532930518,0.3042738562542415,-0.22281442532930518,0.03299142172659403,9340
22877,-0.22308714418181608,0.5647734470047275,-0.22308714418181608,0.004045743341457131,9341
21771,-0.22317614669242167,0.1572387440120149,-0.22317614669242167,0.027175477228969735,9342
27084,-0.2232731579393197,0.017230746753196947,-0.2232731579393197,-0.0217626326899783,9343
28436,-0.2235598019876791,0.05030988907081258,-0.2235598019876791,0.0010688256613366476,9344
23184,-0.22359637147866862,0.6622245724105663,-0.22359637147866862,0.0,9345
22111,-0.2238110072266225,0.5378960598901648,-0.2238110072266225,0.01045708003656598,9346
25928,-0.22382482864338438,0.26796781715918294,-0.22382482864338438,-0.012445107560878466,9347
23213,-0.22407170078544061,0.02905392730921195,-0.22407170078544061,0.005662525162414445,9348
25661,-0.22422773666737927,0.5418827187018932,-0.22422773666737927,0.02772111432980362,9349
22578,-0.22424078050561586,0.34368630218361246,-0.22424078050561586,0.023675704816350895,9350
26925,-0.22449929100603971,0.10823211026889658,-0.22449929100603971,0.0069584396459465014,9351
23557,-0.22495198937414784,0.5523244888164609,-0.22495198937414784,-0.0001156007093706668,9352
26845,-0.22496883211271446,0.06607880423113327,-0.22496883211271446,0.0034902542359177002,9353
20176,-0.2250923301833338,0.2696029528827158,-0.2250923301833338,0.01737896879224521,9354
23268,-0.225205454972833,0.38297061488732026,-0.225205454972833,-0.0024054824937326247,9355
22477,-0.2260351352721237,0.0378513029970876,-0.2260351352721237,0.017165048429955948,9356
27996,-0.22643407430175266,0.46953675399185013,-0.22643407430175266,0.00036552737637540744,9357
29735,-0.22650315716681355,0.07657600584604837,-0.22650315716681355,0.0017194770585687857,9358
20371,-0.22668348360073037,0.330668032921078,-0.22668348360073037,-0.014740889060659512,9359
22146,-0.226739049943202,0.41310210578222456,-0.226739049943202,0.0,9360
28991,-0.22683877082542525,0.3381009758437109,-0.22683877082542525,0.04009003570706354,9361
21465,-0.22708216879212023,0.28560377773945406,-0.22708216879212023,0.012759218276888085,9362
29670,-0.22740983484163335,0.6128129370553048,-0.22740983484163335,0.002456040022441819,9363
29131,-0.2274836678671392,0.48289568776299957,-0.2274836678671392,-0.001726438110565054,9364
24823,-0.22783054385925966,0.21927219215289767,-0.22783054385925966,0.026099592389646264,9365
28190,-0.22849560998474716,0.5445733641473919,-0.22849560998474716,0.0,9366
21806,-0.22891316797738015,0.6478731267730994,-0.22891316797738015,0.0,9367
27740,-0.22891775558412186,0.13323054590343042,-0.22891775558412186,0.01405397704976069,9368
20612,-0.22907095166692137,0.5314032112421805,-0.22907095166692137,-0.004346959189129307,9369
23545,-0.22924920791008996,0.08216835022617514,-0.22924920791008996,0.054712349527359455,9370
20283,-0.2296536994419509,0.23393984909916982,-0.2296536994419509,0.06250041136292789,9371
20518,-0.22983988958676535,0.13381809248307722,-0.22983988958676535,-0.006008970651051271,9372
29385,-0.2300610452362368,0.2434320301332453,-0.2300610452362368,0.029722491358895264,9373
22536,-0.23063447004429072,0.29013139561985646,-0.23063447004429072,-0.001717781657593287,9374
25805,-0.230645621071897,0.11602440843752616,-0.230645621071897,0.011609742292693404,9375
23740,-0.23069750468496852,0.6621594079886816,-0.23069750468496852,0.0,9376
22753,-0.23075265729832262,0.545089853398922,-0.23075265729832262,-0.0011812071597534501,9377
23736,-0.23113132048237436,0.02670317469781794,-0.23113132048237436,0.018142871987951836,9378
24688,-0.23122663920676179,0.3245737201272141,-0.23122663920676179,-0.004869396480043475,9379
26712,-0.23123662811899584,0.13319588610893604,-0.23123662811899584,0.014449800592568451,9380
25163,-0.2313419038317041,0.23363013788824266,-0.2313419038317041,-0.005157422218363739,9381
21798,-0.2319622824395181,0.10541059073079606,-0.2319622824395181,-0.033310928781619786,9382
21875,-0.23225637633165053,0.2681302027506034,-0.23225637633165053,0.007733295867075718,9383
27151,-0.23248637728310495,0.08042943715120678,-0.23248637728310495,-0.03905290340749362,9384
29457,-0.23269523823168514,0.2797098124972036,-0.23269523823168514,-0.021559548218391456,9385
20664,-0.2327033539672445,0.6378939238623708,-0.2327033539672445,0.0,9386
23174,-0.23321245944797686,0.6144380221246108,-0.23321245944797686,0.0,9387
20747,-0.23322828144038454,0.20054732517517548,-0.23322828144038454,-0.009915556171907314,9388
25122,-0.23339988006127488,0.17067257537306874,-0.23339988006127488,-0.00599883587129213,9389
25028,-0.233429438383032,0.1058262029192367,-0.233429438383032,0.026720357815293472,9390
24817,-0.23386056723424115,0.21319002611426213,-0.23386056723424115,-0.0024263276905308606,9391
28079,-0.23391259514961096,0.2292397287726949,-0.23391259514961096,-0.017910472128958965,9392
23816,-0.23397881427382428,0.1552180015639984,-0.23397881427382428,0.0,9393
25467,-0.23443428481128462,0.046692755333000414,-0.23443428481128462,-0.015064508661752352,9394
26763,-0.2345617026145423,0.13987927309045856,-0.2345617026145423,0.009974775306614947,9395
27410,-0.23461903280907526,0.260130402132528,-0.23461903280907526,0.011875418524525061,9396
25456,-0.23496935636194477,0.2342578599956731,-0.23496935636194477,-0.004201677592722386,9397
25233,-0.23524302228264443,0.17342907805712054,-0.23524302228264443,0.04568694780614391,9398
24938,-0.23529593753543376,0.7542958752150478,-0.23529593753543376,0.0,9399
23511,-0.23602669809491975,0.1889230059855995,-0.23602669809491975,0.01424260594167387,9400
23852,-0.23644153054030848,0.3057384110484197,-0.23644153054030848,-0.0011788902809363178,9401
25579,-0.2365435887352055,0.2310243407275144,-0.2365435887352055,-0.01053663046161224,9402
24761,-0.23659063261354266,0.24482313741904724,-0.23659063261354266,0.00867498394021704,9403
26347,-0.23674454937582523,0.3052064156314729,-0.23674454937582523,0.005221922919948385,9404
21570,-0.23674791609274298,0.48806578783096016,-0.23674791609274298,0.04700890557617754,9405
24984,-0.23723819762753606,0.6878902528972443,-0.23723819762753606,0.0,9406
24509,-0.2372891632759393,0.6848218409909193,-0.2372891632759393,0.0017609705450015722,9407
28846,-0.2373125214973434,0.2765769230383104,-0.2373125214973434,0.008943201313040106,9408
25251,-0.23741794398572902,0.5855151844641788,-0.23741794398572902,-0.00032357887780565253,9409
29083,-0.23778107863259013,0.4131158002417131,-0.23778107863259013,0.0,9410
22167,-0.23785502016577598,0.028910202057210573,-0.23785502016577598,-0.015579089002467739,9411
24757,-0.23792143236333407,0.2661102971909608,-0.23792143236333407,-0.002273421393566344,9412
28896,-0.23829728260988942,0.2739382170699995,-0.23829728260988942,-0.004155520928927736,9413
21992,-0.23847086352803742,0.3564903316214208,-0.23847086352803742,0.01473693004440979,9414
22871,-0.2384928834836004,0.1554721972514734,-0.2384928834836004,0.006623889589329746,9415
28939,-0.23879305648244264,0.3105079204983603,-0.23879305648244264,0.007017077171089181,9416
25792,-0.2391825128245887,0.5159675784631219,-0.2391825128245887,-0.0021530312139192986,9417
24495,-0.2392380444956615,0.19565333066843088,-0.2392380444956615,0.046385537652811504,9418
29664,-0.2394093296182146,0.6557244470198018,-0.2394093296182146,0.0,9419
21332,-0.2394397686680004,0.2037432681120819,-0.2394397686680004,0.056798584524565654,9420
20406,-0.2399574861886683,0.3317802573122073,-0.2399574861886683,-0.012926965665505497,9421
28223,-0.2403763909067702,0.3005927233048421,-0.2403763909067702,0.0006943225411850107,9422
25304,-0.2405796592038473,0.1584151768838721,-0.2405796592038473,-0.015427452933191643,9423
23589,-0.24066067856016063,0.21517645113255598,-0.24066067856016063,-0.007145587710252477,9424
22139,-0.240668870764641,0.4746348496793665,-0.240668870764641,0.014951308245013784,9425
22881,-0.2407808430393919,0.11878750124005251,-0.2407808430393919,0.031246150807143158,9426
20380,-0.24080103420403598,0.14627138265766737,-0.24080103420403598,-0.006514849296742842,9427
25375,-0.2410305606107883,0.3317406247945145,-0.2410305606107883,0.0,9428
25659,-0.24121026518351135,0.46584978043498587,-0.24121026518351135,0.0,9429
24867,-0.24142416132519373,0.6059651752129339,-0.24142416132519373,-0.0031137576269639755,9430
22693,-0.24171218501112368,0.15048094073197377,-0.24171218501112368,0.0062427748459739085,9431
21400,-0.24190351970353788,0.24129751687528653,-0.24190351970353788,0.03368712040680122,9432
21423,-0.24191869105775587,0.2406870712449058,-0.24191869105775587,0.09776322540170179,9433
29373,-0.24196774538789537,0.24731186687947457,-0.24196774538789537,0.014988129158513497,9434
27080,-0.24209676269166602,0.36778883482626334,-0.24209676269166602,0.05257213480862377,9435
21513,-0.24235971594448846,0.180166424206405,-0.24235971594448846,-0.011881447184059146,9436
21477,-0.24241548321989237,0.23304590962735128,-0.24241548321989237,0.01871113826301052,9437
27739,-0.2428626594327403,0.17786260677621699,-0.2428626594327403,0.008268905650468894,9438
24070,-0.24292989350105917,0.1348093002518793,-0.24292989350105917,-0.01591251924035819,9439
21274,-0.24392560070037503,0.12607994139422304,-0.24392560070037503,0.002352096904864487,9440
27184,-0.24394645472452392,0.4052425006541741,-0.24394645472452392,-0.028934233672086362,9441
29285,-0.24426354572860118,0.21841883347441174,-0.24426354572860118,0.04975412069185603,9442
29317,-0.2444183565860681,0.336413797888146,-0.2444183565860681,0.010035606890938298,9443
24766,-0.24457441788501735,0.13859794062968875,-0.24457441788501735,0.03076708140669293,9444
22712,-0.24494208508179216,0.5930941943038378,-0.24494208508179216,0.0,9445
27534,-0.24595090952007492,0.6746851077726972,-0.24595090952007492,0.001993276812423339,9446
26203,-0.24605056951082194,0.6173441698591625,-0.24605056951082194,0.0,9447
22554,-0.2465882032479243,0.5017261302016065,-0.2465882032479243,0.013752270858133131,9448
28507,-0.247020289023116,0.44224739227407595,-0.247020289023116,0.0016922016297415965,9449
28068,-0.24702467347840995,0.4138475355722676,-0.24702467347840995,0.002622505053646307,9450
29704,-0.24727761340718388,0.1743249556480662,-0.24727761340718388,0.04018425495683842,9451
22438,-0.24751757021782458,0.18783040129695658,-0.24751757021782458,-0.007425666154039223,9452
20800,-0.24791598650982652,0.17041192857101864,-0.24791598650982652,0.015868764855512474,9453
25489,-0.2484276109154982,0.011663729818059071,-0.2484276109154982,-0.00837309742127268,9454
23064,-0.2487691456529943,0.3877799173335756,-0.2487691456529943,0.033945865275735565,9455
21809,-0.2488930893233399,0.2413288415856595,-0.2488930893233399,-0.009459372959666812,9456
24268,-0.2494895844190081,0.2796559687180949,-0.2494895844190081,0.003681188717183592,9457
21550,-0.24950746328619658,0.14814635189841505,-0.24950746328619658,3.591178758410862e-05,9458
23897,-0.24965595185934208,0.3193412730114209,-0.24965595185934208,0.007816752242643277,9459
23052,-0.25036441896289885,0.4347693123835683,-0.25036441896289885,0.021560001401366824,9460
21671,-0.25036698272658686,0.3312432815981723,-0.25036698272658686,-0.010728922357958415,9461
20816,-0.2505049776837953,0.238750872397665,-0.2505049776837953,0.0057196851863211,9462
26235,-0.2507411833625263,0.07023818570656422,-0.2507411833625263,-0.01382622354224039,9463
28704,-0.2515105529151846,0.21814586600581487,-0.2515105529151846,0.03818589310028475,9464
24360,-0.25163736183126384,0.29849553929288,-0.25163736183126384,-0.016675883236167643,9465
23400,-0.2518684958878521,0.09867460821385138,-0.2518684958878521,-0.0032806963359418573,9466
24926,-0.2519264461978487,0.2896916804260315,-0.2519264461978487,-0.0003477273424660199,9467
25011,-0.252460677591588,0.008569940047893364,-0.252460677591588,0.03702430619434016,9468
22296,-0.25257844019582293,0.43372301521848006,-0.25257844019582293,0.0,9469
24881,-0.25319403698601683,0.16219576751084433,-0.25319403698601683,0.007593495099109837,9470
28172,-0.25324071376377244,0.563977418288149,-0.25324071376377244,0.002384790392759628,9471
27863,-0.2534279829142222,0.15194970902210203,-0.2534279829142222,0.01995143854599929,9472
25194,-0.25369604055677064,0.3385970607916078,-0.25369604055677064,-0.005616126640797636,9473
24816,-0.25372238020604776,0.40598550284090973,-0.25372238020604776,-0.00336397632892782,9474
27386,-0.25401544467626186,0.1048053114638657,-0.25401544467626186,0.005542674964001404,9475
26626,-0.2540627760368897,0.36112668915196583,-0.2540627760368897,0.013354600360512558,9476
21791,-0.2540855985749795,0.3858224234558635,-0.2540855985749795,0.009553200457179223,9477
27063,-0.2554018686493066,0.5200342875360218,-0.2554018686493066,0.00926189756643625,9478
20636,-0.2558744640741759,0.18247021996406343,-0.2558744640741759,0.012141912452982018,9479
28987,-0.2559091405031451,0.2941188409741989,-0.2559091405031451,-0.0024285308000494554,9480
21474,-0.2562070649561433,0.3206335271430151,-0.2562070649561433,-0.002339682783648156,9481
22160,-0.25626959647132647,0.34483575768443014,-0.25626959647132647,-0.006509215056603956,9482
26045,-0.25658808373472597,0.3734728146441646,-0.25658808373472597,-0.005128693824282826,9483
28231,-0.2568810306451131,0.22117390868369313,-0.2568810306451131,0.036510062684317945,9484
23436,-0.2573050202566558,0.19644754883049934,-0.2573050202566558,-0.008863987001074158,9485
26484,-0.2573148382363423,0.44772302391273994,-0.2573148382363423,0.014350642171828576,9486
28706,-0.25754533286525033,0.3056913458926313,-0.25754533286525033,0.029223049663969658,9487
23290,-0.25761221836780523,0.48819582461351363,-0.25761221836780523,-0.003804630574754997,9488
26072,-0.25772779583654554,0.04325473925495621,-0.25772779583654554,-0.014640343056137872,9489
23008,-0.25787217592509976,0.42452568868253643,-0.25787217592509976,0.0,9490
27046,-0.2584335920024641,0.12119626018932807,-0.2584335920024641,-0.012076761227860888,9491
27304,-0.2593811044950993,0.1595035817746723,-0.2593811044950993,-0.013894828922910885,9492
25115,-0.2594767603891043,0.17448592639519478,-0.2594767603891043,0.018515609265669253,9493
27924,-0.25999011891443125,0.11144272753594979,-0.25999011891443125,-4.444076401183272e-05,9494
22108,-0.2603428294682057,0.3206877531836447,-0.2603428294682057,0.004009542775455066,9495
29560,-0.26089779526680223,0.6265787624716447,-0.26089779526680223,0.0,9496
20129,-0.26107691414473744,0.18670681047471485,-0.26107691414473744,0.006661165119171475,9497
21604,-0.2617799344656815,0.5526472785482826,-0.2617799344656815,0.0,9498
22151,-0.2620339978460365,0.02888200080840806,-0.2620339978460365,0.015409002764768975,9499
20386,-0.2622408311511968,0.058771390864175,-0.2622408311511968,-0.0006210123757931507,9500
28260,-0.2623021287919688,0.5311054345890973,-0.2623021287919688,0.0059997768779216365,9501
20660,-0.2624393074031338,0.4136028964580811,-0.2624393074031338,0.018275955290624868,9502
24777,-0.26253313293068115,0.6948974444377114,-0.26253313293068115,0.0,9503
22478,-0.2625392557524232,0.27468551871889824,-0.2625392557524232,0.0020760929389828098,9504
24986,-0.26258497769648076,0.2812615146537198,-0.26258497769648076,-0.010257647308372142,9505
22099,-0.2626610125862147,0.14696740283810378,-0.2626610125862147,0.030633027511320965,9506
27783,-0.26266105935334044,0.4542116453689698,-0.26266105935334044,0.0,9507
21083,-0.26271644725217896,0.3187672290908125,-0.26271644725217896,-0.0011028470774081534,9508
23196,-0.26276224289095673,0.29370307282385544,-0.26276224289095673,0.01177619231793181,9509
29816,-0.2632539949993392,0.4370672937697887,-0.2632539949993392,0.027483902347308797,9510
29827,-0.2633353797742384,0.1939381074045716,-0.2633353797742384,0.005598381249776463,9511
23255,-0.2633842693246536,0.2647698646181796,-0.2633842693246536,0.014505617115036284,9512
27984,-0.26348255766610285,0.15724550414277436,-0.26348255766610285,0.05028764348437842,9513
27662,-0.26351464198954405,0.44052318791384343,-0.26351464198954405,0.012855539735920019,9514
25461,-0.26355166692978277,0.27317394754360386,-0.26355166692978277,-0.0024286601161606636,9515
24829,-0.26425417843906884,0.6081049123456701,-0.26425417843906884,0.015827924355331868,9516
22258,-0.2643304716466826,0.16610558384746332,-0.2643304716466826,0.010569948583903144,9517
25229,-0.26442594987858126,0.150497745476907,-0.26442594987858126,0.02184947232410217,9518
29174,-0.2645598305585166,0.10616334091387171,-0.2645598305585166,0.020769432259588827,9519
20099,-0.26466488723376524,0.18264404970767265,-0.26466488723376524,0.02304866489865326,9520
21585,-0.2649979268407362,0.26484369402346897,-0.2649979268407362,0.04467198095004499,9521
25633,-0.2650494615564796,0.015976825330321697,-0.2650494615564796,0.025236881568434677,9522
20228,-0.2654120246329491,0.18392413837672078,-0.2654120246329491,0.0046869708478252115,9523
20598,-0.26558869690287756,0.5245062280856164,-0.26558869690287756,-0.003834685546165062,9524
22419,-0.2660815334994544,0.11182824788821247,-0.2660815334994544,0.0235530573235605,9525
21941,-0.26615273700321485,0.19703465035252632,-0.26615273700321485,0.009085916385847548,9526
26476,-0.2665778273726299,0.16603609817768805,-0.2665778273726299,0.03688571639245386,9527
26848,-0.26675283126081795,0.04700992832118451,-0.26675283126081795,-0.019599697950873685,9528
29821,-0.2668625376502818,0.16758344796868943,-0.2668625376502818,0.04811815351834525,9529
25836,-0.2678609799262509,0.626013815168117,-0.2678609799262509,0.0025507548278951298,9530
24763,-0.268007354314503,0.2506294039735553,-0.268007354314503,0.004708152380981989,9531
24593,-0.26807139378690537,0.1600022270528296,-0.26807139378690537,0.006639211597960881,9532
22737,-0.26828628475973487,0.2284770096300311,-0.26828628475973487,0.0,9533
21579,-0.26832787836092586,0.5763959621463328,-0.26832787836092586,-0.005100024322238217,9534
26242,-0.26839469452214404,0.17577842424544113,-0.26839469452214404,0.0026198962393523817,9535
26879,-0.268512043031232,0.5688626772336254,-0.268512043031232,0.012008356987697644,9536
25025,-0.26868033329061286,0.2991218977673558,-0.26868033329061286,0.024825515576127555,9537
28622,-0.26908192109216833,0.07310908441345551,-0.26908192109216833,0.0019339815244742709,9538
21869,-0.26926176302908733,0.46115189514303345,-0.26926176302908733,0.03192647999970155,9539
20495,-0.2694412516042374,0.15050521668083608,-0.2694412516042374,-0.018445242599568923,9540
23874,-0.2696699985678145,0.19487564451756273,-0.2696699985678145,0.0015405131950897433,9541
28983,-0.26990663950033805,0.0781199250961584,-0.26990663950033805,-0.003313005996458729,9542
21581,-0.2702972536657967,0.698997242010769,-0.2702972536657967,0.0,9543
29961,-0.2705708648306122,0.3599329094741578,-0.2705708648306122,0.0,9544
23205,-0.2708192109331546,0.22834726217050988,-0.2708192109331546,0.009204796578754004,9545
29378,-0.27083778553923354,0.15371241624755455,-0.27083778553923354,0.0077091393444997935,9546
20340,-0.27102831522430704,0.1099196193277162,-0.27102831522430704,0.046664757067432616,9547
21621,-0.27122084385401024,0.3893324016316525,-0.27122084385401024,0.0,9548
20137,-0.2715501709670645,0.12607307892081882,-0.2715501709670645,0.03937258997708837,9549
23161,-0.2715661644775915,0.3887925244090844,-0.2715661644775915,0.058715290254846675,9550
24223,-0.2723145331337636,0.17097575950670224,-0.2723145331337636,0.08061487275220658,9551
27443,-0.2728689806990531,0.5056698769253869,-0.2728689806990531,0.0,9552
26587,-0.2730537782504141,0.4129972343201981,-0.2730537782504141,0.0173605711576712,9553
29090,-0.2735110565931005,0.2879696953378602,-0.2735110565931005,0.008889818485329104,9554
29288,-0.2739844514449958,0.3327637308203986,-0.2739844514449958,0.00572983948293071,9555
22897,-0.27400508782223376,0.09544582267035012,-0.27400508782223376,-0.030740460668776226,9556
28631,-0.2746500444065249,0.2016097114853711,-0.2746500444065249,0.021487176053863133,9557
24375,-0.275313398302585,0.3927531109037741,-0.275313398302585,0.002121353358298439,9558
26544,-0.2756275119342181,0.30202492762345745,-0.2756275119342181,0.005706233326506438,9559
28924,-0.27567417884344075,0.02597489595601958,-0.27567417884344075,0.04134778970262243,9560
28445,-0.2767586809619362,0.018229783560146477,-0.2767586809619362,-0.014439490206377026,9561
26280,-0.2768668954630942,0.40063089489767134,-0.2768668954630942,-0.0023091429019161946,9562
28710,-0.2774169980889198,0.05292743407770646,-0.2774169980889198,0.011253010185584111,9563
26753,-0.2776937167559965,0.5756625863276188,-0.2776937167559965,0.0,9564
29091,-0.2784479579948663,0.29092579828230614,-0.2784479579948663,0.011681082378184326,9565
22723,-0.2785404176552847,0.5910453176643077,-0.2785404176552847,0.0,9566
25678,-0.27854417434837353,0.2011782663594601,-0.27854417434837353,0.014085337065256276,9567
26701,-0.27919705910032,0.14885974477435923,-0.27919705910032,0.008799004861375914,9568
27834,-0.27927316790861,0.3584242771258568,-0.27927316790861,-0.003987983756694624,9569
25989,-0.2797158048045777,0.09100181310543136,-0.2797158048045777,-0.0024022004446695444,9570
20645,-0.2800775333060078,0.23380571748232712,-0.2800775333060078,-0.02816596552855155,9571
27314,-0.28036929844063335,0.2616969607370639,-0.28036929844063335,-0.0032868864387528007,9572
26494,-0.28131097812758,0.5735658594473779,-0.28131097812758,0.0,9573
27922,-0.2813526811001793,0.27395449572310127,-0.2813526811001793,-0.006196186653613434,9574
20785,-0.2816244107998701,0.22839323365201006,-0.2816244107998701,0.05898439672404027,9575
21463,-0.28199812195884527,0.49034412733208904,-0.28199812195884527,0.005869832926201246,9576
25762,-0.2821014173079728,0.5972422411928874,-0.2821014173079728,0.013710329162407997,9577
21863,-0.28222256152835856,0.4778119780831598,-0.28222256152835856,0.009808365511604245,9578
21757,-0.2823039452988543,0.26284553377072584,-0.2823039452988543,-0.0035847835527170746,9579
26005,-0.28294270165742497,0.5433988344937947,-0.28294270165742497,0.011630451163887834,9580
28627,-0.2832155938574451,0.12778626353733574,-0.2832155938574451,-0.0010431528270203327,9581
23577,-0.2839936338841703,0.3185491754748083,-0.2839936338841703,-0.0011578419588748612,9582
27979,-0.2845266159675307,0.21885833173067218,-0.2845266159675307,0.016295812922013153,9583
20744,-0.2845559236471184,0.03699359942036362,-0.2845559236471184,0.015725879760095096,9584
24434,-0.2845612275625697,0.1112855955424097,-0.2845612275625697,-0.0053140980556203865,9585
21854,-0.2850400314916164,0.0491816820541709,-0.2850400314916164,-0.009534825816573611,9586
26256,-0.2854665577320004,0.3655903015017405,-0.2854665577320004,0.0,9587
27444,-0.2859029292441069,0.3588638806001897,-0.2859029292441069,-0.002338868882453271,9588
21378,-0.28621621326504926,0.32792721143511444,-0.28621621326504926,0.03907147024267943,9589
25552,-0.2865395493509272,0.24789229238159025,-0.2865395493509272,0.007700800703749566,9590
25577,-0.28685950022585455,0.24956550069466105,-0.28685950022585455,0.007505087406024791,9591
20633,-0.28728722782261495,0.130263708329963,-0.28728722782261495,0.021218873635557467,9592
25085,-0.2876450147958408,0.14025323804269615,-0.2876450147958408,0.07450060707286238,9593
29450,-0.28769457742058197,0.309154597351503,-0.28769457742058197,0.005380712919964448,9594
25405,-0.28771735583142544,0.48262377436411963,-0.28771735583142544,0.022148897522062394,9595
27571,-0.28782012801604845,0.1339159390016546,-0.28782012801604845,-0.012714731611539964,9596
23680,-0.2887428671642235,0.2630802743940508,-0.2887428671642235,0.0063363841367901075,9597
24338,-0.28875422026836217,0.4538247381020488,-0.28875422026836217,0.00627055863066639,9598
27135,-0.28896894990146943,0.48482751341840985,-0.28896894990146943,0.0,9599
26551,-0.28898985563089247,0.22919060820540343,-0.28898985563089247,0.017564078658479088,9600
25134,-0.28901381909803914,0.17391832901204338,-0.28901381909803914,0.009274654042844888,9601
21625,-0.28906569230076595,0.6289228242326246,-0.28906569230076595,0.0,9602
20982,-0.2891855263322566,0.12677744932800447,-0.2891855263322566,-0.001649173801149706,9603
22929,-0.28941941295773776,0.07006642554603476,-0.28941941295773776,-0.002402515967907637,9604
23274,-0.2903017451264537,0.5362179886444705,-0.2903017451264537,0.0,9605
22346,-0.2903241509888952,0.11788421569837339,-0.2903241509888952,0.006951601431253229,9606
20601,-0.2905265640777837,0.4475238973393711,-0.2905265640777837,-0.0023081015590704634,9607
20338,-0.290858892239177,0.07712294318790724,-0.290858892239177,0.009102605468142788,9608
28252,-0.2908749423498277,0.07854226983342426,-0.2908749423498277,-0.007675084459856318,9609
25516,-0.29184152777458433,0.330445236201846,-0.29184152777458433,0.006136259988068105,9610
23453,-0.2919046839084337,0.35514122544295257,-0.2919046839084337,-0.002373849437404152,9611
26452,-0.29211736716103975,0.2620359123166386,-0.29211736716103975,0.003077848717336351,9612
28338,-0.29215161894200026,0.1789794855730986,-0.29215161894200026,-0.017692784946183704,9613
23664,-0.2925964035747847,0.41591129024990575,-0.2925964035747847,0.005812370670221778,9614
28994,-0.2926193209639271,0.017408239926431944,-0.2926193209639271,0.01077371180114789,9615
28354,-0.2927796334531097,0.40473666990224083,-0.2927796334531097,-0.0023642309752122115,9616
25572,-0.2933913654136533,0.06049199871178677,-0.2933913654136533,-0.011889251896887887,9617
20474,-0.29351475706399344,0.16730547513162008,-0.29351475706399344,-0.006208912572937042,9618
20687,-0.29374102676514113,0.6040166692704603,-0.29374102676514113,0.0,9619
25896,-0.2937474219488616,0.6475086714698213,-0.2937474219488616,0.0,9620
20092,-0.2938708338078857,0.11010228734825259,-0.2938708338078857,0.021096680249078736,9621
22829,-0.29417708490347294,0.21277962302322864,-0.29417708490347294,0.0032442130919022594,9622
20150,-0.2946891722981876,0.3118236828776637,-0.2946891722981876,-0.002474721586934292,9623
27750,-0.2949955299214785,0.44007161162583597,-0.2949955299214785,-0.0023721058618049184,9624
24438,-0.29505412717722784,0.3617310324168928,-0.29505412717722784,0.05682576324711408,9625
24598,-0.2954543815864603,0.4850085541596645,-0.2954543815864603,0.0,9626
24595,-0.295832020004635,0.43233625895512157,-0.295832020004635,-0.0015564425876469778,9627
27448,-0.29672089004118074,0.0335060023275581,-0.29672089004118074,0.0219194713029206,9628
23875,-0.2967531036112812,0.274894985259226,-0.2967531036112812,-0.013046614144672564,9629
20852,-0.296768910517778,0.1521910277576692,-0.296768910517778,0.026910897236949727,9630
26453,-0.29713839895942223,0.27528997560416885,-0.29713839895942223,-0.02343067503294577,9631
28214,-0.29750226004307806,0.4591347680367664,-0.29750226004307806,0.016733895346225047,9632
25864,-0.2977778741423869,0.10283603101775898,-0.2977778741423869,0.0007311439668561959,9633
22599,-0.2982625653614044,0.19423831907275835,-0.2982625653614044,0.006843752706177431,9634
24615,-0.2983366505184401,0.24101819075894287,-0.2983366505184401,-0.0033410996401606607,9635
24103,-0.29848006728874305,0.30793358602701765,-0.29848006728874305,0.00471772014596461,9636
23578,-0.2986847680158244,0.46311774720597393,-0.2986847680158244,0.02748105736417361,9637
25235,-0.29877430076350586,0.5181071981715407,-0.29877430076350586,0.012434190072419471,9638
21272,-0.29895475709012,0.42519438314746927,-0.29895475709012,0.0,9639
29427,-0.2989800696770068,0.15119896447998737,-0.2989800696770068,-0.018374174318683933,9640
29278,-0.29943094364643896,0.49506924259358487,-0.29943094364643896,0.0,9641
24733,-0.29958980931196827,0.4623969191475977,-0.29958980931196827,0.02260857480395506,9642
29444,-0.29974751460533483,0.2641340987521064,-0.29974751460533483,-0.0023765217368517666,9643
22284,-0.2999717469795342,0.22583918627872043,-0.2999717469795342,0.0,9644
22287,-0.30015175765682917,0.34945803070622933,-0.30015175765682917,-0.01632343495556321,9645
26318,-0.3003267642299226,0.3603707182292862,-0.3003267642299226,-0.005344046479140385,9646
20729,-0.3005365758227424,0.6537629040651495,-0.3005365758227424,-0.0021069156099421393,9647
22979,-0.3012712084079579,0.4391880458207202,-0.3012712084079579,-0.0005810609572376446,9648
29094,-0.3013880140557804,0.17579730207628072,-0.3013880140557804,0.0017759039805157473,9649
26517,-0.3018466233784171,0.3121426896262109,-0.3018466233784171,-0.005155528317554059,9650
20822,-0.3019131062074974,0.25201418679492876,-0.3019131062074974,0.001591894175915265,9651
26480,-0.30227514330106275,0.21692655026783647,-0.30227514330106275,0.023253402176654725,9652
20719,-0.30282648141163626,0.16760123943265268,-0.30282648141163626,0.004015369858699491,9653
29731,-0.30328983642218743,0.3213709901461792,-0.30328983642218743,0.006534831983210254,9654
28493,-0.3040587800498047,0.3700814048289077,-0.3040587800498047,0.024239705760969232,9655
29854,-0.3040738867570771,0.32343465592157933,-0.3040738867570771,0.015122032948643005,9656
26781,-0.3047788766321166,0.09153540394164389,-0.3047788766321166,0.024678710031939777,9657
20818,-0.3049312488061432,0.3881372979815543,-0.3049312488061432,-0.0055582744820039665,9658
23965,-0.306107394005431,0.043502086499569007,-0.306107394005431,0.011390363340524623,9659
27038,-0.3061686227532816,0.22282750491007386,-0.3061686227532816,0.012104654615810062,9660
27503,-0.30666053578076974,0.078243148870953,-0.30666053578076974,-0.015668199045437425,9661
23990,-0.30710050472199196,0.05692403870839152,-0.30710050472199196,0.014805949256953332,9662
28340,-0.30715532233976534,0.1374700988192455,-0.30715532233976534,0.007878321559083079,9663
20840,-0.30778735170213556,0.10139607935260062,-0.30778735170213556,-0.0023474419831329696,9664
25503,-0.3083433709862021,0.06439644498685734,-0.3083433709862021,0.023336129412214413,9665
28395,-0.3091228906867546,0.24708676879169278,-0.3091228906867546,0.002727285808540092,9666
24186,-0.3092048979138011,0.24796822453735545,-0.3092048979138011,-0.0036578367155233327,9667
24640,-0.30940242662490003,0.42424614421760043,-0.30940242662490003,-0.007807952788901895,9668
28211,-0.30952535680568816,0.18762355981044776,-0.30952535680568816,0.014353598634664233,9669
25431,-0.30959531140360336,0.34357518546614246,-0.30959531140360336,-0.017406647988430557,9670
20781,-0.30967838339107584,0.27953885744332824,-0.30967838339107584,0.021133806281916523,9671
20828,-0.31043032760337114,0.039227219173928386,-0.31043032760337114,-0.014827932403930044,9672
25253,-0.3111028900455445,0.37596964242636766,-0.3111028900455445,-0.014571287836128044,9673
25681,-0.31133738339367867,0.5755078881103978,-0.31133738339367867,0.008794756110222735,9674
22059,-0.31180687546385966,0.3346928195596316,-0.31180687546385966,-0.012455518390427911,9675
23844,-0.31202631829280686,0.4129371122123818,-0.31202631829280686,0.0,9676
23773,-0.3120760570500333,0.3610274143433123,-0.3120760570500333,0.033011360088409214,9677
29346,-0.3123468531197997,0.15388792575921875,-0.3123468531197997,-0.011746246677195593,9678
25280,-0.31268271346864784,0.219873809341935,-0.31268271346864784,0.0,9679
29326,-0.31297579280324855,0.3610131537257439,-0.31297579280324855,0.0,9680
25313,-0.31320273083070793,0.32441642333043963,-0.31320273083070793,-0.0025739348088450464,9681
24064,-0.3133081511777273,0.16555217947245277,-0.3133081511777273,0.008958595976544581,9682
28986,-0.313315532415109,0.09752733699155887,-0.313315532415109,0.007883485388190281,9683
23742,-0.31332161156100113,0.14333810990755616,-0.31332161156100113,0.004779407944074998,9684
24484,-0.31359934884148527,0.48015684680503895,-0.31359934884148527,-0.0023407697215365175,9685
20412,-0.31481910756216563,0.25219316052741675,-0.31481910756216563,0.03338348725081347,9686
27127,-0.31517965285070193,0.12869037450387447,-0.31517965285070193,-0.011940123880972209,9687
25341,-0.31641615855855576,0.1459257481422427,-0.31641615855855576,-0.009699699055237376,9688
21115,-0.3164751372166553,0.1475909483515609,-0.3164751372166553,-0.004965007139185962,9689
22571,-0.3165267525171782,0.43988840617498415,-0.3165267525171782,0.00396173045684628,9690
22378,-0.3171509156162846,0.15591169687478032,-0.3171509156162846,0.0018379009868488283,9691
22927,-0.31750752000555865,0.4257576807912435,-0.31750752000555865,-0.0037489842885308766,9692
28876,-0.31771508753560834,0.32015208164693393,-0.31771508753560834,0.01213887102547373,9693
22142,-0.31840422383386363,0.36424935978779943,-0.31840422383386363,-0.00033564577336564483,9694
20888,-0.3187793174630541,0.2587110301109443,-0.3187793174630541,0.04853188156838206,9695
24129,-0.3188294757911126,0.3522019043542766,-0.3188294757911126,-0.0017601704954507413,9696
23236,-0.31931027743810253,0.11822294063981097,-0.31931027743810253,0.015533652291095379,9697
22335,-0.3196005657608083,0.598502550163917,-0.3196005657608083,-0.011370149615998804,9698
21698,-0.31999571902372903,0.12338408292036648,-0.31999571902372903,-0.0024202339760038827,9699
28922,-0.32029547383451834,0.43497785504942105,-0.32029547383451834,0.01356148504011867,9700
26351,-0.3211107847413886,0.45213640296363306,-0.3211107847413886,0.008083997659522169,9701
20499,-0.321367055228231,0.3501651657675076,-0.321367055228231,-0.002381036361038702,9702
28842,-0.3214608236473495,0.4177418381236575,-0.3214608236473495,0.01664114571436659,9703
20359,-0.3219112244263609,0.08897269239364393,-0.3219112244263609,0.0026444375057789182,9704
21884,-0.32206079509601715,0.2972218958300935,-0.32206079509601715,0.017699367885055217,9705
27760,-0.3220792789667014,0.32186985077817654,-0.3220792789667014,-0.0014451715718766245,9706
24525,-0.32224695832491057,0.12147574105841547,-0.32224695832491057,0.008972074545754216,9707
25177,-0.32243377924223204,0.08239921336407603,-0.32243377924223204,-0.015656616435234694,9708
27296,-0.32258320609117114,0.11743095123935661,-0.32258320609117114,-0.009759794890872586,9709
27104,-0.32258696584876095,0.10030001470993573,-0.32258696584876095,-0.023259368212512288,9710
20787,-0.3231651330230565,0.22955343021884597,-0.3231651330230565,0.010878154967939757,9711
25381,-0.323707271408153,0.3265907357963233,-0.323707271408153,0.008854783373979935,9712
25672,-0.3237100559369081,0.270439748786853,-0.3237100559369081,0.012116662538325662,9713
29630,-0.3238636359584526,0.47649795946443085,-0.3238636359584526,-0.012292625987645467,9714
23247,-0.32394069626610356,0.31859957543963713,-0.32394069626610356,0.0019219908601760816,9715
26025,-0.3243039799146579,0.3372447843820748,-0.3243039799146579,0.0024024212792431165,9716
21350,-0.324539408676004,0.03480999294887739,-0.324539408676004,0.0011136221887841913,9717
20632,-0.32482402091747964,0.33224475430595724,-0.32482402091747964,-0.0023688118309027617,9718
22651,-0.32541836194798895,0.21271828056700942,-0.32541836194798895,-0.0012334982080999257,9719
24599,-0.3254489624682658,0.4771507800121041,-0.3254489624682658,0.011793697557690663,9720
20585,-0.325544133916064,0.060548040997592374,-0.325544133916064,0.0015682954894756795,9721
23662,-0.32579545059405546,0.24301746840866642,-0.32579545059405546,0.004830065222527935,9722
23590,-0.3272922425638215,0.07546568447635461,-0.3272922425638215,-0.012941958196914405,9723
22641,-0.32733981493280284,0.30249050524908694,-0.32733981493280284,0.014874268624734233,9724
24383,-0.3277467901658889,0.15175144609078642,-0.3277467901658889,0.02469759415575562,9725
29539,-0.32811079525794096,0.5030795020863299,-0.32811079525794096,0.00816754588536095,9726
21458,-0.32841555501398767,0.18323085866288766,-0.32841555501398767,0.002658141562421945,9727
26062,-0.3291277745405002,0.35766920287485565,-0.3291277745405002,-0.002395674006627102,9728
20644,-0.32932197110491157,0.382110715636513,-0.32932197110491157,-0.0034656108708094324,9729
23610,-0.3296228941983005,0.40369403481489097,-0.3296228941983005,0.026739456802687633,9730
20405,-0.32979551616331215,0.26288717453282484,-0.32979551616331215,0.0006525486530906122,9731
23020,-0.3305994017549454,0.36675273305050904,-0.3305994017549454,0.02836434618287409,9732
27371,-0.33085616496712394,0.4520536239667918,-0.33085616496712394,-0.00403314615259176,9733
21754,-0.3310955697438057,0.4557307140812773,-0.3310955697438057,0.018195733579729034,9734
24734,-0.3319326755608768,0.6467785400426134,-0.3319326755608768,0.00096634866572054,9735
28208,-0.3320684541848493,0.18282833663858247,-0.3320684541848493,-0.02983982979384936,9736
23177,-0.3323035277065718,0.4363668550049714,-0.3323035277065718,0.007673859800726657,9737
23735,-0.3327515549210058,0.4390019842453549,-0.3327515549210058,0.0,9738
24683,-0.33340081931830856,0.4724442410659153,-0.33340081931830856,-0.00222898448602038,9739
23254,-0.33340636367819937,0.018823202954106964,-0.33340636367819937,-0.018805095817714113,9740
28658,-0.33349190760093433,0.2501874308010931,-0.33349190760093433,-0.003134053427294392,9741
24269,-0.33380366210358,0.09179842237324969,-0.33380366210358,0.053650404479658964,9742
27409,-0.33420903756615283,0.4503992662665115,-0.33420903756615283,-0.007633757285096965,9743
28026,-0.33449370275689055,0.31886058027504277,-0.33449370275689055,-0.013136502117122362,9744
22472,-0.3347619570155684,0.41212803681953486,-0.3347619570155684,0.0,9745
28880,-0.33664708718661823,0.043868829957770576,-0.33664708718661823,-0.023221649435887837,9746
24177,-0.3372163765797217,0.1786509021888586,-0.3372163765797217,0.021958440773078236,9747
21543,-0.3372348886954949,0.23896555518852344,-0.3372348886954949,0.030380636297718144,9748
28686,-0.337320587934282,0.13092266495208135,-0.337320587934282,0.013008904647884734,9749
26136,-0.3376057949546983,0.1753711749106281,-0.3376057949546983,0.08499117524436095,9750
22684,-0.33784819239575925,0.2451109035952709,-0.33784819239575925,0.005224029285680554,9751
28033,-0.3386186778354784,0.03764167070954763,-0.3386186778354784,0.03788661485990186,9752
29056,-0.33875891938758,0.32174482431742407,-0.33875891938758,-0.002379696776151796,9753
25082,-0.3397721602594286,0.21529435268001204,-0.3397721602594286,0.0019904255162690454,9754
28714,-0.3404401838737555,0.32771318897334045,-0.3404401838737555,-0.0005895231544585933,9755
28735,-0.3405968941238752,0.40952313340112484,-0.3405968941238752,-0.002382892789252411,9756
24207,-0.34103521472245824,0.07760774058488071,-0.34103521472245824,-0.008826674696979508,9757
25096,-0.3424531716200092,0.1754902405226376,-0.3424531716200092,0.01780569580078889,9758
26019,-0.3428323489195614,0.07846370442153781,-0.3428323489195614,0.0032034648016535106,9759
24945,-0.34350169141551656,0.2532464525623658,-0.34350169141551656,0.008453371575222968,9760
23705,-0.344717036584743,0.48800373964992577,-0.344717036584743,0.018448826771069293,9761
24940,-0.34492219728084084,0.32464247660072365,-0.34492219728084084,-0.002337246434672924,9762
26732,-0.34519967835267595,0.11486623176621173,-0.34519967835267595,0.00897229604905464,9763
29520,-0.3462059442883012,0.18870097041357128,-0.3462059442883012,-0.00388501617560022,9764
22228,-0.34708394672980303,0.3205076151086548,-0.34708394672980303,0.0011975140888418334,9765
26842,-0.3482735469148246,0.45546045682280745,-0.3482735469148246,0.0016759304604646585,9766
20604,-0.3482774839438475,0.33999949560739906,-0.3482774839438475,0.016393613861379497,9767
23449,-0.3487099414267749,0.301697521121176,-0.3487099414267749,0.013673242285999199,9768
22859,-0.349267632535423,0.2696214009776479,-0.349267632535423,-0.0016834112204036078,9769
26720,-0.35037636828288166,0.08709413253370595,-0.35037636828288166,-0.01684964841495923,9770
20887,-0.3503991149801279,0.3599986875826866,-0.3503991149801279,0.014802071329676036,9771
27894,-0.35075797962101507,0.0760830502136324,-0.35075797962101507,0.051031317746022875,9772
20303,-0.35208409590805534,0.1596053499300879,-0.35208409590805534,-0.009226452391101758,9773
25821,-0.3523110437397081,0.31348772691778104,-0.3523110437397081,0.01257229680910893,9774
20588,-0.3523213136779296,0.48215077282255214,-0.3523213136779296,0.0545138498286627,9775
26793,-0.35312001630893913,0.13987334134635798,-0.35312001630893913,0.002298523972319888,9776
26421,-0.3534810060314045,0.3516019389345136,-0.3534810060314045,0.009489009597928533,9777
26139,-0.3539415140582347,0.06296333801830115,-0.3539415140582347,-0.013784106182198608,9778
24741,-0.35449185112396886,0.45283339010625634,-0.35449185112396886,0.002199140164703961,9779
21285,-0.35457817311056,0.1454759330539181,-0.35457817311056,0.02573755387704052,9780
22689,-0.3553064108844343,0.04586533379904734,-0.3553064108844343,-0.01595850094802298,9781
21912,-0.3560850262845415,0.113401042625475,-0.3560850262845415,-0.019334563285089035,9782
29715,-0.35786805147907014,0.3530633572122159,-0.35786805147907014,0.000355663757137914,9783
22790,-0.3581082160265225,0.018332709894409376,-0.3581082160265225,-0.01593285395377747,9784
28610,-0.3598489271382354,0.35784885635781166,-0.3598489271382354,0.015858111929010543,9785
22189,-0.359998379155593,0.0995844865541366,-0.359998379155593,0.03169718296562679,9786
24112,-0.360141037539168,0.12559635122001395,-0.360141037539168,-0.012129894398287044,9787
28090,-0.3603612475825761,0.06551094753546173,-0.3603612475825761,-0.010847670098042106,9788
23953,-0.36037694855200214,0.24501522799409187,-0.36037694855200214,0.01880983692488336,9789
28459,-0.36061079867669515,0.3861018303448976,-0.36061079867669515,-0.002264689128574915,9790
25448,-0.36097133573073104,0.15345404239236704,-0.36097133573073104,0.004347297386184945,9791
24726,-0.3615821854861086,0.15547015502162193,-0.3615821854861086,0.02297485617710071,9792
24081,-0.36181280529061477,0.34387259224383837,-0.36181280529061477,0.003187552835161478,9793
26142,-0.36225816419634005,0.2533580106370664,-0.36225816419634005,0.0032421910283816913,9794
24791,-0.36252153319492886,0.24384084891520963,-0.36252153319492886,0.017086820770429778,9795
25206,-0.3639813299068731,0.34992406615802935,-0.3639813299068731,0.005368348020572955,9796
26802,-0.3641922787689964,0.5386793750365704,-0.3641922787689964,0.0,9797
22236,-0.36521044268586617,0.25344464761871605,-0.36521044268586617,-0.00032531177490857655,9798
28597,-0.3652625811338026,0.38518222060063667,-0.3652625811338026,0.004696169606497769,9799
28959,-0.36579624642707,0.09961674807130286,-0.36579624642707,0.023218544012926723,9800
21573,-0.3665692417912653,0.284623137907504,-0.3665692417912653,0.0,9801
25930,-0.3712659991912626,0.2711453522856925,-0.3712659991912626,-0.009374219726486221,9802
23278,-0.3717553786042843,0.1999011749667042,-0.3717553786042843,0.002772119741750234,9803
25342,-0.37192619676002786,0.3831643646906823,-0.37192619676002786,0.020281137499163826,9804
24417,-0.37220176812747974,0.24416467376384346,-0.37220176812747974,-0.002356020508569534,9805
24284,-0.3722797550600042,0.0407723816059059,-0.3722797550600042,-0.0023803531505334208,9806
20867,-0.3728310010023123,0.15178835358246195,-0.3728310010023123,0.0059130994759382105,9807
26666,-0.373277029644975,0.1983451520611795,-0.373277029644975,0.013236659383204952,9808
22923,-0.3741363177453528,0.2460676026237651,-0.3741363177453528,0.0017379174964190502,9809
28021,-0.374912978482382,0.03975976337032272,-0.374912978482382,-0.015174302685673213,9810
22257,-0.3751967280142563,0.14180589388605858,-0.3751967280142563,0.003742669090269768,9811
21977,-0.3753715282198979,0.2610944238633435,-0.3753715282198979,0.015948771877878853,9812
23180,-0.3758308677909209,0.20008182147666054,-0.3758308677909209,0.014366249854005753,9813
22109,-0.3767031415844947,0.31469329845478744,-0.3767031415844947,-0.002339356025957029,9814
20344,-0.37705854242513553,0.08162998181535468,-0.37705854242513553,0.031768073772018846,9815
29284,-0.37715368179686654,0.31707521872541183,-0.37715368179686654,0.024090719989590836,9816
21676,-0.3771938798455406,0.3561104130906954,-0.3771938798455406,-0.0022062432830065593,9817
26846,-0.377773673468782,0.22515952618134824,-0.377773673468782,-0.017879336004788415,9818
24680,-0.37801680512365754,0.3096557106423724,-0.37801680512365754,-0.009372760377400702,9819
25203,-0.37849931345807947,0.08011547938486256,-0.37849931345807947,-0.005059138789565321,9820
21042,-0.38031864450199426,0.21343806191461837,-0.38031864450199426,0.011019901061300408,9821
24656,-0.3808755134655196,0.21388376264155348,-0.3808755134655196,-0.021950632813611093,9822
20269,-0.3812368573909368,0.10642449175665442,-0.3812368573909368,0.0017302410709845728,9823
21654,-0.3820351964085788,0.06642874860095137,-0.3820351964085788,0.00957117341546454,9824
28304,-0.38277788077356756,0.29154022967199433,-0.38277788077356756,0.035011756822288465,9825
23828,-0.38321168084331236,0.23333416568006923,-0.38321168084331236,0.0013245936023346672,9826
28064,-0.3833920950794312,0.20966433099095422,-0.3833920950794312,0.0,9827
25483,-0.3841076305941967,0.237332701061826,-0.3841076305941967,-0.00018651178195011608,9828
26628,-0.3845989745404323,0.2090043153331163,-0.3845989745404323,-0.020578238401857685,9829
28785,-0.3847316363044727,0.5091314067135305,-0.3847316363044727,0.0,9830
24515,-0.3852505179540458,0.3232867960344838,-0.3852505179540458,-0.001510124883119801,9831
22974,-0.3857177617190364,0.05981683324279506,-0.3857177617190364,0.0,9832
26288,-0.38638829903075045,0.1516202680695644,-0.38638829903075045,-0.0007206556783573848,9833
25812,-0.38728986660819453,0.26292713675431,-0.38728986660819453,0.010325284847318872,9834
24069,-0.38981320451296114,0.3628783646443093,-0.38981320451296114,-0.00035892506097789934,9835
27230,-0.39065820381380506,0.409623737064372,-0.39065820381380506,0.022281587544428993,9836
29552,-0.39094258456229836,0.10352333157446562,-0.39094258456229836,-0.026433237942460386,9837
26165,-0.39133470245822455,0.14880568974244793,-0.39133470245822455,-0.014921872170548522,9838
21192,-0.3913371923171512,0.256438151832109,-0.3913371923171512,0.004378075905090761,9839
25652,-0.39188330858597453,0.3331694024536992,-0.39188330858597453,0.01938509402448907,9840
20244,-0.3923408599118924,0.2789861592669354,-0.3923408599118924,-0.002407823925886232,9841
25153,-0.39269528665506237,0.16986209302398914,-0.39269528665506237,0.011230200667662671,9842
27236,-0.393554690097625,0.37479114836206573,-0.393554690097625,0.0,9843
26026,-0.3948501315069148,0.1757871704203648,-0.3948501315069148,0.005396594658463039,9844
21175,-0.3949113707593451,0.5276667576390385,-0.3949113707593451,-0.002333113753100302,9845
21237,-0.3954304549538455,0.34266248788255255,-0.3954304549538455,0.009818401429646628,9846
28062,-0.39551430202655147,0.1562250356972502,-0.39551430202655147,0.020611155164000305,9847
21523,-0.3973981497134151,0.2120807179796294,-0.3973981497134151,0.004340601992137927,9848
21918,-0.39824120277947256,0.40666770465283625,-0.39824120277947256,-0.010949248777770593,9849
25033,-0.3994331191259845,0.15623963288967885,-0.3994331191259845,-0.011427162734610807,9850
27163,-0.40004523734861586,0.18156320842059573,-0.40004523734861586,-0.010435356345534164,9851
24282,-0.4009617882257125,0.03497644288714366,-0.4009617882257125,0.004041516729735017,9852
24822,-0.401375555277505,0.14228303685901875,-0.401375555277505,0.009610929130980272,9853
20566,-0.4021844039308296,0.27762733088561414,-0.4021844039308296,0.000992383808471109,9854
26934,-0.4025894077721921,0.11994429708019419,-0.4025894077721921,0.018666570332012022,9855
22952,-0.40491866341165694,0.2889656480870084,-0.40491866341165694,-0.0023926980116028007,9856
26937,-0.40615096166708875,0.25972516708264737,-0.40615096166708875,0.018395476781422504,9857
27988,-0.40637858264500804,0.19061134512383307,-0.40637858264500804,-0.009586180582479564,9858
25757,-0.407657376616654,0.15953789489979234,-0.407657376616654,0.02422920458532629,9859
27751,-0.407865129857635,0.18905957953473806,-0.407865129857635,0.04030352079583577,9860
23581,-0.4082764575721095,0.42704410050908415,-0.4082764575721095,-0.0004043963511757287,9861
25750,-0.4099569925895443,0.19438301628935772,-0.4099569925895443,0.005257319717303921,9862
27674,-0.41102722050307017,0.05902893455468704,-0.41102722050307017,0.0053091131766379585,9863
26047,-0.4131827206220116,0.32357188658426256,-0.4131827206220116,0.004168621724159882,9864
27028,-0.4134320515477041,0.13640722026988342,-0.4134320515477041,0.09859396986344826,9865
21861,-0.41353732144925326,0.37471662099560377,-0.41353732144925326,0.00012857890731210464,9866
29592,-0.4140291776618785,0.3615073995649769,-0.4140291776618785,-0.014929440496603386,9867
24516,-0.4143680979261338,0.2754659985235822,-0.4143680979261338,0.0,9868
20155,-0.41520461080132126,0.1462915563518345,-0.41520461080132126,0.018893453019863893,9869
23024,-0.4152572498579109,0.11661527944235603,-0.4152572498579109,0.03136518956133083,9870
28038,-0.41534972524057207,0.4940841645386333,-0.41534972524057207,-0.0022976015522215842,9871
23612,-0.4161017880604715,0.30484088210671056,-0.4161017880604715,0.0,9872
28480,-0.4177480821353679,0.28676210783001527,-0.4177480821353679,0.031043680265608165,9873
22483,-0.4179448027183372,0.2222226222542977,-0.4179448027183372,0.003801961230342543,9874
24969,-0.41989747345003925,0.331317303145114,-0.41989747345003925,-0.012026619787559922,9875
22535,-0.4205564645018085,0.1426831023930909,-0.4205564645018085,0.03664855241275067,9876
28256,-0.4216985050747971,0.20453562133653821,-0.4216985050747971,0.027398629768884464,9877
25690,-0.4223630516132888,0.11714530859121162,-0.4223630516132888,0.010377599505038415,9878
21479,-0.4224014745886766,0.45075020443613945,-0.4224014745886766,0.002407042985478447,9879
28553,-0.42272144538013656,0.38458671877901585,-0.42272144538013656,0.004725216530634513,9880
22170,-0.42289491910197824,0.3878296947333821,-0.42289491910197824,-0.016374686389950655,9881
23240,-0.42496848341519217,0.3093414479425824,-0.42496848341519217,0.013810432890443036,9882
21260,-0.42533727877037786,0.08445264463091208,-0.42533727877037786,0.01763839218771146,9883
28181,-0.42590558911359616,0.15341107223986233,-0.42590558911359616,-0.0028370430759204757,9884
25242,-0.4282153748179996,0.01999617057615641,-0.4282153748179996,-0.00238582374329388,9885
26305,-0.42938504583852855,0.12559846937849406,-0.42938504583852855,0.020279455426270798,9886
23912,-0.4307094073425087,0.37505344051684525,-0.4307094073425087,0.0009073008776387947,9887
25542,-0.43142531189017097,0.02049005917318003,-0.43142531189017097,0.10128606707410304,9888
26645,-0.4321547621756335,0.1220340949700686,-0.4321547621756335,-0.018287626993203965,9889
25844,-0.43252840604747955,0.4126897447542833,-0.43252840604747955,-0.0022900533635014098,9890
24989,-0.4325414784864372,0.088252882348684,-0.4325414784864372,-0.022847434223968288,9891
23517,-0.4326642444744234,0.24667662596618686,-0.4326642444744234,0.005856107837825475,9892
26634,-0.43335504954124004,0.2888616519369305,-0.43335504954124004,0.008978594353362901,9893
26876,-0.4342949996761113,0.10717210465551771,-0.4342949996761113,0.0034144639086610695,9894
20128,-0.4353334438669394,0.38676955707681493,-0.4353334438669394,0.00859261334136907,9895
28971,-0.43735466800317435,0.3618327839252117,-0.43735466800317435,-0.0001047639943467793,9896
23934,-0.43754932926751855,0.11823542316616763,-0.43754932926751855,-0.020339306202585616,9897
23471,-0.43763366752701727,0.20123736960803162,-0.43763366752701727,0.00826673952024809,9898
28193,-0.4387129750087355,0.18980790158837527,-0.4387129750087355,-0.00029888542777223304,9899
29349,-0.439199879497295,0.2028449639367047,-0.439199879497295,-0.015677368130198044,9900
20739,-0.4398998039142282,0.04721033701202377,-0.4398998039142282,-0.004033327534441022,9901
25608,-0.44060550615138755,0.2373894726540397,-0.44060550615138755,-0.002872053620512127,9902
24122,-0.44143188799969313,0.11898335954046389,-0.44143188799969313,0.009587995727794896,9903
27877,-0.441734579006022,0.16678909456773483,-0.441734579006022,3.149925797119035e-05,9904
29727,-0.4421372173343594,0.2638961536673299,-0.4421372173343594,-0.0019811219590060714,9905
21922,-0.4424116798958176,0.3957327599450287,-0.4424116798958176,0.001886588387077337,9906
26863,-0.4431646141625738,0.05735651523039621,-0.4431646141625738,-0.011900414827248629,9907
26700,-0.4442285110970605,0.35560379342856097,-0.4442285110970605,0.010643218886087769,9908
21215,-0.4468292722249361,0.2532887687224558,-0.4468292722249361,0.01952479273659824,9909
25645,-0.44711397778162243,0.20023223614169627,-0.44711397778162243,-0.01244241190968931,9910
23917,-0.4474383452757192,0.15444879928369676,-0.4474383452757192,0.018957751105596055,9911
29116,-0.449085763540699,0.46432913390118863,-0.449085763540699,0.0,9912
22557,-0.45016514210792513,0.288390589802748,-0.45016514210792513,-0.000353168597964193,9913
28824,-0.45038508396663723,0.3682672812805845,-0.45038508396663723,0.0010916706570081036,9914
26424,-0.4505452902509422,0.48858730173036063,-0.4505452902509422,0.0038290793653810162,9915
25452,-0.4515224690347037,0.20113804834676466,-0.4515224690347037,0.0018795610790631745,9916
21446,-0.45390072429509903,0.2963043170375646,-0.45390072429509903,-0.002251836780161387,9917
27212,-0.45425295384369657,0.39611304147572446,-0.45425295384369657,0.0,9918
20976,-0.45468114638620855,0.215739652253984,-0.45468114638620855,0.02363227454242789,9919
22568,-0.45515454271598366,0.15527087014386662,-0.45515454271598366,-0.01540129537144147,9920
25966,-0.4578460008776721,0.12589355818521702,-0.4578460008776721,0.0,9921
20580,-0.45915140654171704,0.1387090835148468,-0.45915140654171704,-0.029258705795198348,9922
24111,-0.4598419375734212,0.1920917086980254,-0.4598419375734212,0.028546192447577334,9923
24699,-0.46260438176193397,0.07954692720640179,-0.46260438176193397,-0.01774095588461333,9924
27082,-0.4638544552361801,0.2789589760497213,-0.4638544552361801,0.042924879151517104,9925
22998,-0.46562616735709267,0.3397524833396755,-0.46562616735709267,-0.002373442573636475,9926
26832,-0.46584543133115697,0.20664002929823674,-0.46584543133115697,0.023380771684615442,9927
26762,-0.46656966854149406,0.18867623415477394,-0.46656966854149406,0.005892203110396954,9928
26670,-0.46827996867088156,0.09588801411728537,-0.46827996867088156,0.009583720100361903,9929
22367,-0.4683447320311477,0.05587639685430123,-0.4683447320311477,0.0350105486811953,9930
20771,-0.46860315594924495,0.14641155151503918,-0.46860315594924495,-0.002427429985622065,9931
20901,-0.4689610179860879,0.23726112731988755,-0.4689610179860879,-0.004537946412955851,9932
23346,-0.46976683936745744,0.10070135206569109,-0.46976683936745744,0.015210847636649927,9933
28192,-0.4705126059866249,0.2893972473797438,-0.4705126059866249,0.004733510458229118,9934
28973,-0.4707267300175006,0.20808662555873442,-0.4707267300175006,0.00393922184912332,9935
21214,-0.4749936252486303,0.16625589343573224,-0.4749936252486303,-0.01699643633900283,9936
23443,-0.480148558670477,0.16652135881778715,-0.480148558670477,0.0017268720599341036,9937
24211,-0.4833551318628845,0.33754078513394803,-0.4833551318628845,-0.01168553784152404,9938
26787,-0.4848148127880593,0.2806428599261837,-0.4848148127880593,0.0,9939
21185,-0.48795511727047336,0.22440989830103716,-0.48795511727047336,0.0,9940
26873,-0.4911040580784033,0.34881938247096467,-0.4911040580784033,-0.0101232183374238,9941
26998,-0.49143597687317164,0.2768944367014686,-0.49143597687317164,-0.02105343813119731,9942
23168,-0.49214346545628906,0.19676579390390259,-0.49214346545628906,-0.0034088891988707237,9943
28514,-0.4934454561151793,0.24843433569524778,-0.4934454561151793,0.004573161925400915,9944
27953,-0.49513153266359305,0.17190949992087395,-0.49513153266359305,0.00345936616623721,9945
24098,-0.4970730101536849,0.3022120718496314,-0.4970730101536849,0.010526611254713214,9946
22473,-0.4995922508230899,0.11601515111654315,-0.4995922508230899,-0.004101052476364275,9947
21933,-0.4997712741511482,0.12228238876547294,-0.4997712741511482,0.007177640988678846,9948
24293,-0.5000506340655423,0.1158390661966652,-0.5000506340655423,0.0011822972465266313,9949
23763,-0.5029411268196575,0.017562905510475787,-0.5029411268196575,0.032605865768478626,9950
21397,-0.5043076507666044,0.35427867806360547,-0.5043076507666044,0.004430757736934243,9951
26299,-0.5061727924788018,0.3492789849863041,-0.5061727924788018,-0.012183989259805017,9952
20263,-0.5090433485151108,0.2791651869855917,-0.5090433485151108,-0.013224229716061076,9953
27914,-0.5101718401376468,0.22616061797861312,-0.5101718401376468,-0.0022803074333592743,9954
21106,-0.5147268501636099,0.11252821929998857,-0.5147268501636099,-0.002397116253768816,9955
27047,-0.5189426057967451,0.21863224911621051,-0.5189426057967451,0.004480078678493982,9956
26530,-0.5213972189002792,0.04080438786758911,-0.5213972189002792,-0.022429417553234632,9957
20637,-0.5219458343990618,0.005428060935748396,-0.5219458343990618,0.0015091632405616062,9958
25275,-0.5228464119994891,0.24757159131985834,-0.5228464119994891,0.020373528013347464,9959
29071,-0.5249409562354638,0.17227744787242108,-0.5249409562354638,-0.0009542605480197808,9960
26869,-0.5255994808447921,0.23719055359159755,-0.5255994808447921,0.007694936739278457,9961
25587,-0.531762372538285,0.2491603749221352,-0.531762372538285,0.052340855057894264,9962
21842,-0.531884970432431,0.12060849587691305,-0.531884970432431,-0.0011790440662712287,9963
23972,-0.5336394812455011,0.2070545490589096,-0.5336394812455011,0.0007376222221940898,9964
25012,-0.536828974579361,0.17901449524466215,-0.536828974579361,0.01306756111451135,9965
20567,-0.5376217831330887,0.2409637881944125,-0.5376217831330887,-0.012160340818035631,9966
26654,-0.5384770065467798,0.07163412719430283,-0.5384770065467798,0.03402852625441399,9967
26960,-0.5395907106438578,0.3105615239396841,-0.5395907106438578,0.0,9968
22721,-0.5396937324333728,0.21419515183079518,-0.5396937324333728,0.01741863895284479,9969
24857,-0.5423464063079282,0.1793888371749625,-0.5423464063079282,-0.0030814562923898725,9970
25551,-0.5425492830901433,0.37055560177602836,-0.5425492830901433,-0.0021771923251293623,9971
23572,-0.5445139395719617,0.11052659239344151,-0.5445139395719617,0.010714054918708471,9972
25312,-0.5446923649179534,0.21562272807952285,-0.5446923649179534,0.023483338296537704,9973
20490,-0.5477417027305109,0.234635680983013,-0.5477417027305109,0.0,9974
27932,-0.5507086781370476,0.17820168619168633,-0.5507086781370476,0.03109666871992306,9975
20616,-0.5630209194685979,0.18472252451477744,-0.5630209194685979,0.001794323344639026,9976
23613,-0.5724454201726571,0.29479459332913605,-0.5724454201726571,0.0,9977
27441,-0.574723576361089,0.27046444734475655,-0.574723576361089,-0.0023331435699573966,9978
22407,-0.5749706119087787,0.20981104735086348,-0.5749706119087787,0.0048423310054610536,9979
29302,-0.5771809655001782,0.10414023504298155,-0.5771809655001782,-0.018147398131016457,9980
25005,-0.5781232055455596,0.2547656971866093,-0.5781232055455596,-0.006608482803643567,9981
21948,-0.5787145388895374,0.32594843348335356,-0.5787145388895374,-0.0023040743744087155,9982
26495,-0.5793380649978876,0.30742659428320646,-0.5793380649978876,0.0,9983
22420,-0.6163582962204106,0.15663402018219025,-0.6163582962204106,-0.0012247233905100519,9984
29263,-0.6283449170577774,0.07704972050777115,-0.6283449170577774,0.028433480477089157,9985
27188,-0.6329462542408543,0.11979058923880762,-0.6329462542408543,0.011237688920421207,9986
21628,-0.6455392113224184,0.12418230808916932,-0.6455392113224184,-0.004283612242331869,9987
23622,-0.6562273095100414,0.16400401588703542,-0.6562273095100414,0.040008247075198344,9988
28845,-0.6584157343283328,0.197820952129517,-0.6584157343283328,0.0,9989
24814,-0.6621199153781513,0.12672362461095188,-0.6621199153781513,0.005911285703968483,9990
25389,-0.6658475390965506,0.21255600919790466,-0.6658475390965506,0.02371844090538322,9991
24012,-0.6724761146848767,0.062494976199175746,-0.6724761146848767,0.03791953482950905,9992
23817,-0.6877488708629899,0.19542704264956567,-0.6877488708629899,0.019452271660167053,9993
21204,-0.6907590619198072,0.0670792277701397,-0.6907590619198072,0.02515269674441928,9994
28946,-0.7231490156784199,0.07628544168858635,-0.7231490156784199,-0.00042847420099101363,9995
24523,-0.7668759372357681,0.15621709800465186,-0.7668759372357681,0.007227170567897512,9996
21244,-0.7692130550828543,0.0979348756473125,-0.7692130550828543,-0.002428324686047756,9997
26231,-0.7726892673529525,0.12230300003001257,-0.7726892673529525,0.02143730532239574,9998
28577,-0.8018976751639745,0.11506360849326895,-0.8018976751639745,0.0,9999
22231,-0.8216107808047369,0.11325302449215456,-0.8216107808047369,-0.003470303451258483,10000
