member_id,churn_score,delta_p,rank
25717,0.7537122081390112,0.004451340006401461,1
27018,0.7508560243566653,0.0,2
25421,0.750606462466331,0.0,3
22411,0.7475495288499008,0.0,4
24760,0.7468842651120712,0.0,5
20569,0.7464755558040079,0.0,6
25682,0.7463548621731008,0.0,7
26698,0.7454154358437125,0.005695398497332804,8
20664,0.7443765872883251,0.0,9
22675,0.743550297242996,0.0,10
22908,0.7435369210606186,0.00330634766842397,11
26496,0.743062886509739,0.0024148727116535262,12
21625,0.7430535511570692,0.0,13
26164,0.7424250273688631,0.002418770120028446,14
27189,0.7422162884353453,0.0,15
28023,0.74195603317653,0.005664347769724909,16
24158,0.7415985803073265,0.0,17
21695,0.7412264132388635,0.0,18
23735,0.7410111700230092,0.0,19
29423,0.7400103161042842,0.0,20
22056,0.7387135790105185,0.0,21
27140,0.7385824509087588,0.0,22
22165,0.737811980608494,0.0,23
22865,0.7374703608896489,0.0,24
25836,0.7370858446415696,0.0025507548278951298,25
24938,0.7368133924176096,0.0,26
20687,0.736810026893341,0.0,27
28541,0.7366774835949591,0.002453421408207368,28
29670,0.7362373919363036,0.002456040022441819,29
24056,0.7347109847952034,0.0,30
26135,0.7343116925807993,0.0024674402740451074,31
28742,0.7341644387367695,0.0,32
22281,0.7341154462603586,0.01016200731526995,33
28657,0.7339585843391333,0.0,34
28476,0.7335272265514081,0.0,35
23684,0.7333608949685941,0.00900691415377497,36
28283,0.7332527095565659,0.0,37
22229,0.7332219977476844,0.008630411215192813,38
28684,0.732198881053792,0.0,39
24797,0.732077906342942,0.0,40
22034,0.7315475884252677,0.0,41
29664,0.7315241441131689,0.0,42
29156,0.730724089126799,0.0,43
26979,0.7307151043906011,0.0,44
20743,0.7297186344535826,0.0,45
24733,0.729367759575287,0.02260857480395506,46
22412,0.7292281631974491,0.0,47
21262,0.7283733544977378,0.0043819654695420596,48
22781,0.727928302397336,0.0,49
22743,0.727712937080656,0.001694234762923963,50
21634,0.7270380720760203,-0.0005282931369724464,51
25593,0.7268191994832427,0.0,52
23311,0.7266920748434812,0.004759525742899395,53
24414,0.7253000493928722,0.009763824252268294,54
26494,0.7251868243239682,0.0,55
21230,0.7249641796484211,0.008823549924498963,56
27118,0.7243752087606136,0.0,57
24777,0.7240239154562057,0.0,58
22658,0.723866944676539,0.0,59
21581,0.7231452767410869,0.0,60
23214,0.7231243827097221,0.0016640558749982937,61
24877,0.7229818708502144,0.0027606205217021174,62
26066,0.7229377341980662,0.005951947249749123,63
29089,0.722883509551314,0.0034721327387418066,64
28269,0.7221649808166973,0.0,65
20458,0.7220583188031348,0.0,66
24151,0.721962426998489,0.0,67
29043,0.7216208274099782,0.0,68
24855,0.7210345626302186,0.0,69
22166,0.7210005803339485,0.008870554802655972,70
22797,0.7208951410668156,0.016482885513452783,71
28271,0.7208852248838741,0.023701746841852556,72
20533,0.7207335922956039,0.0,73
29931,0.7205038394940559,0.009836541747233696,74
25420,0.7202548812346675,0.0,75
20817,0.7200637571121546,0.0007283670162075984,76
23084,0.7196479299357038,0.0016768008550555047,77
28227,0.7193968768327195,0.0,78
20083,0.7193504253828187,0.0,79
28260,0.7192475763093839,0.0059997768779216365,80
26553,0.7188602811855841,0.0017279067763911193,81
26953,0.7185224344914187,0.008947421035357173,82
25109,0.7183922166405478,0.0,83
20174,0.718225294729236,-0.0006432254119156378,84
24959,0.7176750000038479,0.003742696899580511,85
29644,0.7176689859809388,0.0,86
23740,0.7174326315855066,0.0,87
29822,0.717268754829798,0.002564223535774346,88
22017,0.7172476698929996,0.02706855587633994,89
21047,0.7169255237413906,0.01755163802899895,90
22710,0.7168518432092982,-0.00034318055063009556,91
25538,0.7166081607490139,0.0,92
23174,0.7163013808910633,0.0,93
28855,0.7160594257749203,0.0,94
24734,0.7160033976936339,0.00096634866572054,95
23475,0.7159907795095107,0.0,96
23522,0.7157072713549933,0.013893310212585441,97
27056,0.7156629959895373,0.001691161959302967,98
26328,0.715656390886633,0.0048380759953382535,99
20097,0.7154745758487856,0.0,100
28507,0.7153716234346402,0.0016922016297415965,101
25508,0.7152554005947582,0.0,102
23055,0.714994425495879,0.016924033022809204,103
24400,0.7149485771215099,0.0,104
23694,0.7145729894540969,0.0,105
25321,0.7143891222368627,0.0,106
29185,0.714315421750072,0.0,107
22398,0.7137117959493327,0.01769702493158032,108
22210,0.7134316555429363,-0.0029128495468874194,109
24984,0.7132309085909797,0.0,110
28785,0.7129591477968243,0.0,111
28162,0.7128824620740198,0.0017010256869822715,112
26361,0.7127249152043221,0.001701580711737427,113
24329,0.7124475970372964,0.004937687909815858,114
29623,0.712337652067517,0.0,115
27596,0.7122543182030817,0.0017032361212577785,116
22598,0.7122047490726849,0.009668398198933281,117
22499,0.7121438129743748,0.018246261168717304,118
20679,0.7120675480218135,0.006090491594640923,119
26027,0.711991309652367,0.017857506921095556,120
20666,0.711768570318261,0.003555184265377931,121
29681,0.7113644924113892,0.016019562076305616,122
26669,0.7113324383690711,0.0,123
23274,0.7110259996534836,0.0,124
29614,0.7110065179292981,0.006646800664169117,125
25375,0.7104207787528922,0.0,126
27648,0.7103966792550007,0.0,127
21313,0.7101673296373543,0.01782168066678269,128
27212,0.7101669112695385,0.0,129
28727,0.7100302919589769,0.0,130
22733,0.7098922174385639,0.0,131
21882,0.70976904170916,0.00489693865517371,132
20707,0.7097018384412007,0.001712150576075766,133
22168,0.7093397172537091,0.009754454279724545,134
21579,0.709321549033387,-0.005100024322238217,135
22628,0.7090048712554771,0.010438228908147495,136
23412,0.7089339997631277,0.0,137
28350,0.7088944311800212,-8.560146035174743e-05,138
21472,0.7086670149893413,0.0,139
26513,0.7086021733998927,0.03747755191680002,140
20089,0.7083991088030093,0.0,141
22987,0.7075695103099089,0.0,142
20778,0.7075257375484909,0.0,143
22296,0.7073769221400206,0.0,144
21720,0.7071944274286504,-8.58949377811058e-05,145
27785,0.7070351011517133,2.9964757102707296e-05,146
29733,0.7070023552498967,0.03101264744444232,147
27783,0.7068985736390919,0.0,148
24232,0.7067971579355363,2.9979000723545646e-05,149
26424,0.7065510634676919,0.0038290793653810162,150
21651,0.706495073986457,0.023103675505916854,151
21297,0.7064027465239636,0.0,152
27747,0.7063463375637274,0.0017237042387258095,153
28060,0.7063434741375333,0.0,154
25158,0.7062746269646643,0.0,155
20727,0.7062233532269305,-0.00032079723251465797,156
26116,0.7061075927893296,0.014941726738625372,157
21405,0.7060632506617132,0.0017246703744919767,158
25896,0.7060612173227774,0.0,159
21103,0.706023096013859,0.00459472706262376,160
26915,0.7059542876768652,0.009788799782712188,161
27362,0.7057884610068221,0.0,162
25182,0.7054543497608933,0.0,163
29473,0.7052459173893716,-0.001729085843596212,164
29084,0.7052072069833417,0.018093294196748322,165
28850,0.7051653769580798,0.0,166
24550,0.7049363508299746,0.011945184664663433,167
21972,0.704620830102287,0.01032579273857348,168
28931,0.7043736122092232,0.009849342879469258,169
20998,0.7042662438708291,0.0,170
22132,0.7040288387646644,0.011935047706926327,171
24749,0.7040230076758728,0.005021232600339154,172
28577,0.7039107811458165,0.0,173
20677,0.7038214975791571,0.010835617799738961,174
27236,0.7036715863900092,0.0,175
21119,0.7036300376482312,0.0,176
25993,0.7032895008087395,0.0017340660927347429,177
29115,0.7031790426290333,0.0,178
25856,0.7030358179769878,0.01907156923037756,179
24566,0.7026588407951746,0.0,180
25659,0.7025807230798159,0.0,181
21594,0.7025299183397973,0.004967035472912773,182
25285,0.7025056328129246,0.0,183
25762,0.7023137510817307,0.013710329162407997,184
21754,0.7021829667597894,0.018195733579729034,185
22923,0.7021414285796744,0.0017379174964190502,186
26422,0.7020862331334686,0.01680847472395719,187
28567,0.7020000663694598,0.002382945081638055,188
28013,0.7019066640174502,0.0,189
20463,0.7017461791840154,0.009898584275064404,190
24834,0.7016631487570228,0.018213175535689463,191
22619,0.7016241438600215,0.0049756290958498095,192
21180,0.7013545589797531,0.0017709457719210508,193
27445,0.7011741046328289,0.0,194
24592,0.701154810407545,0.0,195
24842,0.7011315391590034,0.007984378007350856,196
20524,0.7009734798350844,0.01823624165721427,197
27130,0.7009264056388403,0.0,198
23567,0.7006405097860505,0.0,199
20985,0.7000732131342717,0.0,200
25642,0.6998759190777198,0.02991778796588629,201
21545,0.699794603755118,0.0,202
21191,0.6994794110496566,0.002657367704504421,203
25743,0.6993346831597421,0.001747240653347526,204
24401,0.699293437337489,0.0,205
20684,0.6991216266077617,-0.002039523051803549,206
27484,0.699068939000114,0.0,207
25673,0.698781370605406,0.005401248555918947,208
28401,0.6986168919907884,0.005003878374728821,209
28997,0.698266578561397,0.009391044392294434,210
29994,0.6981230643591111,0.0036813656374510284,211
21604,0.6980762372868754,0.0,212
27338,0.6980612275323755,0.0,213
22706,0.6980279715017242,-0.0002684642203415466,214
20162,0.6978583402278026,0.0,215
21457,0.6976070146704635,0.0,216
25249,0.6975977093128951,0.0038952612588302182,217
23507,0.6973544558125326,0.0,218
28542,0.6972883966984038,0.0,219
23120,0.6972300397873947,0.0,220
28088,0.69714564201638,0.0024048835014457426,221
25883,0.6964382618819416,0.0,222
26557,0.6957003070463623,0.008005308667597522,223
28988,0.6953401787799854,0.0017602826886349288,224
24664,0.6952628994598862,0.020462626900797698,225
24509,0.6951272148100114,0.0017609705450015722,226
21185,0.6950841946726399,0.0,227
25113,0.6947808637442044,0.015871967414951338,228
28332,0.6947442540045696,3.067907325293717e-05,229
28172,0.6947290107245002,0.002384790392759628,230
22404,0.6946339774273861,0.008796328011076215,231
27305,0.6944704020900511,0.002923529624976995,232
24067,0.6943927562706095,0.01845203606783785,233
20012,0.6943601831761674,0.003918458461386609,234
23950,0.6943553699729816,0.004341769930532036,235
26842,0.6940964869664059,0.0016759304604646585,236
21931,0.6939989960229446,0.021515841464040952,237
23284,0.6937576039454054,0.005048608274398347,238
28515,0.6935648991474368,-5.842761961927234e-05,239
28905,0.6935131107737301,0.0,240
27701,0.6935048043682157,0.0029286524549617665,241
27033,0.693471194927994,0.0,242
29428,0.6934545672170326,0.001766346769395799,243
24865,0.6933667036198623,0.00271842271449263,244
27590,0.6933340129705701,0.001766732452835984,245
27349,0.693201327017542,0.0080633223918809,246
27971,0.6931395850368972,-0.0010189637991598888,247
28142,0.6929984678295786,0.0010109529964464903,248
24887,0.692851530653988,0.0,249
25740,0.6926560467809971,0.0,250
27839,0.6926398397929308,0.0017689485735006283,251
20550,0.6925897193590583,0.01567659342736427,252
22761,0.6925429841706098,0.0,253
28379,0.6925138580404453,0.005713254282837088,254
27098,0.6919741401610567,0.0,255
26225,0.6919065015170771,0.004206894813649442,256
22926,0.6918195109617474,-0.011550616928142965,257
20553,0.6916281021740093,0.003937730821996666,258
29227,0.6915203340729602,0.0017725056266995054,259
29852,0.6911700939521649,0.00943176207848262,260
26906,0.6911346946454839,0.0,261
23446,0.6906316681107041,0.0,262
26489,0.6906167675319909,0.0,263
24900,0.6906139629832119,0.0017753701725862214,264
28143,0.6903445457578196,0.0,265
23547,0.6903116052753498,0.0,266
27297,0.6901321881724514,0.0,267
23290,0.690037464416265,-0.003804630574754997,268
26213,0.6899061597904328,0.0,269
22520,0.689880359905937,0.0029787613069519603,270
24472,0.6898503378476224,0.038014713340462025,271
23512,0.6897431262417144,0.0,272
25546,0.6897254354754996,0.014212663384743474,273
20525,0.6892840803374048,0.0,274
25631,0.6892529244272568,0.00943169951308398,275
22711,0.6888813611328864,0.0010184040426505225,276
28392,0.6888806250888554,0.004198149627748782,277
24193,0.6888492254862426,0.01862778613750793,278
24166,0.6886082238486659,-0.001075912330844364,279
23905,0.6884579356649105,-0.0006294630152563485,280
26469,0.6882261653370634,-0.002080662476228956,281
24276,0.6880384127559852,0.005099802912176599,282
21914,0.6880176502765671,0.002988484396515112,283
22472,0.6876902641599968,0.0,284
29541,0.687678151597505,-0.002082671102263123,285
25118,0.6876285398451296,0.0,286
28014,0.687522165136888,0.008150164917253067,287
26629,0.6874624607934855,-0.001074943853857313,288
23832,0.6872722664161899,0.00946371444557026,289
29811,0.6871121764649115,0.0186817231108668,290
24300,0.6870862823143904,0.0,291
27135,0.6870696384952515,0.0,292
23678,0.6870237070366688,0.0017865824562423027,293
24113,0.6869868938186267,-0.005321906301685164,294
24829,0.6869387034231978,0.015827924355331868,295
28641,0.6868793786900776,0.0,296
27637,0.6864528033811004,0.0,297
23867,0.6863062976892643,0.0,298
22526,0.6862455634764766,0.00962358112764028,299
27505,0.685903202428183,0.0,300
26211,0.685901310457474,0.0,301
29642,0.6858698146300171,0.01374924706806191,302
27218,0.6857256801722508,0.0,303
23231,0.6857066276638766,0.0,304
29980,0.6856149414112148,0.017141911755092276,305
22714,0.6854621732347279,0.019463433048848122,306
27122,0.6854005439047512,0.015502328301950863,307
26411,0.6853158974090761,0.0,308
25220,0.685304118895413,-0.00024349750539065518,309
26300,0.6852734132941664,0.03492234942735151,310
27485,0.6852265546239745,0.03375832867025774,311
29116,0.6849512504714006,0.0,312
26046,0.6847365101967144,0.021584669615049568,313
21364,0.6845634832930922,0.0010260450672359145,314
21236,0.6844602893645274,0.004261575363248227,315
21829,0.6842910174933167,0.004231317572941262,316
21606,0.6841079415822472,0.008957740766223021,317
25334,0.6840457788253892,-0.0003341915703387599,318
25582,0.6838260213244614,0.005672657125401992,319
27926,0.6836403537334041,0.04316898930188573,320
28178,0.6833818309027361,0.0009571032365770504,321
23912,0.6830854837545411,0.0009073008776387947,322
27071,0.68308396279664,0.0,323
28454,0.6830069616758285,-0.011735172667213356,324
24793,0.6829211098157947,0.0,325
29182,0.6828609339652728,0.0179379327028395,326
21397,0.6826815711282279,0.004430757736934243,327
24172,0.6825187006533813,0.03973405160627774,328
23314,0.6824918230846196,0.0,329
27371,0.6823685105251335,-0.00403314615259176,330
21571,0.6822718317874649,0.02565075223669422,331
23340,0.6822708483544669,-0.001084575433954238,332
24599,0.6820991165320826,0.011793697557690663,333
28359,0.682010473187279,0.003957007142677993,334
26533,0.6819090466414254,0.014651919431215243,335
24391,0.6816146068132544,-0.0010857737413316748,336
26805,0.6815777992197796,0.0018031797595503551,337
21483,0.6813104992136074,0.0,338
20729,0.6809338730926132,-0.0021069156099421393,339
25840,0.6808310997711801,0.001975505129456878,340
25695,0.6806276941120013,-0.002107995411198771,341
21331,0.6805025519598658,0.002779459950618901,342
25655,0.6804900888639357,0.0,343
20619,0.6804191231998518,0.0,344
28424,0.6803814816337915,-0.0021088624143458246,345
23506,0.680366721490331,0.012072318068568122,346
20612,0.6803578533296228,-0.004346959189129307,347
27880,0.6803199756016759,0.021963285756619655,348
22471,0.6801370521646717,0.0,349
22570,0.6799755721685098,0.006880360671480901,350
20519,0.6798033176351682,0.01973727715236817,351
20890,0.6796322673782368,0.011055337854617098,352
22356,0.6795985422478641,0.04118671209683278,353
27877,0.6795972473631617,3.149925797119035e-05,354
21312,0.6795621304490506,0.00275211232176531,355
25810,0.6794900836170964,0.0,356
25357,0.6792540164766304,0.004021544087456919,357
26245,0.67908957527515,0.0,358
27494,0.6790700548811499,0.022005872628695577,359
21987,0.6790380620024065,0.01054763858937846,360
29578,0.6789356733551191,0.030922294715900356,361
26076,0.6788813241841802,0.005437866487552845,362
26869,0.678499133188818,0.007694936739278457,363
20572,0.6784084214061858,0.0,364
28008,0.6783928089174964,0.02202881125191236,365
26575,0.6783900937130748,0.0007146420819508226,366
20265,0.6783764556935284,-0.004840329006567723,367
27915,0.6778642239667257,0.011566462463198701,368
29817,0.677821406198672,0.0,369
23599,0.677715127262971,0.00380279988448895,370
29458,0.6775608972881986,0.0,371
29862,0.6773914460241148,0.013938249348843246,372
25265,0.677343513527967,0.02256775315437487,373
25340,0.6773322699304795,0.0,374
22877,0.6770102007005243,0.004045743341457131,375
21732,0.676948321404106,0.0,376
22390,0.676644723291397,0.0027969358307849967,377
22813,0.6764886954602967,0.003934702111263677,378
22955,0.6763815525871191,0.03445201874535819,379
29581,0.6763706088861088,0.0,380
28937,0.6763691496609832,0.0,381
29235,0.6763526815704349,0.0018186395191631677,382
22962,0.676138641754082,0.013759289917043449,383
26753,0.6759691441895845,0.0,384
22032,0.675531308126973,0.02367656010278041,385
29290,0.675270178293399,-0.0021265965255353736,386
27810,0.675236321183608,0.0,387
24204,0.6750979996583009,0.0,388
23699,0.6750183264114582,0.031162708787034754,389
20631,0.6749020762442348,0.00647846744146785,390
22561,0.6748741390421331,-0.0032252171390855233,391
28810,0.6748581628133142,0.005884495251686994,392
29627,0.6748422915834379,0.0,393
25405,0.6748000873468192,0.022148897522062394,394
27713,0.6747410140471158,0.0,395
24406,0.6745404140596402,0.0018238952755981197,396
26185,0.6744342353951676,0.0,397
23169,0.6741582087949063,-0.002130387720966076,398
27284,0.674080348433209,0.006638226721767504,399
25463,0.6740060982314215,0.033808357332646755,400
23496,0.673875127124496,0.022179378385606907,401
22146,0.6738565744938582,0.0,402
21903,0.6736755935264372,0.0,403
25465,0.6735605220673979,0.025318529697040515,404
21372,0.6734778490856393,0.004078865123199882,405
20304,0.6734441211052759,0.0,406
20992,0.6733832549667604,0.0,407
20557,0.6732922137546282,0.04342258800317855,408
29009,0.6732671960745683,0.0,409
29497,0.6732508142294438,0.01743783242036867,410
29998,0.6732490582481584,0.022199908449266115,411
26510,0.6731735657330802,-0.010284438677475083,412
26103,0.6731532747838974,0.007680540493121724,413
24516,0.6730251932571708,0.0,414
22008,0.6729759078409726,0.010271253373682399,415
25624,0.6727317472520351,0.004470101073282384,416
20456,0.6721388540977679,0.0010470418838716133,417
20362,0.6721132960251964,0.0018308484289024651,418
21083,0.6719941502692385,-0.0011028470774081534,419
26011,0.6717328557416153,-0.00489265175038478,420
25133,0.6715887467863733,0.012749398145382562,421
24213,0.6714656480194967,0.03633433808895392,422
28701,0.6713101438547168,0.03132864156759152,423
27443,0.6712263947121349,0.0,424
24312,0.6711825490485562,0.00940212650220551,425
20411,0.6711653403284853,0.003175998237914701,426
20876,0.6710632446569491,0.012179828854606,427
27842,0.6710401437565576,0.015440423966705863,428
20483,0.6709713307180621,0.0,429
24807,0.6708391856237209,0.0,430
25825,0.6707681838818458,0.0,431
26232,0.6704218732854599,0.0018356359400969469,432
21910,0.6701423369973704,0.01040636011283691,433
23985,0.6700995600718881,0.017049048093146224,434
20490,0.6700989157898107,0.0,435
26275,0.6700235547994401,0.011738426201724494,436
22139,0.6699513442505894,0.014951308245013784,437
25578,0.6698706995638063,0.023153123250440832,438
22359,0.6698680449388847,0.0,439
23549,0.6697011997565294,0.019123755629608996,440
29268,0.6695526497073683,-0.0021458355901541326,441
25000,0.6694244796087603,0.009889594472951235,442
21347,0.6694046740165535,0.0006766674651629279,443
24062,0.6691587003932403,-0.02503659601171926,444
25472,0.6691455673337503,0.0018392169221657095,445
21765,0.669071892558272,0.02597922621944082,446
20779,0.6689534557615169,0.0018397535870544601,447
20391,0.6688876121629698,0.016706652586758297,448
25660,0.66871937133929,0.029926297500425747,449
26491,0.6686565560706752,0.017555954828208264,450
25199,0.6685595514952734,0.012037682949686435,451
25897,0.6682678274418902,-0.017916095848437896,452
25263,0.668152376561777,0.0,453
27789,0.6680249693104613,0.011790890760859485,454
20919,0.6679986245972535,0.0018424117906532533,455
25869,0.6679912260985487,-0.0038784996453608,456
26697,0.6679696400690447,0.02236978349539709,457
26321,0.6679647934185863,0.0,458
29469,0.6678426620927761,0.004688499853580552,459
29480,0.6677601162846893,0.0,460
21658,0.6677239678326031,0.0018431736086041983,461
23008,0.6677206425270689,0.0,462
20062,0.6676119548399727,0.01852173656269407,463
29478,0.667502672889652,0.032227888951867234,464
20970,0.66744599784358,0.0016907791351350454,465
26224,0.6673783086398863,-0.0011107105569946318,466
25792,0.6673645386400664,-0.0021530312139192986,467
22316,0.6673358444495178,0.004117222781304775,468
21945,0.6672272322132778,0.008546371443848066,469
21251,0.6671252533840776,0.016505664176443058,470
29545,0.6671080704009248,0.025376260986858856,471
21458,0.6670743758618207,0.002658141562421945,472
29785,0.6670445783338087,0.0,473
22835,0.6670193759991457,0.022399743759606294,474
29597,0.6670105134690087,0.04007530234316781,475
20064,0.6669330350126261,0.01696097186848733,476
21646,0.6669161513235852,0.021340381317789814,477
21568,0.6668944773771206,0.010958467050127818,478
28907,0.6667767875074323,0.031525960507772344,479
22440,0.666564859020627,-0.00031259521044790795,480
28347,0.6665262249759121,0.003622029205696764,481
20465,0.6663649970791099,0.017141018610788983,482
21202,0.6663640775313517,-0.0021562904014735818,483
21272,0.6659323424447853,0.0,484
24458,0.665863641141766,0.0,485
29076,0.665820165188779,0.0,486
26705,0.6657363079630922,0.0023853140346071777,487
28584,0.6657058098663464,0.021761875261726238,488
28193,0.6656005708692809,-0.00029888542777223304,489
21433,0.6654718889667685,0.0,490
27866,0.6654704732321192,0.0,491
20862,0.6654405302949642,0.0,492
29869,0.6653229394146545,0.021759983395164717,493
29917,0.6652110219359798,0.0011573353441616252,494
22326,0.6651364842336966,0.0020245795715420067,495
25468,0.6650037257592484,0.036722185374661986,496
29496,0.6649416421697727,-0.0009268406468426749,497
29787,0.6648732783233229,-0.0003445458108687349,498
20683,0.6648117036863134,-0.002161309235400921,499
23842,0.6646147872867748,-0.002161942537118988,500
24888,0.6646134840335549,0.023437186487754502,501
21573,0.6644374912865076,0.0,502
25871,0.6642759630619249,0.0,503
23193,0.6641640830403726,0.03533401137088932,504
23119,0.6641451009652497,0.02638036173605851,505
23194,0.6641278609590537,-0.0010512859379694373,506
23882,0.6640087335220631,0.009461740105425553,507
20136,0.6637125050831777,0.03555305744045134,508
23824,0.6636115689045736,0.01283848709509261,509
22228,0.6635876132758063,0.0011975140888418334,510
22811,0.6634395620270482,0.0,511
26206,0.6633508904034895,0.0012088643254040132,512
22280,0.6633367253833786,0.02814740295108753,513
22059,0.6632360636387059,-0.012455518390427911,514
29537,0.6632332793300086,-0.0021663645149226918,515
20720,0.6631793062353869,0.0382360268143912,516
21246,0.6630290181651193,-0.002167015189399213,517
29044,0.6629436489020217,-0.0031245802108986753,518
20436,0.662899811495856,0.014939713595747972,519
29305,0.662885977555918,-0.002852767976102344,520
29254,0.6628629017624189,0.001856448827218804,521
25956,0.6627406544289206,0.019974996870418704,522
29925,0.6627392172760235,-0.012128315892183994,523
27562,0.6626121637981837,0.028201086523223173,524
22498,0.6624535517077307,0.01834638071463035,525
22025,0.6623401369242525,0.028696598919958016,526
20815,0.6623318452246326,0.015519204648050344,527
26307,0.6622278159803116,-0.007275750231061862,528
24487,0.6621393666620372,0.04308898282713458,529
21886,0.6620579269290592,0.0,530
26333,0.6620283994504716,0.0,531
29918,0.6619945148366689,0.007543535933682066,532
20059,0.661825156931936,0.01955538322604433,533
28845,0.6615229172742229,0.0,534
22522,0.6615217976816895,0.034386832822702496,535
29052,0.6614339452119677,0.007076363368947569,536
26299,0.6614313109999083,-0.012183989259805017,537
23242,0.6614024972166962,0.02715528493199504,538
22067,0.6613160321703674,0.0,539
27917,0.6611194357004755,0.0,540
26804,0.6610682145102956,0.0005808556385292762,541
24932,0.6609604104814851,0.001861537209274955,542
27667,0.6609471780018067,0.0092800972502316,543
24561,0.6609375490567874,0.0018615979875650224,544
24867,0.6608684835135299,-0.0031137576269639755,545
23557,0.660863540493692,-0.0001156007093706668,546
24449,0.6608392445068514,0.0,547
20023,0.6607800998981834,0.0024446523635210937,548
26256,0.6606681471838715,0.0,549
27608,0.6606637930653506,0.004504358930490282,550
22591,0.6606635286433701,-0.0024058291338904247,551
23972,0.6606127450856186,0.0007376222221940898,552
23910,0.6605662838901811,0.038211332579339286,553
28956,0.6605649720360941,0.0,554
26700,0.6604481617001554,0.010643218886087769,555
27339,0.6604084264606339,0.016214519261122162,556
29766,0.6602698058056464,0.0018633693769039006,557
21806,0.660260585887888,0.0,558
22327,0.6602551018600068,0.031197229312431518,559
28305,0.6601699359881881,0.0,560
20466,0.6601660009731642,0.026520501674806907,561
22902,0.660061386808877,0.013787854184242443,562
25332,0.6600547568088219,0.0,563
23817,0.6600535932244824,0.019452271660167053,564
29888,0.6599052623619078,0.019392830010320994,565
25551,0.6598005518958554,-0.0021771923251293623,566
22910,0.6597738821058606,0.043425672108456936,567
29106,0.6595669835527574,0.0333923383807343,568
20898,0.6594981039565522,-0.001380640652649756,569
25342,0.6594927343391287,0.020281137499163826,570
25516,0.659432786561732,0.006136259988068105,571
25915,0.6593630747608986,0.0,572
27380,0.6593347771885065,0.013944900707942853,573
20144,0.6592946979480516,0.02263632428839213,574
23923,0.6589263817957091,0.02234736094393097,575
22890,0.6588800899316374,0.030024267099291957,576
21842,0.6586817501227369,-0.0011790440662712287,577
21496,0.6585366255239417,-0.003569647295672107,578
26130,0.658004046641188,0.0015245164071943096,579
24110,0.6579314041274227,0.039286613370107415,580
23940,0.6578598326514316,0.006014351578014221,581
21640,0.6578298850205275,0.03870614510686354,582
20578,0.6577971803867761,0.0,583
25939,0.657771235592557,0.0,584
23746,0.6575930703596482,-0.002184034970046822,585
29123,0.6575677921318336,0.012627332237286293,586
27023,0.6574856746162163,0.03755995167191528,587
21215,0.6572442932370146,0.01952479273659824,588
29069,0.6571889130340794,0.04307060940282181,589
28553,0.6571524735041532,0.004725216530634513,590
27594,0.657133858773334,0.0,591
23671,0.6571244519672422,0.004495824378824231,592
27675,0.6570747266950131,0.0018717424887338963,593
27996,0.6570737423706593,0.00036552737637540744,594
26354,0.6570527508525079,0.011973545861265533,595
21898,0.6566040616401712,0.014150347367145377,596
25759,0.6565417617136264,0.016615013890427854,597
29172,0.6565052361747531,0.005291481702056289,598
27811,0.6565024736849359,0.0,599
29060,0.6564992771805211,0.0035891667769899493,600
27689,0.6564941538146764,0.018435797819431388,601
26495,0.6564485861836689,0.0,602
23900,0.6563683210579199,0.01954711865312153,603
21958,0.6563111343558008,0.0,604
22045,0.656046963682996,-0.0021887713987879254,605
25362,0.6560081914949343,3.26443747470373e-05,606
27892,0.6559365277920028,0.0,607
27012,0.655873997912208,0.0007392401477280819,608
23249,0.6557663665100498,0.008161957245909068,609
21463,0.6555488816572634,0.005869832926201246,610
27319,0.6555178556106549,0.01602088938734536,611
23971,0.6554697138401725,-0.0021905279250401533,612
21043,0.6554513995017676,0.0,613
24482,0.65534345176359,-0.00524885380826956,614
27708,0.655291111477324,0.0,615
21479,0.6552505162470903,0.002407042985478447,616
26317,0.6551659747306455,0.006198906825271577,617
20844,0.6550680277171451,0.0,618
26203,0.6549547590549404,0.0,619
21321,0.6549468555518176,0.00181493725540538,620
20032,0.6548645931919336,0.0,621
27823,0.6548535574206787,0.0,622
23413,0.6547912476134466,0.024771869223170206,623
21718,0.6546566679100913,0.022084156767176566,624
26380,0.6546328137287157,0.026938343108803275,625
29292,0.654616173133833,-0.00032068291454889764,626
28941,0.6545017287344266,0.001360568473485757,627
22284,0.6544055496134631,0.0,628
20425,0.6543358746506382,-0.001131778990785648,629
24130,0.6541834502479265,0.015689299494102804,630
21696,0.6541456486117259,0.0,631
24237,0.6541452251255856,-0.002194533882439398,632
29327,0.6540829599479837,-0.0013911271341062736,633
25452,0.6540308957590505,0.0018795610790631745,634
29592,0.653994843541618,-0.014929440496603386,635
24318,0.653897603457193,0.0,636
24162,0.6537933250131056,0.019450010683846997,637
23125,0.6536855660431421,0.019675929650647683,638
29630,0.6535227449002787,-0.012292625987645467,639
25072,0.6535018568400989,0.0,640
22015,0.653468608219703,0.0152947195062908,641
24535,0.6534182258155679,0.030927345532308026,642
21864,0.6531484165089522,0.02711019714004137,643
20680,0.6529000094069077,-0.003160889858748517,644
21682,0.6528217986659108,0.008556533762072105,645
26931,0.652683622299578,0.0,646
20681,0.6524903200502007,0.0,647
27528,0.6524843461518792,0.0016424275304485203,648
28330,0.6524169294704881,0.0018836442178949975,649
28353,0.652373537597354,-0.0021998393573599007,650
26266,0.6523435152661148,0.0,651
29926,0.6523267954163021,0.0,652
25282,0.65226926382916,0.017990237566504197,653
29187,0.6522454440210351,0.0020117780208454006,654
22668,0.6522254706643684,0.0031687352655433987,655
20644,0.6522100305377342,-0.0034656108708094324,656
22723,0.6522025100255435,0.0,657
25381,0.6521415023444069,0.008854783373979935,658
26008,0.6519730261408554,-0.0019117879841301644,659
28796,0.6518815258209674,0.024986071561479473,660
28870,0.6518289793144546,0.01118811798617958,661
29609,0.6516026902761025,0.007703444128987491,662
24598,0.651582109443401,0.0,663
28861,0.6515040833444583,0.0,664
21871,0.6515039919025102,0.00045487354148732173,665
22134,0.651481712681871,0.018208636471269246,666
26578,0.6514254071320111,0.007324237372407838,667
26199,0.6513427862933486,0.02169840136212331,668
24333,0.651267827996835,0.002419948142470929,669
21922,0.6512423896908245,0.001886588387077337,670
29319,0.6512381498660457,0.014618394701264359,671
29815,0.6511896309543801,-0.0022033508291967596,672
23992,0.6510287695205021,-0.0031689050537657693,673
24402,0.6510231766990368,0.0,674
22922,0.6509375524409978,0.023080972299977964,675
22712,0.650816753504797,0.0,676
24439,0.6504884551876918,-0.0014264916591189003,677
29457,0.6504873027146306,-0.021559548218391456,678
20725,0.650446871838279,0.0678285804681018,679
23466,0.6504020975044372,0.02259309799358833,680
28873,0.6503831392659462,-0.0003225160590133447,681
22474,0.6503449507289142,-0.011535453187784928,682
26614,0.6502720285845075,0.0,683
21676,0.650207491720962,-0.0022062432830065593,684
27089,0.6501644513663595,0.0018892701909901666,685
23978,0.6499990611318452,-0.016720642585529633,686
26544,0.6497229478743771,0.005706233326506438,687
24620,0.6496821899124287,0.010155967603547755,688
20989,0.6496638051554465,-0.0022078364461689537,689
22125,0.649550101620866,0.020339232119025108,690
25960,0.6495060524718856,0.0,691
26252,0.6494891746456575,0.006969411024648653,692
25396,0.649378113041745,0.022857551329464765,693
28225,0.649242136636746,0.002725072468772405,694
27158,0.6491884199090966,0.012920827337017049,695
21613,0.6491825724434239,0.0,696
23613,0.6491658115004453,0.0,697
25560,0.6491074545717904,-0.0022094607992767523,698
29099,0.649078241299745,0.0229302020515344,699
27526,0.6490400473669585,0.005259386118948939,700
28546,0.6489646058383562,0.007085018065093651,701
21491,0.6489374800186359,0.029709089420449142,702
28216,0.6488966667631382,0.0,703
24532,0.648746028147431,0.04882417607656797,704
23058,0.6487437861552406,0.010514915993425134,705
28016,0.6486442287455078,0.02354697969620345,706
28395,0.6486154212069513,0.002727285808540092,707
23936,0.6485929184850232,0.0,708
20410,0.6483825579135434,0.022022009576813217,709
25901,0.6483253713819396,0.014301344118048287,710
28168,0.6483153211723623,0.019055835789331677,711
29714,0.6481862625668765,-0.033209497938797794,712
26095,0.6481860634430191,0.0,713
28661,0.6481821062836334,-0.018679535716837004,714
26980,0.6481624560817222,0.0037966408723192346,715
29446,0.6481353562780482,0.008547741268590037,716
29667,0.6481014285305118,0.038784634898920034,717
26138,0.6479122669723061,0.0025638214152882144,718
28213,0.6478768983626515,0.0,719
25251,0.6478735163663808,-0.00032357887780565253,720
21534,0.6478255162941282,-0.0022131808263256003,721
22395,0.6476447818947048,0.036781770178455075,722
27536,0.6476114433676898,-0.0015566035662274436,723
20594,0.6475586791531494,0.007162519155605396,724
28585,0.6474971322053586,0.012259149000893421,725
27226,0.6474325096335511,0.0007509472829689834,726
29663,0.6474274770273365,0.007122808067098418,727
21859,0.6473821900499132,0.010873383170082018,728
23184,0.6473080243386932,0.0,729
27043,0.6472859919405415,-0.002214736954128216,730
24836,0.6471724154222093,0.027113049472025086,731
27657,0.647126059384229,0.0013404418495972514,732
24156,0.6471006241652375,0.0025996322579507902,733
24617,0.6468829804505716,0.03069588011631863,734
22613,0.6467362681450627,0.0009066058031255153,735
28940,0.6466262202383488,-0.0061661279668714375,736
23160,0.6464880505067836,0.0,737
21621,0.6463987840766587,0.0,738
24501,0.6463711345622652,0.0,739
23902,0.6463220106557246,0.017523095829137025,740
29968,0.6462431489360754,0.03760075870694213,741
27577,0.6460336151562828,0.003194258087325208,742
29085,0.646028110311411,0.023886138719972916,743
23530,0.6459598097346626,-0.00032437732616963366,744
22236,0.6459595432504572,-0.00032531177490857655,745
26388,0.6459307338247813,-0.0022186210300169096,746
22954,0.6459182749377013,0.0,747
25817,0.6458787909514512,0.01280238314904214,748
27539,0.6458121143536232,0.02162491057156346,749
21494,0.6456556145273359,-0.0014355151322196225,750
21839,0.6456299743713677,-0.005022442074517297,751
28758,0.6455612968150699,0.017676597673847216,752
24991,0.645553517810481,0.007827712641090168,753
27704,0.6454221220593437,0.023030119910017022,754
22676,0.6454169664679049,0.0,755
21447,0.6453985443373962,0.026749911632765855,756
25380,0.6453962484485245,0.01899775133136339,757
25785,0.6453785873904506,0.00013627402512594866,758
20342,0.645314583508464,0.00866219967650439,759
22938,0.6452708789133937,0.016610446511558852,760
21385,0.6447591315984998,0.01487278703335071,761
22158,0.6447458577446714,0.023324408980316846,762
27000,0.6446672930092878,0.001902645618658716,763
29356,0.6446625845151011,0.00824350821581843,764
24201,0.6446620999903302,0.0046826426589164916,765
25692,0.6445477816995765,0.023673956530498197,766
20873,0.6444335850376007,-0.015127235969874198,767
24587,0.6443374514429682,0.006755953514867463,768
29879,0.6442866343396927,0.020714289993287505,769
25318,0.6442764845509025,0.0019035773565617697,770
23947,0.644271725152939,0.0,771
22400,0.6442678138467316,0.0036679668378341024,772
21671,0.6441920967923591,-0.010728922357958415,773
21271,0.6441425099027376,0.0,774
26960,0.644119644032231,0.0,775
23626,0.6440478517391396,0.0185067290286397,776
24100,0.643936429397889,0.0223734080082727,777
26114,0.6439175986158069,0.0,778
27095,0.6439023997359469,0.0,779
29738,0.6438296185083267,0.0016868490496538824,780
21714,0.6437678048392094,0.03040727255496367,781
27991,0.6436924233031643,0.005556103483733366,782
29891,0.6435451740626598,0.013556921098833885,783
29560,0.6434762839951904,0.0,784
28512,0.6434704105467703,0.025477871591693124,785
26190,0.6434579061960836,0.008996195384146755,786
23866,0.6433621779678291,-0.0021085254901548334,787
27516,0.6433421835302054,0.01799110013376437,788
29386,0.6433235266239816,0.0016103948546333235,789
25949,0.6432796889729079,0.012818328565232462,790
21672,0.6431913209830848,0.023729997350810716,791
29171,0.6431170590488785,0.03944045787985795,792
23741,0.6430981311752686,-0.0003255519181465383,793
26315,0.6430819977612591,0.009546281825069225,794
25746,0.6430642318038957,0.016853982285587765,795
20288,0.6429791086130842,0.04809564920170262,796
26787,0.642936777395869,0.0,797
27221,0.6429194893017397,0.018102671807131654,798
25786,0.64286639589528,0.00190691804806975,799
23592,0.6428116751840677,0.0,800
24090,0.642749273541953,0.010214696361309339,801
23953,0.6427285852962649,0.01880983692488336,802
26365,0.642575240765801,0.005451039642325406,803
25841,0.6425652550847281,0.033913807922321015,804
28259,0.6425541778286873,0.0,805
29311,0.642536580906684,0.04248041380102352,806
22094,0.6425069009432053,0.011953571384165751,807
23632,0.6425060051202569,-0.000325792060065222,808
23976,0.6424192777071973,0.016550777441707964,809
26487,0.6423651389578853,-0.002685657324298707,810
24683,0.6422521444663949,-0.00222898448602038,811
28824,0.6421483101746899,0.0010916706570081036,812
25038,0.6420542707933631,0.009130806756019294,813
24103,0.6420038384167971,0.00471772014596461,814
27138,0.6418916937371245,0.02312398070278332,815
28719,0.6417455048855792,0.001092211822695477,816
27230,0.6417028305709397,0.022281587544428993,817
28412,0.6412841295876411,0.0,818
26729,0.6410406222369053,0.006097404273046614,819
24896,0.640990016100338,-0.02610777903048611,820
23702,0.6409876390838233,0.040031425810361565,821
21976,0.6408228469521144,0.011466536079839607,822
25154,0.6407747771412485,0.0060474736865779866,823
21091,0.6407695268707708,0.020911712756655043,824
25391,0.6406866829984524,0.017639460466211454,825
24983,0.6406438298103723,0.02703429791913292,826
29253,0.6406396762706068,0.021553500821767657,827
21860,0.6406198203479454,0.0,828
28992,0.6403809289509487,0.010857705629248482,829
26070,0.640223510843879,-0.0006746271289618244,830
28848,0.6401887944602219,0.02080855346346011,831
27690,0.6401096605931473,0.0019133534973836408,832
27887,0.6399687870657613,0.07799733122645447,833
20226,0.639722824166916,0.06304156337858369,834
25910,0.6397156273796176,0.014237451987500704,835
28724,0.639578261859606,0.0039612137075423215,836
21618,0.6395711783041697,0.0,837
28667,0.6393216355764664,0.023190690130137304,838
21085,0.6393082990312751,0.019244438147347664,839
22966,0.6390629903203701,0.025355650471335145,840
20691,0.6388991593995506,0.023476003251198474,841
23359,0.6388525224774164,0.014725398651082133,842
21018,0.6387967255248873,0.017880700500439994,843
28985,0.638686138010914,0.001096271671705229,844
21323,0.638620070031376,0.002458682724602368,845
23328,0.6385031731942495,0.007612988690091971,846
29985,0.6382979488347938,0.013539183482951689,847
20050,0.638277756380964,0.016421680505198433,848
24507,0.6382043155916842,0.031023728457144517,849
21716,0.637822311648649,0.009361044949963926,850
24666,0.6377260526849442,0.004534245741650289,851
29217,0.6374984780058459,-0.008546420792198695,852
20751,0.6374723206516558,0.03806892647208582,853
24375,0.6374256079688505,0.002121353358298439,854
23343,0.6373242290121498,0.014448890193150543,855
23295,0.6372468025440892,0.013290155490895628,856
22511,0.6371046790812803,0.015491650990986483,857
29303,0.6370411216207713,0.045628105141935604,858
25141,0.6369868531426027,0.0,859
25839,0.6369624681670795,0.032850987613730065,860
27687,0.6369066703767509,0.031581086906027234,861
27490,0.6368731439749414,0.02837205429982903,862
23914,0.6368440591527744,-0.001050517853604327,863
21953,0.6367762138519181,0.012233575059600321,864
24137,0.636670728812089,0.012149981877794924,865
21918,0.6366260078772386,-0.010949248777770593,866
27952,0.6365571748343091,0.016197816600279857,867
28889,0.6365324616514668,-0.0016287512513077917,868
21090,0.6364557495761232,0.0,869
25694,0.6363875199650676,0.02025322869871471,870
23881,0.6363533934310841,0.04453872689816707,871
28346,0.6363518325355593,0.015497510900683964,872
22152,0.6363387065921812,0.015611960400824909,873
25070,0.6362142376276944,0.0,874
24138,0.6361702604098918,0.0,875
27080,0.6361674155210435,0.05257213480862377,876
27909,0.6361569397421519,0.0019223601338829166,877
20763,0.636102499091823,0.017171724589465587,878
26723,0.6360636089004849,0.03164193857301523,879
20843,0.6358932131115858,0.0018380346791864177,880
29097,0.6358358568071152,-0.0022464340555713447,881
21941,0.6358192777853102,0.009085916385847548,882
25718,0.6356189199104546,0.022238701273736394,883
26802,0.6355962609468415,0.0,884
21992,0.635374780106001,0.01473693004440979,885
22108,0.6353532504916166,0.004009542775455066,886
21609,0.6352985932485966,0.03574188776492426,887
25781,0.635298256776886,0.0006006149304440545,888
29504,0.6351219354062546,0.0261811947010836,889
22304,0.6350631657181832,0.020561339948122148,890
20926,0.6350178350381412,0.024886060040344993,891
25410,0.6349469650850529,0.014526865817953372,892
22048,0.6349443804724503,-0.0016529218692693526,893
25547,0.6349281355623576,0.022012653793104797,894
23621,0.6348725156202806,0.009589164550435347,895
20551,0.6348016158238674,-0.002249172194641935,896
23624,0.6345898220904718,-0.002249730362122948,897
27534,0.6343468229688751,0.001993276812423339,898
21744,0.6341492140080176,-0.002250888772212356,899
26041,0.6340596618617544,0.001927033353051777,900
28509,0.6339846236640604,0.0061533004466155505,901
21066,0.6338980747806807,0.03159672615778586,902
21446,0.6337875657751894,-0.002251836780161387,903
21233,0.6337536010073271,0.024318284341040886,904
24498,0.633746872388415,0.0012774342825083718,905
20504,0.6337428072293108,-0.0032383467682131073,906
23826,0.6335142559684706,0.011528441038857418,907
29158,0.6332999992243117,0.007082425651023794,908
21552,0.6332987012478494,0.01676034406544169,909
25288,0.6332833245186854,-0.011708222179745209,910
24539,0.63326654728928,0.013099899950039684,911
29715,0.6330500987158718,0.000355663757137914,912
21893,0.6330214193243364,0.07980558639042046,913
26272,0.6329812671026873,0.0008221431015585923,914
20586,0.6328291586518681,-0.00032957569845271095,915
26764,0.6327170401811978,0.013512852044238133,916
28444,0.6326523550428297,-0.004251198820223623,917
23919,0.6326100013504095,0.014944507796900153,918
20842,0.6325282508586604,-0.0007674575286689134,919
23611,0.6325249327116409,0.018182077055998724,920
20243,0.6324089201409202,0.005955180348814926,921
23366,0.6323611447200804,0.02688788163063538,922
29689,0.6323275270238313,-0.012987349103464552,923
29924,0.6322164822200179,0.016528470300186227,924
27597,0.6321692772206682,0.0045426338418960155,925
23469,0.6319067890645307,0.006674431453608021,926
27036,0.6318031654391975,0.011236080869381992,927
20831,0.6317752177192524,0.01838024116661585,928
29199,0.6317504394977161,-0.011762061140757618,929
21287,0.6317137221538407,0.020478314571198863,930
24267,0.6315513562846,0.011707778594066798,931
24182,0.6315471278530063,0.014334764514874254,932
20567,0.6315239821372433,-0.012160340818035631,933
20031,0.6315179917068672,0.0056356085615902884,934
28360,0.6315112090154654,0.0,935
24069,0.6313765452328534,-0.00035892506097789934,936
20762,0.6312816282399869,-0.0022583361916692635,937
23757,0.6310198381468067,0.013202516136775477,938
23050,0.6309840445400112,0.03742948730403384,939
27754,0.6309809953843953,-0.0022591077494679146,940
28571,0.6309417677357756,0.008143583964415946,941
23676,0.6309127075926244,0.0006620215937137575,942
27786,0.6308403045594044,0.03287588576274292,943
29083,0.6307902507790617,0.0,944
22533,0.6307395008360864,0.0,945
25014,0.6305270284637318,0.015770554844744877,946
27136,0.6303633561755053,-0.0014328190564423249,947
27303,0.6301433933119852,-0.00033057875311870433,948
25027,0.6300571787358997,0.028565019574304906,949
29650,0.6300488334692373,0.024036242595827706,950
24452,0.6300298132475413,-0.002261537383502099,951
24202,0.6299082834219364,0.010072317344728687,952
28898,0.6298754086607119,-0.014409535812199836,953
26726,0.6297354866261018,0.01745382899387604,954
21329,0.6296955264203277,0.003730990098785858,955
23716,0.6296562490383962,-0.0022624868009283317,956
21731,0.6294027998405606,0.002484757770341517,957
25192,0.6293999435310192,0.01998213446942576,958
29868,0.6293845983924423,0.01674864964681866,959
29067,0.6293587585565921,0.01692378182869847,960
23434,0.6293343738541374,-0.0022633026838366765,961
27164,0.6293329716660341,-0.0022633062336886445,962
21243,0.6292832324427485,-0.008985689274565,963
25953,0.6292310657119602,0.0024852263699448596,964
24116,0.6292150985835102,0.0,965
25827,0.6291441019321174,-0.025454392192602926,966
26278,0.6291100376574201,-0.0012075340465845796,967
23474,0.6290874412668441,-0.0051821977729485935,968
29025,0.6290787864562899,-0.0014691236673288754,969
23283,0.6289546384656404,0.007921056913397173,970
25649,0.6288662840179845,0.016784959120105025,971
28459,0.628785581157065,-0.002264689128574915,972
20419,0.628730400530527,0.0032381706028568047,973
23893,0.6285418069869283,0.003433877185536116,974
25071,0.6285028544844672,0.021137495272921636,975
20222,0.6284589138627116,0.011248477539447577,976
27543,0.6284473524349649,0.0,977
23345,0.6284144851843714,0.014995160475767433,978
24150,0.6284037414104803,0.035793909617878095,979
29961,0.6283572354426503,0.0,980
22338,0.6283223436184812,0.019260516468561417,981
25691,0.6282337689872061,0.02626956397724689,982
27223,0.6282012013759782,0.019700391777059956,983
21885,0.6281434861970565,0.0030422319845908596,984
21190,0.6280157804479565,-0.00226662409413414,985
25828,0.6279986875819522,0.0,986
25005,0.6278167089981594,-0.006608482803643567,987
29933,0.6277689172713623,-0.0022672421786579244,988
21462,0.6277653806976858,0.006683384048054797,989
20279,0.6277457375462311,0.0,990
22550,0.6276118153187272,0.00780521956632807,991
22827,0.6275835369121028,-0.002267705549852894,992
28493,0.6275720460874483,0.024239705760969232,993
28731,0.6273996677388218,0.003317827286346442,994
24629,0.627321624906947,0.012655119885386923,995
25016,0.6271922072102386,-0.0022686815216126366,996
20539,0.6271058326962364,0.028777541263356854,997
24891,0.6270115130169673,0.0,998
24513,0.6268679203181328,0.06292320746968771,999
22821,0.6268036337094061,-0.0012377311717678419,1000
29475,0.6267803858657732,0.02490966735416189,1001
29620,0.626730297823939,-0.009744848355052516,1002
24227,0.6267136517308921,0.020222670025073053,1003
25447,0.6267071310383102,-0.019455683493699194,1004
20233,0.6267064319650535,0.028086202579173603,1005
28868,0.6266749423951522,-0.0022699670253772952,1006
21376,0.6266740723380526,0.00897306081344107,1007
23130,0.6266585658337065,0.011268590120096955,1008
27771,0.6266447255192618,-0.004465192263935602,1009
29345,0.6265601401687022,0.0518651836264753,1010
28125,0.6265600768072376,0.007471633306832981,1011
25812,0.6264745708473549,0.010325284847318872,1012
21380,0.6261072763688617,0.03302550235505608,1013
23196,0.626019356337887,0.01177619231793181,1014
23583,0.6259441877550657,0.007552061517847486,1015
29530,0.6259148788873861,0.003882644583106498,1016
27904,0.6258804011038159,-0.002271931527307869,1017
23839,0.6258293579063393,0.012392552241300758,1018
29301,0.6258064982490391,-0.002272113630798822,1019
26223,0.6257884970027361,0.01388993095144686,1020
24667,0.6256884122775077,-0.027188617711849772,1021
28843,0.6256697701698892,0.03341885016413548,1022
20447,0.625552371407249,0.014671000409094193,1023
25393,0.6254315237150926,0.0028680263581538634,1024
20290,0.6254250164173343,0.017280675787006428,1025
20576,0.6252835537223302,0.016951305936086736,1026
24757,0.6252745042428256,-0.002273421393566344,1027
21585,0.6251778367352384,0.04467198095004499,1028
27878,0.6251020154152287,0.0219141500090122,1029
26709,0.6250890623910588,-0.00937099606154801,1030
22267,0.6249938230013369,0.029186836743944622,1031
23808,0.624837327805935,0.014682162140145949,1032
27813,0.6248059620969322,0.011451761438526775,1033
24114,0.6248018092203075,0.02216349152223529,1034
24264,0.6247399270260394,-0.0011732823299459572,1035
29793,0.6247226965589973,0.030630270872420318,1036
21508,0.6246618814456215,0.013320414413932058,1037
26748,0.6246153887045894,0.0037513568139777576,1038
24211,0.6245438018967168,-0.01168553784152404,1039
22785,0.6243410528401462,0.024384239880468672,1040
29634,0.6242950223054479,0.003973675624381112,1041
21465,0.6242000192155479,0.012759218276888085,1042
22927,0.6240151415221955,-0.0037489842885308766,1043
20272,0.6239515737633354,0.040007452143987376,1044
29002,0.623740770525176,0.024988424596358638,1045
28190,0.6237263335844945,0.0,1046
28917,0.6236954282744839,0.01928706299555849,1047
20289,0.6235776715411547,-0.005417041887794016,1048
26534,0.6235554473638207,0.010119799685061381,1049
21830,0.6235528290489339,-0.0024876789542620514,1050
24947,0.6235419462687882,-0.00227764244117723,1051
27930,0.623392549369097,-0.0011749634374592643,1052
22096,0.6233191459985815,0.03944466389803003,1053
28270,0.62321953894544,0.018014199236226713,1054
24682,0.6231993592924315,0.016534673919248788,1055
22510,0.6230744770015835,-0.002278771386363676,1056
24338,0.6229327317398223,0.00627055863066639,1057
23969,0.6228583672496381,0.011682054751240623,1058
22737,0.6228524369407444,0.0,1059
27844,0.6228076890844526,0.025627094580142673,1060
28156,0.6228017787823542,0.006780620940301185,1061
25800,0.6227859925324242,0.014543079433336215,1062
25493,0.6227733465859955,0.0019509246820327286,1063
21122,0.6226382626772636,0.0,1064
21569,0.6224489234962908,0.028513188738093942,1065
20573,0.6224461046284381,0.0425347899579992,1066
27914,0.6224356036144691,-0.0022803074333592743,1067
23696,0.6224347066278781,-0.004288402235236299,1068
23564,0.622407561079576,-0.002280374675158625,1069
27580,0.6223850323662934,-0.003288268463979338,1070
21777,0.622289801879835,-0.003592735459752805,1071
22391,0.622270000895117,-0.0012202296840269078,1072
22335,0.6221554273100005,-0.011370149615998804,1073
22408,0.6218376920435079,0.0401222945873172,1074
25186,0.6217904120428019,0.015728502781012454,1075
25102,0.621790400868325,0.001087067261956176,1076
24647,0.6217133383640403,0.014727521798876375,1077
28830,0.6216633106333037,0.008961455039152133,1078
28637,0.6216599636378728,0.0024541763346119794,1079
26676,0.6216530948588822,0.04264414270594219,1080
25026,0.6214144374795795,-0.0013600535914195522,1081
23612,0.6212005903655777,0.0,1082
29411,0.6210293347179224,0.001954427362393818,1083
20745,0.6209856158124889,0.0178501443428436,1084
24557,0.6209615042540159,0.016207249453433104,1085
22235,0.620937426032704,0.05739077993883024,1086
25784,0.6208887398285774,0.0025072309105156343,1087
23199,0.620855983428107,0.009985664329123178,1088
23222,0.6208557512653449,-0.027025306861034326,1089
28981,0.6208370839361069,0.024925756710783453,1090
29006,0.6208311700498099,-0.002284130142172769,1091
24389,0.620761668911894,0.0,1092
21019,0.6206263613308063,-0.002284614530617901,1093
26379,0.6205985311047538,0.013995889841465159,1094
21192,0.6205909976960305,0.004378075905090761,1095
26650,0.6203996756162279,-0.0022851497129841025,1096
22126,0.6203914047533681,0.023640134799957635,1097
28638,0.6199672347573884,0.0,1098
28782,0.6199607242334957,-0.002803232611512274,1099
28080,0.6199496923085736,0.010631535986949658,1100
20242,0.6196954843762156,-0.0004178539192732922,1101
29596,0.6196658089172052,0.004688259719764942,1102
23098,0.6196100033363854,0.018418190020232705,1103
23652,0.619604972017687,-0.0022870180713314703,1104
20759,0.6195553716515438,0.016243534527288328,1105
28129,0.6195191591098785,0.014758639581570532,1106
23663,0.6193623326701797,0.0,1107
23319,0.6191425254293023,0.0028045096535919134,1108
25181,0.6189536913338632,0.025715481307809984,1109
25278,0.618799250233576,-0.004386837124943921,1110
21109,0.6187848378553111,0.007169124323692322,1111
21847,0.6186433543971566,-0.0011807442266937862,1112
28071,0.6186131996134838,0.01977224738192951,1113
25531,0.6185617741661353,0.01809412820030276,1114
23477,0.6184471084444977,-0.0005734821261481615,1115
22384,0.6183844831793742,0.011474431354753012,1116
26295,0.6183525385763089,0.01616647555491202,1117
25844,0.618302669754015,-0.0022900533635014098,1118
22753,0.6182548354327926,-0.0011812071597534501,1119
25663,0.6182194643040819,0.027763233604127247,1120
20295,0.618198297456101,0.0035364808640542256,1121
23323,0.618126656934203,0.10497720051739523,1122
24013,0.6180089549901764,0.0026865402686105933,1123
25755,0.6179639644976145,0.01923751617194913,1124
28025,0.6178852488088373,0.015856690365910753,1125
25650,0.6178618048509301,0.0,1126
25392,0.6177974591297211,-0.002677479098404656,1127
20153,0.6177711345672623,0.003924640062729745,1128
21455,0.6176089583433662,-0.007769996820103819,1129
22518,0.6176028092510248,-0.006415786581164706,1130
23608,0.6176023880965656,0.005448977458973547,1131
29024,0.6175157061161102,0.0035940396843506806,1132
22698,0.6174431241668085,-0.00041880260222570964,1133
26775,0.6171981370637308,0.04547332515875979,1134
22247,0.6171075100022482,0.0684726429834337,1135
25835,0.6170345218890917,0.01921019964934545,1136
20761,0.6169966857431168,-0.006419755194725374,1137
20976,0.6169912093457983,0.02363227454242789,1138
28045,0.6169243012774982,0.004180901647444113,1139
20537,0.6167816887945337,0.026965515795414396,1140
24357,0.6167497782654572,-0.0022936297836042563,1141
29090,0.6167224793130064,0.008889818485329104,1142
20054,0.6166408810978354,0.021377788610082327,1143
29948,0.6165828925873778,0.009291839115063705,1144
20721,0.6165681050759362,0.023732810099804658,1145
26625,0.6164249053373273,0.06683790714932591,1146
25831,0.6164037653510458,0.010541878106371305,1147
20887,0.6163818166527489,0.014802071329676036,1148
26794,0.6162787443873781,0.02014533954084141,1149
24899,0.6161447870595677,0.0,1150
22859,0.6160981034393507,-0.0016834112204036078,1151
26042,0.6160456896083853,0.03496062449428605,1152
23840,0.6159057509078295,0.019335617076503553,1153
20252,0.6158903410285602,-0.0001499579749143498,1154
24853,0.6158639115390092,0.0,1155
28505,0.6157960673115357,0.028480212026770313,1156
29230,0.6157621126851194,-0.0011841414178420662,1157
22777,0.6156908406888159,0.012601133359733008,1158
22142,0.6156280842831766,-0.00033564577336564483,1159
21856,0.6156082901806352,-0.014257828268150252,1160
22607,0.615559491647137,0.020876604867886117,1161
28463,0.6153718239005841,-0.002296764212140534,1162
26862,0.6153504571878801,-0.009212692629853247,1163
27800,0.6152406659925548,0.019230664301660982,1164
22766,0.6152174404527299,0.01110828250363105,1165
28942,0.6151026024328964,0.0007787876095118884,1166
21079,0.6150416200862939,0.0,1167
28038,0.6150009527302602,-0.0022976015522215842,1168
29832,0.6149378665918244,0.02459411933553557,1169
29110,0.6149290711868259,-0.004793151930654327,1170
22329,0.614878353730456,0.014127950047631121,1171
27027,0.6148162402552997,0.01609904522173955,1172
21549,0.6147196822340592,-4.9320671931196713e-05,1173
28293,0.614632379427577,-0.002298431065565154,1174
21104,0.6143761002930761,0.02839005236848846,1175
27729,0.6141570064747573,0.02609783833617585,1176
28184,0.6139324444800743,0.0008387435642075447,1177
22638,0.613858471657561,-0.007411507129726047,1178
23428,0.6136571957554458,0.006340364822379985,1179
20616,0.6136112304532264,0.001794323344639026,1180
22531,0.6135929436724618,0.015439778641716528,1181
26398,0.6135523261733539,0.012873227726705072,1182
25976,0.6135011375509124,0.014686494155517593,1183
25966,0.6134849780386583,0.0,1184
21648,0.6134375791082781,0.006194942569163864,1185
25597,0.6134325989398115,0.0,1186
26013,0.6132787225214058,0.02124129411104214,1187
28925,0.6132003699613136,0.023547312755065164,1188
22981,0.6131788027902322,-0.001187116756834472,1189
22149,0.6130926643863382,-0.001521333395939406,1190
20067,0.6128381366152277,-0.011481224596362472,1191
29403,0.6127501522656258,0.005627792656784036,1192
22837,0.612717194374335,0.0007131054590648889,1193
20257,0.6126430543605781,0.03408935889188158,1194
21863,0.6125739650016504,0.009808365511604245,1195
29816,0.6124716002337934,0.027483902347308797,1196
26938,0.6124414276243096,0.01514778698512198,1197
28050,0.6123713459443334,0.004435524059175799,1198
28185,0.6123402506030411,0.012072311423555249,1199
21377,0.6123063626826335,0.024940785922030306,1200
27854,0.6122722543599899,0.014857072339329536,1201
27746,0.6122381062039342,-0.004818751756367035,1202
29755,0.6121517360360229,0.0053080519848991425,1203
29286,0.6121347339726381,0.020429657751773633,1204
21862,0.6121096245754646,0.02785837782135614,1205
27026,0.6121001360269104,0.015153788031459725,1206
21948,0.612093153379036,-0.0023040743744087155,1207
22720,0.6120915148115142,0.0,1208
24063,0.6120897011507187,0.0007775561289478095,1209
24889,0.6120103620501978,0.03051250712781839,1210
25580,0.6119607152980869,0.03285999640961823,1211
22847,0.611857952735818,0.057400038993682956,1212
23844,0.6118577907692734,0.0,1213
23362,0.6118149087420075,0.034830536803307055,1214
25280,0.6117941712606969,0.0,1215
23371,0.6117087337108748,0.008957126509239521,1216
22810,0.611626462583092,0.003715305513287026,1217
26092,0.6116101318952892,0.002973980916487151,1218
27162,0.6116031533561579,0.08470143435810928,1219
20536,0.6115211090798216,0.06323208850887452,1220
28726,0.6114104404146614,-0.006483494542786072,1221
24486,0.6114063641423926,0.008717253238723743,1222
22950,0.6113991548072042,0.0341303310708575,1223
25615,0.6113984370292725,0.01561642653044748,1224
23177,0.6112913281614752,0.007673859800726657,1225
29585,0.6112769198990453,-0.00815301466849061,1226
24740,0.6110952032173351,0.015966682095903018,1227
23932,0.6109596735456883,0.023485984588589193,1228
29909,0.6109344602045251,0.03385612591504639,1229
28464,0.6109242995134608,0.0,1230
29269,0.6109010370233944,-0.002306680726262611,1231
20035,0.6108624451513865,0.01275258117905298,1232
27883,0.6107663777227047,0.005638043747269839,1233
29915,0.6107631786173306,-0.0011898385949195012,1234
26306,0.6106166576533778,0.024502351976467773,1235
24380,0.6105716617614925,-0.002307395994569972,1236
23631,0.6105288744521414,0.0,1237
29834,0.6105062067895998,-0.01006492200868847,1238
25748,0.610479372213939,0.01943125701345161,1239
26559,0.6104781093437602,0.011929587715105439,1240
20601,0.6102458029667696,-0.0023081015590704634,1241
21080,0.6102257717306319,0.0035773609098261883,1242
27108,0.610211077597081,0.0034461003676125035,1243
24893,0.6101808702692739,0.01185246242841309,1244
22911,0.6101516355685976,-0.0023083050716700138,1245
20565,0.6101139882417779,0.02018262861762332,1246
27500,0.6100898373974049,0.0010860652656943248,1247
27087,0.6099315441145543,0.0028456509005782005,1248
23150,0.6098802536428344,0.06976374072361191,1249
22912,0.6098703875794932,0.002534016052066934,1250
23191,0.6098373374556436,-0.002308983083002092,1251
24995,0.6098324703880323,-0.00037387021519763586,1252
21308,0.6098081692401311,0.02616406613211486,1253
24145,0.6097771007669739,-0.0003375192734145216,1254
26280,0.6097631225661879,-0.0023091429019161946,1255
28446,0.6097212352481433,0.02751520493511539,1256
21311,0.6096875176394265,0.02568997441844101,1257
20548,0.6096553432463686,-0.002309374810600895,1258
27753,0.6096400381974977,0.01736942739886238,1259
21374,0.6095266002086513,0.009565131985238562,1260
23423,0.6095004853971013,0.0019708795967455783,1261
20851,0.609410439876008,0.02343413341032785,1262
27003,0.6094048278470178,-0.003479146923685006,1263
24955,0.6093344529192446,-0.0023100639380778665,1264
29101,0.6092702686594236,0.014143749625121327,1265
28786,0.6092471584000146,0.022916452911135865,1266
25176,0.6092382756997646,-0.00011230774181836267,1267
27925,0.6091453505841045,-0.011694266344552506,1268
27194,0.6090987672865095,0.0038822251107900607,1269
24077,0.6089905824066617,0.013900419440431078,1270
20835,0.608984747429588,0.0196905906840531,1271
23816,0.6088921969357437,0.0,1272
23296,0.6088651068460771,-0.0015273927947946353,1273
25921,0.6087644157260899,-0.0011920466176854605,1274
25136,0.6087573209151629,-0.002311298338198542,1275
28878,0.6085160119953581,0.0,1276
25549,0.6084633245820901,0.01411536795445456,1277
20353,0.6084120723618389,0.011053044807658341,1278
21904,0.6083834818741091,0.003611137748889215,1279
22740,0.6083293607246846,0.006792966032102221,1280
22840,0.6081371984131806,-0.00231261749908529,1281
25715,0.6081041975716203,0.01869544228447273,1282
22651,0.608066323163122,-0.0012334982080999257,1283
22566,0.6080240587787582,0.02588828542378374,1284
22602,0.6079274989621102,0.006180982227086962,1285
28678,0.6079187759408425,0.018632677248905827,1286
28652,0.6078056285657992,0.010046497850761726,1287
22879,0.607798639150647,0.011460135224487966,1288
26014,0.6077635969764584,0.024832076528811586,1289
20086,0.6077538155243518,0.029382136846858642,1290
23510,0.6076825394097979,0.011498066475242541,1291
28253,0.6076382366930131,0.014155189937559709,1292
26297,0.6076194129892154,0.0006777728718909692,1293
21775,0.6075951611111428,0.015861894580247338,1294
25268,0.6074985467535698,0.02828168599391634,1295
28152,0.6074762464357514,-0.005171619974940644,1296
22259,0.6074490948872693,0.036307874246671146,1297
23256,0.6073711931255938,0.016056854558457956,1298
26287,0.6073553998427182,0.08030890833039439,1299
21509,0.6073219904421463,0.02725595241673484,1300
20798,0.6070963192992729,0.02772605320151833,1301
20866,0.6070209402606935,0.012610066917493001,1302
25975,0.6069314743721221,0.013324472882536686,1303
28258,0.6068476193340808,0.01713108857523271,1304
29890,0.6068123099530358,0.034965282868378744,1305
28138,0.6067472979998201,0.010055619167878005,1306
29943,0.60674473315277,-0.0003384520477556219,1307
26760,0.6067094093218717,-0.0012115407708758186,1308
26649,0.6067002676684845,0.017909192690353626,1309
21179,0.6066413801201167,0.02840341180275041,1310
21360,0.6065643652100262,0.007862867584170541,1311
26218,0.6064771062788554,0.0018577549117304581,1312
21015,0.6064655202014613,0.0011336226402292038,1313
28433,0.6062513046109969,0.010034248567078574,1314
26704,0.606210343913447,0.0008619167197668753,1315
26703,0.6061764701495752,0.0,1316
25940,0.6061628930018601,-0.0023167677541644505,1317
22018,0.6061317798563906,0.030816136862681254,1318
29357,0.6061226329248436,0.00906342486313183,1319
21692,0.6060844868678322,0.04952854257705608,1320
29314,0.6060586878472983,-0.016722359911037876,1321
26058,0.6060485400620687,-0.002317005826387053,1322
26454,0.6058589352678758,0.032554271509295685,1323
20195,0.6057326279315358,0.01430277283666781,1324
25234,0.6057283228626578,0.014381181285907929,1325
21558,0.6057216563851333,-0.002317684971095413,1326
20464,0.6056964902371024,-0.002317737171343648,1327
29381,0.6056861269870615,0.03428600646539226,1328
29234,0.6055908008809223,0.013587671851369443,1329
24065,0.6055563022648203,0.004554581895528043,1330
20793,0.60545737643078,0.032330855100797806,1331
26281,0.605351592365623,0.05126704037471064,1332
24457,0.6053369786137154,-0.002318481539934636,1333
23683,0.6052586001216634,0.03860562498182729,1334
23737,0.6052424426987296,0.005665599993222692,1335
27710,0.6050472904612436,0.0,1336
26870,0.6050291338303221,0.022073859386472106,1337
26005,0.6049510157895359,0.011630451163887834,1338
26879,0.6049387190165681,0.012008356987697644,1339
22334,0.6049090305716213,0.020778516941015845,1340
28947,0.6048867217617608,0.009993555435526269,1341
29649,0.6048195944808564,-0.009642890762963097,1342
26023,0.6046950999803756,0.01373718369990895,1343
27743,0.6046806609572759,0.0010131141622822248,1344
21383,0.6045570742297726,0.06395479782215885,1345
21800,0.6043559605478258,0.00698706125473969,1346
28775,0.6042998503212605,0.04301510617266635,1347
26921,0.6042910723926044,0.03376777482952242,1348
29873,0.6042866967846663,0.0,1349
21589,0.604261302393461,-0.0003391965415698861,1350
22928,0.604244384636597,0.016563394232574913,1351
29399,0.6040865620232625,0.0007041976631844138,1352
21071,0.6039884153940303,-0.01282133192392576,1353
25464,0.603975786527963,-0.0067693383508758975,1354
21881,0.6039545044252849,0.005062541916381891,1355
27347,0.603749253884156,0.01814855562542017,1356
20448,0.6036701202186268,0.03457848574607958,1357
22421,0.6036251243990427,0.004465570838842359,1358
28121,0.603623621551201,0.006110384689416937,1359
22171,0.603547861956553,0.027626507439796555,1360
24122,0.6032245330675184,0.009587995727794896,1361
26381,0.6030208375915164,0.016968419700395754,1362
27934,0.6029838510484822,0.019213534575708846,1363
26461,0.6029651188182108,0.01692154406797064,1364
29743,0.6029107996396202,0.007270397218242297,1365
20914,0.602894732928412,-0.005529520963764134,1366
20450,0.6028618041363721,0.02184643003076958,1367
21200,0.6028343127123924,0.0,1368
24205,0.602798289236954,0.0,1369
20685,0.6027817537681387,0.033675560975973906,1370
28278,0.6027776494658112,0.02399229377546319,1371
22019,0.6027742560224515,-0.000339633962365804,1372
26670,0.6027347829476197,0.009583720100361903,1373
28613,0.6026051672968866,-0.003057571772497103,1374
26607,0.6024632576565967,0.03271306115837114,1375
22876,0.6023588044803145,0.004730545398646591,1376
24762,0.6022651592261181,-0.004440588747501306,1377
25283,0.6022022076052288,0.03060414286068336,1378
25276,0.6021310756442065,-0.006146592144551266,1379
29958,0.6020306461838879,0.014462665615183945,1380
23677,0.6019577955789767,0.006479793995181726,1381
28800,0.6017342930151249,0.00898927640244307,1382
23810,0.6017092683675861,0.02994580511413747,1383
26191,0.6016530540558529,-0.002325964839841377,1384
24430,0.6016031252623809,0.02029377388072462,1385
29526,0.6014949566261553,0.04395984665502295,1386
22261,0.6014897199181123,0.001301882039774993,1387
26824,0.6014526418883109,0.047207466762876904,1388
23664,0.6014301714374887,0.005812370670221778,1389
26694,0.601388557441298,-0.013341722957330382,1390
21434,0.6013759074995446,-0.002326517185962884,1391
21884,0.6013132953072169,0.017699367885055217,1392
21583,0.6012468166962708,-0.002596329438366074,1393
26400,0.6012429365568627,-0.0023267816655128115,1394
26587,0.6011079661625479,0.0173605711576712,1395
25527,0.6008610268000935,0.009186825339024152,1396
20807,0.600850661444016,0.03277236429069674,1397
20856,0.6008411866032959,0.04626673958412353,1398
24060,0.6007812203971759,0.0015431136285599667,1399
26215,0.6007206561401118,0.01744790426321252,1400
22050,0.6007137852992817,0.016508108783423014,1401
24766,0.6006681737578974,0.03076708140669293,1402
29702,0.6006466870273587,0.01422924558327665,1403
20676,0.6006118350740397,0.02208678503834538,1404
27575,0.6005450989909537,0.0,1405
23644,0.6004333558095681,0.01280086880079867,1406
21524,0.6003489611237169,0.015300194966347824,1407
22861,0.6002645531960953,-0.0002627423653903671,1408
28974,0.6002306514943501,-0.0023287838740976285,1409
21963,0.6002040226485201,0.04822205821098058,1410
28590,0.6001188699012998,0.0038434894398680086,1411
20008,0.6000650140090994,0.005357897229209985,1412
28229,0.6000051552819534,0.016422363757109926,1413
24624,0.5999815135687642,-0.0034092261741234253,1414
29122,0.5998752532263953,-0.0017485325316635159,1415
27486,0.5998502493637747,-0.001747173320708173,1416
27457,0.5997557120382299,-0.0036922651882942414,1417
28720,0.5997244934929155,0.0654237207587508,1418
23519,0.599632282848692,0.03956149989635105,1419
29483,0.5996196214007217,-0.00034054114677994907,1420
25809,0.5995896039308497,0.011662973622472927,1421
25190,0.599589160149173,0.0,1422
25730,0.5995739335355159,0.009917018376060849,1423
22271,0.5995306077760149,0.02786995471151843,1424
20334,0.5994566359103096,0.002556948889917199,1425
27762,0.5993517153757862,0.001412684314472279,1426
23853,0.5993257168714856,0.013633906710666222,1427
29193,0.5993239662698123,0.024919720708489357,1428
29190,0.5992894592670959,0.005023325683153779,1429
26414,0.5992677582667364,0.0,1430
24791,0.599140943956421,0.017086820770429778,1431
26855,0.5990488389074162,-0.0023310962767978394,1432
26271,0.5989890959223797,0.061468395674135645,1433
27989,0.5989657221420319,0.011544881139346264,1434
25513,0.5989299472683144,0.004827318699334504,1435
28242,0.5988804679204601,-0.0023314235191894683,1436
28191,0.5988659466267183,0.027279859545767504,1437
20005,0.5987625252664065,0.06203024077975405,1438
20017,0.5987608735746357,0.050412054335638556,1439
28933,0.598700981040073,0.03921595145951384,1440
20600,0.5986959067387174,0.03914221025444686,1441
21805,0.5985833165477976,0.020720130524245928,1442
27728,0.598457572883543,0.001892637364745653,1443
29680,0.5984122749442012,0.03518356411033219,1444
29261,0.5984060290132496,0.011826384331000361,1445
26976,0.5983223520704669,0.0720427722230691,1446
23662,0.5982193051426538,0.004830065222527935,1447
28897,0.5980740310975351,-0.0023329832784927396,1448
23264,0.5980581715348806,-0.0012721259445719335,1449
26679,0.5980541363183117,-0.0023330215984772584,1450
25487,0.5980439678985641,0.020742118545198585,1451
28606,0.5980299802138251,0.02726688136755906,1452
21175,0.5980062756306699,-0.002333113753100302,1453
27441,0.5979907852494447,-0.0023331435699573966,1454
22060,0.5979488951303865,0.00298361437144512,1455
22552,0.5977785856583294,0.07120897031552997,1456
22295,0.597773407546854,0.03814361715097758,1457
22986,0.5977142928533173,0.03604430560248861,1458
24332,0.597576720193413,0.00350598871346941,1459
26112,0.5974945615880268,-0.002334096272683661,1460
25284,0.5974927128874188,-0.0023340998130952917,1461
20176,0.597478046277273,0.01737896879224521,1462
22979,0.5973484555198636,-0.0005810609572376446,1463
29498,0.5973353997081112,0.01765002952665451,1464
27976,0.5973119007521479,0.026835182636206767,1465
28892,0.5972832070384795,-0.0012039560508434466,1466
22413,0.597090317224296,-0.0012731320019641057,1467
29695,0.5969985311111919,0.011490061075265401,1468
26613,0.5968502939761966,0.033396328941965536,1469
29792,0.5967855401578455,0.01407720619170394,1470
23078,0.5967535404257764,0.00730567884104516,1471
25406,0.5966165570399803,-0.0023357702708449724,1472
28306,0.5965849831451265,0.018379155187048246,1473
24098,0.5964937776822041,0.010526611254713214,1474
24966,0.5964702472130918,0.013028000383076832,1475
26171,0.596452316593644,0.021727166129651088,1476
23938,0.5963850788812202,0.004979971855746168,1477
28069,0.5963331153232183,0.010778250110720755,1478
20849,0.5963319808059306,-0.0023363096372980285,1479
26154,0.5963029005905306,0.006879984319232313,1480
29746,0.5962964771824386,-0.002336376818368846,1481
22939,0.5962951136222058,0.031200304488373742,1482
22403,0.5962536367354941,0.0,1483
27148,0.5961986434019857,0.040551677084460835,1484
26788,0.5961979790798863,-0.004170625974598496,1485
25850,0.5961920586909208,0.03937142912787095,1486
25008,0.5961345306343367,0.08267389405074566,1487
29686,0.5961318856293387,-0.009377903070664662,1488
23977,0.5960649858890942,-0.0013149345251884936,1489
20824,0.5960193294981787,-0.0023369004065175725,1490
22219,0.5959840341305066,0.019585628990127613,1491
29965,0.5959323045790146,0.025240075577532495,1492
28056,0.5959237532559299,0.015279032799995762,1493
24940,0.59583573480053,-0.002337246434672924,1494
24866,0.5958097374057576,0.0228883572973827,1495
26472,0.5957158245845767,-0.0023374720816262684,1496
26968,0.595510565589372,0.015125955274072789,1497
23410,0.5954819875364457,0.006425909363630744,1498
27264,0.5954292081824926,0.00016586592105760634,1499
28508,0.5953773900587921,0.011982400381544411,1500
26639,0.5952777163660763,0.00446221656751955,1501
26057,0.5952611439411252,0.04988978197866645,1502
22826,0.5952587213329731,-0.00807331042878534,1503
22494,0.5952296321875664,0.0,1504
21822,0.5952170307540572,0.016166808920274334,1505
23100,0.5952087284564387,5.592063753590004e-05,1506
21409,0.5952023919350569,0.025313441331687003,1507
21002,0.5951461375055576,0.002992034057618831,1508
23733,0.5951377412700558,-0.0003417814748537529,1509
24925,0.5951353119552848,0.013448742822070536,1510
26044,0.5951027995609013,0.0,1511
29808,0.5950588710123769,-0.0014087413147875205,1512
26851,0.5950571826981794,0.015064215856142371,1513
24969,0.5949857469741232,-0.012026619787559922,1514
27444,0.5949702337978124,-0.002338868882453271,1515
25935,0.5949432364266631,0.0,1516
21073,0.5947565982379472,-0.003707506889534029,1517
27974,0.5947282836246529,-0.0068516509973854944,1518
21984,0.594724074785709,0.02235732285669967,1519
22109,0.5947088429972792,-0.002339356025957029,1520
20562,0.5946691510912084,0.011282542715813526,1521
22493,0.5946591740030338,0.038399923029925676,1522
25348,0.5946466476910094,0.0,1523
21474,0.5945331124999544,-0.002339682783648156,1524
21809,0.5944082029814536,-0.009459372959666812,1525
28206,0.5944080021205372,0.023526824524791823,1526
20895,0.5943676369928892,0.0010742142519843956,1527
25240,0.5943652382882126,0.06103278578517635,1528
28110,0.5943548928011649,0.0017350086094186645,1529
28514,0.5942965107337876,0.004573161925400915,1530
29465,0.5942003420451023,0.02177073014149733,1531
26177,0.5941502593654128,0.01827191858094923,1532
28538,0.5941187439874991,0.019114011522118335,1533
23756,0.5939462620095454,0.06039916632739217,1534
24484,0.5939462247369808,-0.0023407697215365175,1535
27411,0.5939360505003993,0.019441872990262676,1536
21680,0.5939332899491491,0.0217140576623136,1537
27460,0.5938750203209907,0.0017360137418330757,1538
22061,0.5936877863394969,0.010681878682944568,1539
23970,0.5936691022522972,0.0033671278600621024,1540
29338,0.5936217894167435,0.0033672493252565605,1541
29278,0.593582562760357,0.0,1542
20852,0.5934654762314671,0.026910897236949727,1543
22263,0.5934463136092702,0.02158324721656557,1544
24846,0.5934446391599342,0.0005761519373805868,1545
22905,0.5934210170407969,0.013480642313864144,1546
23085,0.593335420558335,0.01888299965050899,1547
24381,0.5933004590792329,0.02778182761569037,1548
23079,0.5932477981923648,0.012881943636044446,1549
28094,0.5932204257547198,-0.001717774071943956,1550
22536,0.5932147621768372,-0.001717781657593287,1551
26127,0.5931835820974946,-0.0023421721931722317,1552
27845,0.5931699049774207,0.06094917774886077,1553
25793,0.5931083896341899,0.013273065642895765,1554
26111,0.5930924519477279,0.010581699325935556,1555
29000,0.5929692148751183,0.0008551341117748468,1556
20750,0.5928676522263515,-0.013194502410797448,1557
27834,0.5928583061340231,-0.003987983756694624,1558
23653,0.592857407169375,-0.003279340790665386,1559
22080,0.5928129990041259,0.011077188579888486,1560
26749,0.5927367572591679,0.009118561333561814,1561
25206,0.592723889346925,0.005368348020572955,1562
29429,0.5927014198339852,0.010278678281101405,1563
26877,0.5926735307629291,0.04040613926007974,1564
23658,0.5926120701260483,0.0,1565
25511,0.5925990503013041,-0.0023432394965717807,1566
22240,0.5925738530144357,0.004579118128015147,1567
24011,0.5924454222105617,0.013148646834618138,1568
24708,0.5924221638770987,0.04899511516534638,1569
25087,0.5923872819859206,-0.001794957795036134,1570
22305,0.5923277893397902,-0.0023437325460744507,1571
29656,0.5922823096220095,0.02565918628047914,1572
26141,0.5921823165861346,0.013106948503969873,1573
29495,0.5921581051226047,0.04275448203474641,1574
27409,0.592091402761451,-0.007633757285096965,1575
23526,0.5920794487242579,0.013282504542776796,1576
25126,0.5920507957499053,0.01167862675749809,1577
29684,0.5919851797067023,0.02740590799957987,1578
29729,0.5918914794034293,0.020977507449219668,1579
27519,0.5918763592449713,-0.00234454991395161,1580
27512,0.5918598882175938,0.0,1581
27723,0.5917908973055569,-0.0009827678367517745,1582
25162,0.5916596267340127,0.013225630520883658,1583
27065,0.5916184085336716,0.021799717799174223,1584
21429,0.5914815984081789,-0.00141553427811425,1585
21791,0.5914803616282159,0.009553200457179223,1586
27957,0.5914371058716812,-0.003046850101580456,1587
27635,0.5913792505336091,0.02781652589835759,1588
25522,0.5913031542722066,0.018956647762151002,1589
28235,0.5912284195552677,-0.008814296294196056,1590
25329,0.5911885019547488,0.026054160594651266,1591
26431,0.5911387901034056,-0.0009301182725112156,1592
21665,0.5910582324276751,0.016256951140580234,1593
28617,0.5910193825566188,-0.001920593603053522,1594
20791,0.5910157641382549,-0.002346097184325102,1595
21454,0.5908901297017598,0.01993811095695408,1596
24324,0.5908472142729665,-0.014433564807952659,1597
29463,0.5908184066556554,0.025118977031095224,1598
22486,0.5907766365924646,0.017191271037049205,1599
22468,0.5907229288994476,-0.012675554004683787,1600
25223,0.5906581565646508,0.0,1601
29240,0.5905394599281891,0.010955110357060982,1602
27933,0.5904216788233526,-0.002347156921816529,1603
26699,0.5903702577820567,-0.0005842353815251888,1604
22452,0.5903604917177306,0.10086641923916906,1605
28722,0.5902930599104336,0.012895236163696033,1606
20840,0.5902612167731813,-0.0023474419831329696,1607
27399,0.5902156108738607,0.003216034646160937,1608
28767,0.5902111171607265,0.021548651566779098,1609
27540,0.5901149511412208,0.045890212141745046,1610
27921,0.5900965791178359,0.04975144150679944,1611
23355,0.5900445803215706,0.0452327525544195,1612
24816,0.5900375386911757,-0.00336397632892782,1613
25352,0.5899641031567262,0.043783455131960136,1614
28277,0.5898298419189555,0.022587030987721635,1615
21812,0.5897368170801323,0.005349748721369729,1616
25689,0.5896588115961588,-0.002348507705170255,1617
21869,0.589648842026292,0.03192647999970155,1618
23803,0.5896052495369462,0.037396177776363504,1619
29854,0.5896021564903429,0.015122032948643005,1620
28414,0.5895932208481802,0.0208498490459873,1621
29450,0.5895811840452109,0.005380712919964448,1622
26421,0.5895007752653442,0.009489009597928533,1623
28903,0.5894957531897232,-0.0017226643246202045,1624
25117,0.5894797977405565,0.01664229477741186,1625
26098,0.5894723318269817,0.014028496960182602,1626
22961,0.5894657511364466,0.03025089475275955,1627
27334,0.5893670577868942,-0.0005846724083654609,1628
28222,0.5893525702060586,0.014218140748808006,1629
21133,0.5893113288197173,0.0009955460368442637,1630
22757,0.5892604221108055,0.01667704804834158,1631
23752,0.5891246162819743,-0.0012116177232078806,1632
27191,0.5890219552849669,0.08145546429518136,1633
24715,0.5889915190048878,0.052148725756582026,1634
23581,0.5889216159391751,-0.0004043963511757287,1635
29209,0.5888527168755248,0.004026697061602191,1636
26220,0.5887261906425951,0.033846721217507314,1637
27228,0.5886381325893443,0.01814939878279931,1638
21467,0.5886338366083514,-0.019808450573239877,1639
22078,0.5886077971360205,0.0812350145084435,1640
22878,0.5885668332975522,-0.00778038411267068,1641
24017,0.588531977342703,0.012114817710368153,1642
21478,0.5885164477914444,0.010286806322320707,1643
26196,0.588438577287858,0.02438703382828522,1644
22603,0.588430009100357,0.007561215785359843,1645
21144,0.5883629477968663,0.0,1646
26818,0.588321885584842,0.004013692225663612,1647
29887,0.5883094822956102,-0.010105178387217695,1648
25416,0.5882388339492852,0.002984589861860787,1649
27180,0.5881797869637982,0.02989794237216914,1650
24029,0.5881587768682536,0.016656919775474233,1651
20823,0.5881583436690726,0.0522823242161603,1652
22028,0.5880829205153896,0.047019766980991196,1653
24136,0.588036507737779,0.003310107434245535,1654
22194,0.5880290883405362,0.03346048494228937,1655
24709,0.5880019261232574,-0.0029032085237223892,1656
28187,0.5879420749291788,0.04224732250351193,1657
20592,0.587927217674434,0.07411029067702835,1658
25140,0.5879267095655732,-0.005632319077421788,1659
29455,0.5879119630430708,-0.006548108286872689,1660
26572,0.5879060387787687,-0.0010865797186682125,1661
27361,0.5878837592493504,-0.010108487498090901,1662
26031,0.5878821237944933,0.004014947082948361,1663
23467,0.5877968929599025,0.04834308494696182,1664
20053,0.5877028990251909,0.03122601844623274,1665
22585,0.5876491154775143,0.004377223739405411,1666
26163,0.5872040563103357,0.00231780541633142,1667
23784,0.5871895269319803,0.009473744817528718,1668
27718,0.5870063713959982,-0.002353116518449605,1669
22694,0.5869302414305562,0.05885200686776637,1670
29582,0.5868063511176972,0.011040144923591622,1671
22370,0.5867528383142676,0.007617142917898612,1672
25684,0.5867408952222655,0.01701888717429556,1673
20588,0.5867092984023385,0.0545138498286627,1674
21645,0.5867010778147342,-0.002353638239450895,1675
27286,0.5866922314321723,-0.0023536533302451756,1676
21799,0.5866723662482446,0.025333705544329677,1677
25156,0.5866180844706248,0.02466983084866825,1678
23380,0.5865953879539098,0.0005250085293122542,1679
22700,0.5865746408880979,0.05640013042651715,1680
28812,0.5865539463527044,0.01730964050306949,1681
29131,0.5865131104128984,-0.001726438110565054,1682
23186,0.5864843060603038,0.043972693682704955,1683
22401,0.5863541737367157,0.0036323454919460207,1684
24912,0.5863231458369678,0.023146356332320317,1685
29949,0.586316362482718,-0.0044918379355752824,1686
22988,0.5862400657376646,0.020683176604304077,1687
22154,0.5862078573166158,0.04154614752816799,1688
24739,0.5861469097624064,-0.0023545806507964118,1689
21955,0.5860849664908422,0.01873793913027444,1690
27004,0.5860020725830415,0.015184911267597578,1691
22192,0.5859777978868611,0.025840238063984278,1692
26873,0.5859646412584528,-0.0101232183374238,1693
20314,0.5859389849144208,0.027326842058612577,1694
20284,0.5858581001599715,0.046447085743611005,1695
20175,0.5857994415607974,0.020750786654948672,1696
27461,0.5857927418601627,0.005203982161913756,1697
29688,0.585764624864733,-0.003732992743564867,1698
22344,0.5857098215221594,-0.0036491502945883436,1699
25908,0.5857017594912691,-0.0003442065766252611,1700
24447,0.5856545582061211,0.0,1701
28363,0.5856461834840493,0.02556527077953552,1702
28502,0.585622962953814,0.05233615028075189,1703
23059,0.5855316595390362,0.029322014812307673,1704
27533,0.5855044259847829,0.044400812618653474,1705
20776,0.5854168539906316,-0.0020511340852307214,1706
25227,0.5853818624859514,0.018518991319549705,1707
20598,0.5853220331801973,-0.003834685546165062,1708
28817,0.5852939906594888,0.0,1709
24417,0.5852933810170677,-0.002356020508569534,1710
21120,0.5852449963417407,0.00395148501332554,1711
22156,0.5851968817159623,-0.0017257513378110545,1712
27824,0.5851347459075645,0.0,1713
24654,0.5851180178664691,0.004244423875067294,1714
22721,0.5850824615147061,0.01741863895284479,1715
27857,0.5850795152636328,0.008193477763643875,1716
25764,0.5849999339428589,0.01452156772640767,1717
22875,0.5848406791372367,0.05213925724771218,1718
28192,0.5848190967263163,0.004733510458229118,1719
21778,0.5848173293498804,0.020706322289049228,1720
29252,0.5847760151751189,0.06244339988478842,1721
23673,0.5846284552138513,0.036252010536826695,1722
29889,0.5846244072576507,0.003389209418803274,1723
24975,0.5845705593818448,0.03021964867686222,1724
24493,0.584570522265387,0.01273112984897784,1725
27627,0.5845094543362551,-0.0029105506371551737,1726
24564,0.5844529130556408,0.0031036105146947657,1727
29210,0.5844502431257229,0.01776718367943053,1728
27431,0.5843977226589311,-0.002357516255303005,1729
26155,0.5843866110081113,0.013334540247616378,1730
29304,0.5843026041643545,0.03291673385762839,1731
22218,0.5842855667769127,-0.006997250255333709,1732
29093,0.5842014088706317,0.018257796921891556,1733
26367,0.5840949801480767,-0.013824483848573488,1734
22888,0.5840815232689365,-0.0023580405940535343,1735
26642,0.5840654944232709,0.01092714310599685,1736
26695,0.5839269616364554,0.015114099867162611,1737
29539,0.5839095643415726,0.00816754588536095,1738
23429,0.5839036630824489,0.007969182374712558,1739
24203,0.5838750449930115,0.0,1740
28649,0.5838692147245835,0.015178746162422874,1741
26618,0.5838290621793087,-0.010139252125288767,1742
23009,0.5838236149799693,0.0,1743
23712,0.5837845869733983,0.002017150517843458,1744
21102,0.5836662465473854,0.04531196252113434,1745
20305,0.5836456858439533,0.009570373577735602,1746
21537,0.5835982933275148,0.01426907830067825,1747
23625,0.5835748592115932,0.002587466908494651,1748
24640,0.5835478463136042,-0.007807952788901895,1749
27009,0.5835092524999871,0.06504969439916031,1750
28072,0.5834808980930127,0.012553136824643985,1751
23502,0.583433555521604,-0.002359109034642648,1752
28486,0.5834298252688066,0.02430617361681542,1753
22278,0.5834245835915566,-0.0023591237714318813,1754
23941,0.5834138756782988,0.0011542864885996096,1755
20373,0.5833374798959825,0.08268606293278236,1756
23610,0.5833320894359874,0.026739456802687633,1757
27826,0.583172019203991,5.253222130074953e-06,1758
25928,0.5831245812105791,-0.012445107560878466,1759
28092,0.5830918447272514,0.0313233292888736,1760
28950,0.5829129323213491,0.006944739192130345,1761
24160,0.5829089466369759,0.015702537216784385,1762
22114,0.5828839749241158,-0.004411395275993657,1763
25813,0.5828802744340302,0.04094428163014818,1764
20604,0.5827789088368539,0.016393613861379497,1765
24296,0.5827775924429484,0.006357641926176938,1766
27107,0.5827538601179288,0.019839376781310536,1767
20387,0.5826487436598875,-0.0023603922219563866,1768
22842,0.5826049987845415,0.018550653452721666,1769
23132,0.5825763084528052,-0.0018827757855790495,1770
23541,0.5824784227470612,0.008820755652740542,1771
26001,0.5824622744392929,0.005907430899267485,1772
22277,0.5824131500001728,0.006340646137872885,1773
23280,0.5823877760067158,-0.0002628472877546084,1774
29829,0.5823049118966317,0.0,1775
27679,0.5822985746209278,-0.0023609609056978176,1776
22148,0.5822168804422256,0.020146531936134582,1777
20255,0.5822098526260344,-0.00034503999762935944,1778
20036,0.5821691789321348,-0.0003450495015414612,1779
21570,0.5821608818184645,0.04700890557617754,1780
24967,0.5820002237437074,-0.0023614435602854478,1781
26656,0.5819476558966554,0.019714409312349024,1782
22244,0.5818846513541864,0.026826877317961406,1783
25010,0.5815733665902744,0.0225852573438845,1784
22062,0.5815229953570388,-0.005097299213292827,1785
22090,0.5814674053055129,0.014893254584464888,1786
22122,0.5814452158503602,0.0,1787
24805,0.5814139943437384,-0.0012182467812229536,1788
21026,0.581253763695429,0.020993667951262118,1789
24432,0.5811717838225269,0.03218362401724317,1790
28814,0.5810563126261202,0.02811912738540434,1791
24724,0.5809319903437079,0.029616153908106013,1792
26466,0.5808307567356942,-0.03327179340735387,1793
26403,0.5807832201892169,0.015669458086092214,1794
28246,0.5806876606092508,0.0,1795
20829,0.5806008799113954,0.01988337538418883,1796
22349,0.5805290282624023,-0.0003454288334012734,1797
28962,0.5805263453274335,0.01520990182268056,1798
21543,0.5804824885080414,0.030380636297718144,1799
23346,0.5804224410769354,0.015210847636649927,1800
29704,0.580406316588142,0.04018425495683842,1801
28109,0.580363541850385,-0.002364060595788753,1802
23527,0.5803261883549811,-0.002364119717578772,1803
28354,0.5802558487422398,-0.0023642309752122115,1804
29401,0.5802392235993683,0.0053774440903539,1805
28106,0.5802019245217592,-0.01674377230717672,1806
27292,0.5802006740536371,-0.007342968532363492,1807
21519,0.5801992465008631,0.004377667538517982,1808
25997,0.5801599137444993,-0.004026145831466765,1809
24717,0.580150910302132,0.0010852001453294235,1810
23563,0.580115769428827,0.02784949693600758,1811
23872,0.5800957205552463,0.01568516312885726,1812
27186,0.5799215320378416,-0.004872991808514637,1813
22063,0.5798959136847157,0.009997090969616318,1814
24403,0.579852019996494,0.014873802572107464,1815
24369,0.5797242740572178,0.00980802304694095,1816
27097,0.5797012567857445,0.020708572665310565,1817
21143,0.5796490023425361,0.01677406199499265,1818
21225,0.5796220453293964,0.017476322511624454,1819
22173,0.5796200699149466,-0.01475621829017515,1820
29898,0.5795305849259142,0.019477390953769658,1821
26937,0.5795222732971458,0.018395476781422504,1822
21996,0.579459865077656,0.0,1823
20566,0.5793780614851353,0.000992383808471109,1824
29198,0.5792894017319405,0.058778644893769605,1825
26756,0.5792620782283588,0.040369561910414964,1826
22862,0.5792566096608978,0.011623814915726727,1827
28326,0.5792450587346114,0.0,1828
23310,0.579237645510202,0.047507782686375344,1829
24850,0.5792236907030297,0.010312804903235606,1830
26581,0.5791986710952831,0.043538912092916604,1831
27671,0.5791249526617521,0.005895403741301153,1832
26588,0.5790929872675865,-0.005632661455327814,1833
24611,0.5789786407597922,0.03946816682661747,1834
29349,0.5789623452013897,-0.015677368130198044,1835
25314,0.578826090729861,0.0409089968469607,1836
21978,0.5787961964664932,0.0360261713349711,1837
29833,0.5787741252130932,0.014656859077282758,1838
23739,0.5787651558576655,0.0,1839
20546,0.5787549370435354,0.027000133682356542,1840
29622,0.5785909153080565,0.011987291266514877,1841
25460,0.5785835505050316,0.006816471851706085,1842
27017,0.5785521608420976,0.022391972762883516,1843
21781,0.5784971396906193,0.0,1844
27281,0.5784942398081371,0.06247419635098728,1845
28564,0.5784764657481174,0.006767404268268606,1846
21674,0.578369853621068,0.0005673413981960307,1847
20137,0.578354676966886,0.03937258997708837,1848
20812,0.5783482630229625,0.027849482762660083,1849
26901,0.578330688291857,-0.0023672388089299723,1850
23012,0.5781818459795403,0.0,1851
28879,0.5781676750789227,0.0038126973524854613,1852
26222,0.5781361235171893,-0.001553669078928288,1853
23134,0.5780520884772534,-0.0008180610359268536,1854
23049,0.5780065175820754,0.02143171754227491,1855
29326,0.5779961115542697,0.0,1856
28083,0.5779765957811396,0.01907455877933073,1857
20556,0.5778997435252454,0.009507927311594333,1858
23033,0.5778574528633936,0.010373923943096885,1859
29390,0.5778474118580673,0.0048469521849958674,1860
29103,0.5778270839360022,-0.001221127881506412,1861
22500,0.5778034391688036,0.01165470049014572,1862
26228,0.5777842309529018,0.02106397273088889,1863
24409,0.5777604714023413,-0.0023681159139200547,1864
22079,0.5777363930575825,0.012784699847591341,1865
21988,0.5776564079731096,3.529243095423684e-05,1866
22407,0.5776354921389429,0.0048423310054610536,1867
20549,0.5775762360484858,0.11745324595122342,1868
23929,0.5775600153216096,-0.002368422757207944,1869
21683,0.5775262146338779,0.0382712963257964,1870
27807,0.5774910681875591,0.036660875010701255,1871
24769,0.5774787187703135,0.006667020852290095,1872
29501,0.5774608409211158,0.009340422371571955,1873
28295,0.5774448292073846,0.01027039594084811,1874
22445,0.5774385386353088,0.016262416441222505,1875
28714,0.5773671458550663,-0.0005895231544585933,1876
29442,0.5773123261975203,0.013224277991359168,1877
20632,0.5773051043622153,-0.0023688118309027617,1878
29599,0.5772954569060412,0.044428172546729705,1879
21752,0.5772426273409135,-0.002848435206665445,1880
20865,0.5771447303039551,0.00826898031346368,1881
21155,0.5770494404656936,0.0005678170973356655,1882
22020,0.5770188448511312,0.041542840465451314,1883
27028,0.5770175223296963,0.09859396986344826,1884
26684,0.5769348292716482,-0.0012635109327017169,1885
29535,0.5769204043249934,0.030001745155965875,1886
26493,0.5769148119446337,0.0025986632464148895,1887
27890,0.5768854028448608,0.01253769049621356,1888
20797,0.576816599106432,0.01547557696510471,1889
20260,0.5767642780632809,0.029487340330040634,1890
21336,0.5767552829599668,0.024892050027151558,1891
28971,0.5765839595021867,-0.0001047639943467793,1892
22086,0.5764679550275446,0.019120682944303913,1893
24418,0.5764564912286274,0.031473756490996485,1894
21779,0.5764148922536725,0.03384819228963476,1895
21392,0.5763731216634526,0.06364018012341643,1896
26200,0.5763710019620228,0.025602241869873477,1897
23032,0.5763519992948055,-0.001222275360218461,1898
25274,0.5763369298326886,0.032732777108637645,1899
26765,0.5763205534391843,0.0398214148449163,1900
25312,0.576302235783036,0.023483338296537704,1901
25275,0.576282206975929,0.020373528013347464,1902
24353,0.5762647310797022,-0.0023703867037737636,1903
29878,0.576255473843371,0.01888613182247556,1904
21968,0.5761774834349684,-0.001599282506552946,1905
26585,0.5761669389342169,0.005397907937067625,1906
24730,0.576128461329439,0.012004568838589025,1907
28539,0.576119457058434,0.03090606027683951,1908
21701,0.5760760207368814,0.032263463886982646,1909
29983,0.5760706842615206,0.017765243392684593,1910
22866,0.576006490927612,0.05055956839257758,1911
21979,0.5759734279559217,0.01721676436244679,1912
21001,0.5758362202452247,0.0018846610259480867,1913
27458,0.5758244238884922,0.03048077785423442,1914
27796,0.5757569212746213,-0.0003464891232765055,1915
26445,0.5757058738119023,0.0037980842874402176,1916
29242,0.5755562850487758,0.027641207194791684,1917
22989,0.5754006910604983,0.017935294592337336,1918
23045,0.575374328964208,0.01376708005607552,1919
29410,0.5752792779241712,0.0,1920
26643,0.5751916507620083,0.0050302401568224075,1921
25688,0.5751657941712262,0.01392921583365836,1922
27002,0.5751584024902553,-0.0052160289958786965,1923
27750,0.575112873070442,-0.0023721058618049184,1924
21209,0.5750732027043769,0.012827541989978264,1925
22799,0.5750723924158201,0.00682130178535878,1926
26620,0.5750498826880918,0.010326275047355282,1927
28685,0.5750217311551606,-0.0012232915184500204,1928
23755,0.5749797620370721,0.034826920547101126,1929
28610,0.5748920054913715,0.015858111929010543,1930
27765,0.574776697216799,-0.0034912502967427983,1931
29911,0.574721762064327,0.012466364846436595,1932
26030,0.5747071620133222,0.005791704665106034,1933
27289,0.574668277740027,-0.007485005262453548,1934
27285,0.5746076853630506,-0.00034673481515290483,1935
22297,0.5745784942633824,0.1293122005425929,1936
20641,0.5743996416079916,0.11029244443686326,1937
20352,0.5743417851187341,0.040135472006268214,1938
27209,0.5743055068769822,0.011622674490158857,1939
26372,0.5742854634630268,0.07436362571192567,1940
25620,0.5742364259580519,-0.0003468133850620392,1941
24242,0.5742086752086037,0.00695780409968183,1942
22998,0.5742051166373908,-0.002373442573636475,1943
29054,0.5741715751282106,0.044037136666160714,1944
29694,0.5740856820317167,0.05677712400548096,1945
27619,0.5740760746006357,-0.002373631296917811,1946
23490,0.5739926889952709,0.010881314767983041,1947
23453,0.5739266423501794,-0.002373849437404152,1948
27953,0.5738431192159478,0.00345936616623721,1949
26423,0.573812141697458,0.01567018398863873,1950
26282,0.5736781922810504,-0.0017512174155422944,1951
23945,0.5736164396517369,0.014487741204900928,1952
23435,0.5735668900401908,-0.0208945769738893,1953
26446,0.5735036380064132,0.04965440841530344,1954
28290,0.573424475355367,0.000804524207682733,1955
23448,0.5733661102721584,0.00845197147655019,1956
22645,0.5733127923943349,0.060916933992438915,1957
21339,0.5733005083043015,0.0009492094407781426,1958
22554,0.573276856060203,0.013752270858133131,1959
22420,0.5731065437119832,-0.0012247233905100519,1960
24384,0.5730198443431351,0.031297191111756106,1961
24386,0.5729849456644583,0.03735609733351408,1962
28176,0.5729166978144428,0.0160223711895352,1963
28640,0.5729114089585374,0.009257769078386602,1964
26876,0.5728813841497856,0.0034144639086610695,1965
29534,0.5728389991526892,0.007046399510879597,1966
28200,0.572742182983089,0.019390614416161855,1967
20714,0.5725284616416989,-0.0028690312540256002,1968
24937,0.5725145225974283,0.02478344186432835,1969
20892,0.5724150491672468,0.013282526557506502,1970
23437,0.5723048213845071,-0.0023761891175572147,1971
29577,0.5722670607972035,0.04748225162923392,1972
28122,0.5721426128346387,0.029241974134275317,1973
29444,0.5720713454469198,-0.0023765217368517666,1974
22004,0.5720380580721383,0.0,1975
25643,0.5718951822377114,0.0,1976
22885,0.571887555567916,-0.002376782827947399,1977
28533,0.5718112585394232,0.057681088825687454,1978
26517,0.571752449423465,-0.005155528317554059,1979
23266,0.5715648683400352,0.028245927597657317,1980
29206,0.5715483808863805,-0.001225861264264605,1981
26593,0.5715292617327284,0.05295929532741195,1982
24298,0.5714691823082779,0.04765604201783302,1983
26934,0.5713753296005444,0.018666570332012022,1984
24674,0.5712451229203652,0.02114592699374096,1985
21807,0.5712273124633034,-0.002377715364217492,1986
26599,0.5712219552159091,0.037341078198493305,1987
28864,0.5711065280895076,0.013702854398536801,1988
24590,0.5711045722266851,0.004026378435152522,1989
27324,0.5710622317871541,-0.010013207915477218,1990
25006,0.5710380706652133,0.04820373830014191,1991
27677,0.5709214927733414,0.0,1992
29201,0.5708749993461366,0.007055771507577857,1993
27330,0.5708724955286383,0.0019231544179534321,1994
28219,0.5707510875011558,0.03521341162719194,1995
22422,0.5707404127111333,0.021441070476776014,1996
21140,0.5707350141811691,0.028256736421300555,1997
22503,0.5706844967544595,0.0036006549097317153,1998
21782,0.5706678746829899,0.01529358358647881,1999
26183,0.5706451562497744,-0.001144232831182812,2000
21985,0.570589788221589,0.04511018895211372,2001
29091,0.5705644397778689,0.011681082378184326,2002
29082,0.5705020206532726,0.01589500080795936,2003
25345,0.5704236001542099,0.01867550174326371,2004
23168,0.5703166945625214,-0.0034088891988707237,2005
20341,0.57029001231146,0.008586743265674879,2006
29177,0.5702168611268903,0.001294080592220248,2007
23894,0.5701430252778614,0.05889032835882635,2008
29056,0.5698041051138822,-0.002379696776151796,2009
21611,0.5698036272799567,0.02904213331898242,2010
28803,0.569784783245503,0.005849655549310717,2011
27188,0.5697750986721543,0.011237688920421207,2012
24926,0.569773183450655,-0.0003477273424660199,2013
27707,0.5696796904758425,0.021552038436002396,2014
27233,0.5696586755325258,-0.0023798970339614645,2015
26226,0.5696464646553293,-0.0050540268042191805,2016
20128,0.5696132207637105,0.00859261334136907,2017
22667,0.5696010982302682,0.027404977429805855,2018
26689,0.5695835541583847,-0.01162631841351558,2019
21248,0.5694903137762524,-0.011925817645742298,2020
23124,0.5694892398312941,0.024685524569254658,2021
25469,0.5694605151130848,0.009808297121586151,2022
21991,0.5693030770437475,0.011657584684623079,2023
28234,0.5692939886548508,0.019864274999083942,2024
20902,0.5692596755671857,0.011156780229265917,2025
24277,0.5691918062542907,0.02418805081858988,2026
29387,0.5691565706773309,0.017356173513874973,2027
20239,0.5691314530313397,0.00342171607930164,2028
21452,0.5691263471206836,0.03901663584244308,2029
28663,0.5691021354422726,0.020284510415294665,2030
29385,0.5690747317510468,0.029722491358895264,2031
21527,0.5688978958672681,-0.01129910614266505,2032
20499,0.5688255429221432,-0.002381036361038702,2033
20660,0.5688106897677497,0.018275955290624868,2034
26823,0.5687935508772904,-0.0023810798425355495,2035
28597,0.5687930564887915,0.004696169606497769,2036
23845,0.5687441085991988,-0.0023811470022147008,2037
20693,0.5686236651943258,0.02907643131951243,2038
29740,0.5685563565789772,0.003349264895624038,2039
23308,0.56844948892752,0.01970044469384058,2040
24189,0.5684087586770262,-0.0011003447739507122,2041
25524,0.5683214522310872,0.013549026348978255,2042
21381,0.5682770279316652,0.007027105535259093,2043
23449,0.5682735787590899,0.013673242285999199,2044
24315,0.5682412515834124,0.009681180291887692,2045
26880,0.5681801938009089,-0.002381909639844859,2046
28842,0.5680474500028179,0.01664114571436659,2047
29779,0.5680154798115422,0.0006359650306730913,2048
29962,0.5679208876536025,-0.00033211997226600953,2049
29360,0.567909405099917,-0.010378519007285814,2050
29402,0.5678917848351104,0.01035733404450645,2051
29739,0.5678618531438856,0.0432152686472681,2052
26296,0.5678509439840607,0.018284421103687443,2053
29221,0.5678384094061782,0.015471322592170988,2054
28930,0.5676421191602243,0.013590360033046145,2055
27257,0.5675998298001725,0.002896398141507328,2056
29031,0.5675684106015183,0.11817807539192043,2057
27225,0.5675517270793714,0.005921598266329875,2058
28735,0.5674464001533134,-0.002382892789252411,2059
23875,0.5674026323605595,-0.013046614144672564,2060
26279,0.5673933271355288,0.0485922830800245,2061
20936,0.5673861217298348,-0.0016751688213724192,2062
24229,0.5673506119934248,-0.0023830203574616293,2063
25361,0.5673457421038487,0.005663396569354551,2064
20167,0.5670929801929782,0.01532090598476632,2065
23578,0.5670241931788617,0.02748105736417361,2066
27662,0.5669988491172222,0.012855539735920019,2067
29117,0.5669247614517251,0.013466249772414618,2068
23334,0.5668796140131215,0.0444408607747554,2069
20850,0.5668567141711586,0.014229440221138256,2070
24542,0.566845155367915,0.006946118959011427,2071
24968,0.5667398116333676,0.03593512559697898,2072
22095,0.5666862111778059,0.03702247814944326,2073
28489,0.5666801170328948,0.02564469295255145,2074
22903,0.5666559652689421,0.02129324986013481,2075
22562,0.5666542518942419,-0.0017483389754121559,2076
23247,0.5666298056601176,0.0019219908601760816,2077
23299,0.5665709591485492,-0.002075671774822707,2078
20950,0.5665436257516457,0.015260316570961385,2079
22374,0.5663398163923152,0.008584782545910885,2080
22481,0.5663100317013549,0.0,2081
21407,0.5662810523593523,0.008081551845779078,2082
24840,0.5662253504299124,0.029723957629941178,2083
26475,0.566198787961741,0.03345432131909154,2084
21068,0.5661774659734565,0.022111181249373613,2085
27812,0.5661774153609245,0.18516824766196632,2086
27546,0.5661459830529889,0.015327874477716441,2087
26231,0.5661026283972742,0.02143730532239574,2088
26924,0.5660883082145416,0.040642098243574454,2089
28230,0.5659098461518957,-0.008946737550843853,2090
20511,0.5658442846576348,0.003047662086318681,2091
23821,0.5658436546436546,0.006298877594170249,2092
26351,0.5657852276631382,0.008083997659522169,2093
26532,0.5657769554687391,0.02276790596212741,2094
23302,0.5657230280127673,-0.0023851607368694516,2095
22317,0.5656609344728396,-0.0023852413766904945,2096
26852,0.5655910949595566,0.05449857150408288,2097
29331,0.565572210048798,0.0019287515009210887,2098
24028,0.5655384032830493,0.011224343779160262,2099
28064,0.5655178521499329,0.0,2100
24118,0.5653432783071146,0.010978932414200226,2101
29844,0.565308942030597,0.01467950362517445,2102
23378,0.5652814917344263,0.0506845607022417,2103
29059,0.5652324174768767,0.004658536751134479,2104
25242,0.5652107843150771,-0.00238582374329388,2105
29066,0.5651397851372904,-0.009930523265059388,2106
23240,0.5649619706595659,0.013810432890443036,2107
24861,0.5648924196229995,0.021958871795121238,2108
29361,0.5648776581666424,0.019380785963786118,2109
26047,0.5646812121158271,0.004168621724159882,2110
29244,0.5646564731567618,0.021836018868758966,2111
27963,0.5646537254384333,0.05699730663445035,2112
27755,0.5645472017240286,0.008349658764337686,2113
28563,0.5645397612828836,0.012880567834567591,2114
20810,0.5645216960528487,0.002664964920933377,2115
27419,0.5645060035538567,0.004358314014479725,2116
29484,0.5644801703465301,0.011041362281983824,2117
24142,0.5644173740780684,0.028257695267707827,2118
22776,0.5643536949073327,-0.0036985331562194856,2119
24251,0.5643160529253181,0.011076109330165673,2120
22170,0.5643017032087871,-0.016374686389950655,2121
26801,0.5641945952408396,-0.006703547513829178,2122
28647,0.564180124809763,-0.006113649568232682,2123
20246,0.5641503015092967,0.021334010609921572,2124
24693,0.56405122832167,0.002448040632266224,2125
24571,0.5640453612322682,0.027399771803212403,2126
24419,0.5639743488996956,0.013244225601551585,2127
27451,0.5639292928942017,-0.010468332567131755,2128
23598,0.5639031326864912,-0.0023874931863968607,2129
23155,0.5638921570968164,0.012874737876483633,2130
24808,0.5638389266447653,0.04088411035279327,2131
28936,0.5636630480448618,0.0,2132
28642,0.5636470124427433,0.015897282639429355,2133
25681,0.5635497936131808,0.008794756110222735,2134
27814,0.5634852136275655,0.055205667217888,2135
22722,0.5634536390178057,-0.004501215813375592,2136
26866,0.5634081268627377,0.002618465167123385,2137
23962,0.5633994516353378,-0.008720434912774522,2138
22196,0.5633847796857745,0.038200919647101816,2139
24737,0.5633613692014988,0.049469228431758494,2140
22825,0.5633555020682137,0.0627948106160856,2141
21123,0.5633539380572583,0.012363642233668037,2142
26430,0.5633257857165394,0.016431174267680593,2143
20215,0.5631740477370165,0.02881750290825158,2144
27874,0.5631019205964718,0.03800001200271863,2145
27578,0.5630024579293137,0.04388089763395642,2146
28032,0.5629924287030501,0.03853951592921678,2147
24337,0.562896254471884,-0.002388756043662288,2148
21724,0.5628611915328592,0.005370930036037946,2149
27059,0.562765672467259,0.02828397929366011,2150
23566,0.562713290928415,0.03083364708271108,2151
27402,0.5626931679562163,0.05167290080649567,2152
25111,0.5626895260102744,0.0007521541736854598,2153
26484,0.5626877730450874,0.014350642171828576,2154
24772,0.5626709477293118,0.03215387201452158,2155
20339,0.5625098472140778,0.00028861173272298757,2156
29324,0.5624378435617345,0.014526435116371417,2157
21081,0.5624285484972178,-0.023724977627649024,2158
21649,0.5624090895008355,0.03238121053609977,2159
23788,0.5623806797265043,0.045145592023627334,2160
29837,0.5623479328900716,0.04416540883754727,2161
20051,0.5622707157781855,0.025797122511959425,2162
29366,0.5622531124878158,-0.010477129075808223,2163
23913,0.5622020427368465,0.0019379597803169668,2164
27429,0.5621383744517525,-0.00439363923945868,2165
23324,0.5620952855488006,-0.0193275162143397,2166
28018,0.5620489649636343,0.02724165113119903,2167
28756,0.562001522396998,0.015876774824284734,2168
25099,0.5619997294054102,0.006907512958696849,2169
25961,0.5619521173868659,0.014175931882347892,2170
27063,0.5618747164532304,0.00926189756643625,2171
24275,0.5618041828813704,0.0162725605857863,2172
20742,0.5617350864424674,0.016093679108029835,2173
22388,0.5617342695373316,-0.0052791357040684606,2174
20390,0.5616645091849772,0.03852176140181862,2175
26634,0.5615968164213397,0.008978594353362901,2176
23498,0.5615941303043087,0.04228221885115302,2177
27222,0.5615315539092756,0.012503761884293918,2178
23942,0.5615220724454865,0.00836988879108258,2179
29143,0.5614935843834801,0.025185602231948323,2180
29125,0.5614896318136924,0.039939743837761,2181
23153,0.5614846945721732,0.01833707303540799,2182
24602,0.561456355045841,0.03055178975343431,2183
25819,0.5614237727980635,-0.002390567474428673,2184
28177,0.5614218195951571,0.03461630699781937,2185
23322,0.5614180666132461,0.034843437708154124,2186
21669,0.5613489925171558,0.0023077526353249,2187
21260,0.5612922136717937,0.01763839218771146,2188
27992,0.5611262338358822,0.018480483035861472,2189
27665,0.5610887392397786,0.051050403344005124,2190
21221,0.5610042513118565,-0.006210808055281514,2191
28636,0.5609219630148786,-0.001232973655013958,2192
22741,0.5608648139100967,0.05131873488378025,2193
26798,0.5608597402852359,0.03450668421736647,2194
27970,0.5608204116784195,0.019094424357839368,2195
23561,0.5606110010459538,-0.008700944209906636,2196
24559,0.5605017441136724,0.02124068447999461,2197
26371,0.5604786999006202,0.0071057205411886315,2198
27480,0.5604379231741428,0.047811735836750247,2199
20014,0.5604367977227058,0.04829208921651362,2200
20107,0.5603861186839767,0.04725664635221616,2201
24882,0.5603757866940072,0.0026223761934618395,2202
20081,0.5603185619459145,0.0074534125351796154,2203
23635,0.560290345077269,0.0,2204
20735,0.5601836229650754,0.02386726246491866,2205
23732,0.5601718551021515,0.05928817457647795,2206
23870,0.5601401542951471,0.0003996205335339287,2207
24721,0.5600504656148881,0.03412023977888057,2208
28681,0.5600453976795424,0.008998117637224468,2209
29045,0.5600398263703925,-0.00826625714407625,2210
23353,0.5600123888467748,0.02696054950680693,2211
26693,0.5599935954689091,0.012404239248563709,2212
24996,0.5599855515292124,0.07316289944855947,2213
29696,0.5599671833249853,0.020517014924753108,2214
27424,0.5599611992868562,0.020038304388957706,2215
23158,0.5599337200303729,-0.010387943555286383,2216
22029,0.5598551397423684,0.03069000684322032,2217
25875,0.5597755651470674,0.009328706446739332,2218
22643,0.5597704805471168,0.01659437657991014,2219
20864,0.5596959200340831,0.0,2220
21301,0.5596872764059136,0.0034382387655762514,2221
26646,0.5596763520506169,-0.0003495864145010019,2222
22952,0.55964636223311,-0.0023926980116028007,2223
26173,0.559641480436431,0.014735572881485304,2224
28766,0.559512795028578,0.008068634468383795,2225
28919,0.5595020260039717,0.019005853306395704,2226
26481,0.5593904753085653,0.030663701733784188,2227
22800,0.5592579436685626,0.054197692924676355,2228
22123,0.5592561633871673,0.00768037671967825,2229
29554,0.5592460052426247,0.0218012507583234,2230
29437,0.559093082685246,0.03190644670637044,2231
25481,0.5590290220144026,-0.010841075437632797,2232
25652,0.5589925678549877,0.01938509402448907,2233
27169,0.5589686196192101,0.0319078346207774,2234
24622,0.5588880800928924,0.007098120956467668,2235
23393,0.5588663726910785,0.003058193113963048,2236
23603,0.5588154105984097,-0.002393673033987742,2237
28801,0.5587641532075234,0.010777207570847436,2238
22446,0.5587145352748255,0.02739237127856442,2239
22178,0.5586354938004445,0.04359908333132201,2240
20962,0.5585918525290057,0.016684522841930338,2241
27672,0.5585839168356235,0.022495517251098773,2242
25627,0.5585545996046992,0.012255010470049843,2243
24883,0.5584766773349649,0.013492590058497012,2244
26558,0.5583904077840557,0.02099804568190633,2245
28339,0.5581775924353504,0.015856321005279117,2246
27224,0.5581725728518078,0.036534729403336796,2247
23829,0.5579563235558234,0.0026253561624752786,2248
26433,0.5579183667339153,-0.015297990035385789,2249
25445,0.5578210449450488,-0.0023948222014724685,2250
27625,0.5578069637854631,0.019599598042715716,2251
29940,0.5576850848366726,0.057802877765463945,2252
29610,0.5576677491806887,0.046857275574955004,2253
28087,0.5576350102812729,-0.0008833034699616826,2254
22460,0.5575922572136006,-0.007202858601562112,2255
28816,0.5575660262754092,0.00467570356900604,2256
20060,0.5575449639549086,-0.006951249090302092,2257
29028,0.5575393305390923,0.01859207989574141,2258
27406,0.5575356776714026,0.12666911555766203,2259
26444,0.5575103515570051,0.03811601070958215,2260
29035,0.557502070180356,0.060659573994173765,2261
29934,0.5573930673392495,0.0092385773252176,2262
28123,0.5573701790708777,0.010501247742456754,2263
27939,0.5573687129883629,0.018639701953563792,2264
29378,0.5572454108440466,0.0077091393444997935,2265
24811,0.5572326870416185,0.007542288546993459,2266
26954,0.5571907605229278,0.015388119416438029,2267
26062,0.5570730479919778,-0.002395674006627102,2268
27476,0.5570288113991756,0.02244373110509601,2269
29569,0.5569969959728129,0.02868938682174882,2270
26885,0.5568983588125658,0.0074647690994199545,2271
21390,0.5568609653243853,0.02669998234791282,2272
28197,0.5568498850009503,-0.006993161665212577,2273
24095,0.556813431181026,0.015309359585897075,2274
23081,0.5567617508590375,-0.00015643497104433912,2275
27954,0.5566578718811483,0.0032836531844265826,2276
21404,0.5566225217882044,0.010858112927210395,2277
23807,0.5566124345148489,0.010024454919208892,2278
25675,0.5566100596881339,0.004567724137141016,2279
29094,0.5566066470755309,0.0017759039805157473,2280
28972,0.5565890573846812,0.04685625041341912,2281
26123,0.5565867023219072,0.038266400786231225,2282
25887,0.556531915861098,0.026803702673008578,2283
29692,0.5565252294652637,0.007478225765414459,2284
21116,0.5565179995697125,0.021026678722158687,2285
24676,0.5564833844635526,0.015546185741276641,2286
25229,0.556456451535501,0.02184947232410217,2287
24580,0.5564300034781128,0.0349833051584445,2288
20326,0.5563927343357657,0.05343334826816126,2289
27504,0.5563421007074009,0.006506668523184711,2290
26074,0.5563340450157482,0.029221107654355705,2291
28244,0.5563261796415995,0.017454276197945595,2292
23317,0.5563041868949002,-0.005300205177783401,2293
24311,0.5561054846245257,0.00832340400941245,2294
29353,0.556062600555843,-0.0012847305760530503,2295
24492,0.5559809055884211,0.026323472181200902,2296
24898,0.555956719491729,0.032171991679557754,2297
27116,0.5558718000559703,0.03077497710599697,2298
20299,0.5558674301017393,0.03269471712176464,2299
25711,0.5558644810755612,-0.0008273785485671814,2300
20818,0.5557519761680679,-0.0055582744820039665,2301
27344,0.5556923652922499,-0.002397217799129381,2302
21828,0.5556530046551702,0.01629988828675022,2303
23850,0.5556425061900468,-0.016189799270002192,2304
25669,0.5555649966742909,0.007547654274993931,2305
23279,0.5554265999325417,-0.009497521334499881,2306
26021,0.5554159448972238,0.050857672658684905,2307
25151,0.5552980103120235,-0.0023976519531409,2308
29374,0.5552030214183081,0.03785257952494603,2309
22133,0.5551846634083082,0.022455291426465185,2310
21473,0.5550600962497128,0.026138558830849257,2311
20939,0.5549420661515779,0.024724571916096005,2312
28026,0.5549179574821894,-0.013136502117122362,2313
27294,0.5548852297525966,0.00987504360961411,2314
23287,0.5547573602739311,0.03573695332721738,2315
21723,0.5547523251307706,-0.004923210751597851,2316
28807,0.5547444033247865,0.012947677357334264,2317
24105,0.5547039970475921,0.023610468813611618,2318
28399,0.5546573235223364,0.007884845596947354,2319
20740,0.5546326634899513,0.03985991943607048,2320
25068,0.5544486849423573,-0.002398576749296999,2321
21639,0.5543695532009957,0.007816574614006533,2322
28819,0.5543035869509788,0.023687151948776686,2323
27879,0.5542995523474336,0.17643155390511084,2324
26338,0.5542854647699983,0.014463848475251062,2325
27896,0.5542737228207657,0.033068078821298474,2326
29470,0.5542561051689415,0.004609809510048191,2327
23489,0.5541908799226019,0.004943387223740547,2328
23595,0.5541863046702711,0.0025559830314569876,2329
20394,0.5541842660047518,0.009517826311828959,2330
29440,0.5540999153517001,0.025303133808402767,2331
24656,0.5540763085173437,-0.021950632813611093,2332
21888,0.5539838385243955,0.009744461224567624,2333
24964,0.5539609173941276,0.008852483845990577,2334
26480,0.5538767390082674,0.023253402176654725,2335
28393,0.5538654172805788,0.02610268564331175,2336
23841,0.5538511764260484,0.0015633623080921755,2337
21962,0.5538494263239072,0.05113525672711294,2338
21670,0.5537971189267523,0.029440416569334382,2339
28241,0.5537774874806888,0.016742844113134425,2340
22200,0.5537556081905214,0.07698603990420705,2341
20980,0.5535482662561969,0.07260463993350419,2342
28851,0.5535323089527662,-0.0012851258580314218,2343
27337,0.5535233507793063,0.009188137720191447,2344
27202,0.5535215665150658,0.07161698723571913,2345
27398,0.5534595807603147,0.038095004059251036,2346
24426,0.5534313998054663,0.005853354338738348,2347
27184,0.5534067193878786,-0.028934233672086362,2348
20653,0.5534055680948867,-0.0031979498878130785,2349
25586,0.5533813825495203,0.009586266520418829,2350
25855,0.5533774506807031,0.046865634377754706,2351
20270,0.5533695191487854,0.013269099364491499,2352
21361,0.5533217910311502,0.011437175680499179,2353
28232,0.5532386807938575,0.0038265547258099497,2354
29679,0.553233353813073,-0.003875284446009597,2355
27591,0.5530510697431242,0.0609915480141387,2356
23483,0.553035309784527,0.0244487473305407,2357
26633,0.5530154712898423,0.00263105408463693,2358
29482,0.5529925700188996,0.03897268888636507,2359
26326,0.5529751379503071,-0.0024001480368299744,2360
24129,0.5529697705777566,-0.0017601704954507413,2361
23381,0.5529203882178946,0.01541342186701733,2362
22366,0.5528617011259539,-0.008881487254467246,2363
24038,0.5528049297086463,0.01570600443626724,2364
28337,0.5527136552400388,0.07606914241300672,2365
28884,0.5525872454000789,-0.002400554655091147,2366
20624,0.5525852795423007,0.07121280718757589,2367
29372,0.552424615248819,-0.002400724267887955,2368
23641,0.5524161794977793,0.01802097374627465,2369
22027,0.5523993388390475,0.027360983915720283,2370
23070,0.552390469644104,-0.0024007598143880315,2371
29728,0.5523843187524365,0.012920757808523198,2372
27258,0.5522201229707555,0.02835011716589675,2373
26708,0.5521862991675671,0.05336781587987194,2374
28386,0.5521398440777285,0.020789770923804296,2375
21437,0.5521394422072752,0.009024314161129365,2376
27475,0.552072943442172,0.012422045959311512,2377
29698,0.5520437044695884,-0.0024011195251523176,2378
23726,0.5519485199809262,0.01602309273364777,2379
29092,0.5518847929452957,0.011087017871847071,2380
28789,0.5518731920549839,0.0045509714396336776,2381
20291,0.5518611257924546,0.0012365986119285965,2382
24794,0.5518226452954149,0.03657479629515381,2383
25462,0.5517112034209001,0.05557197176110801,2384
20189,0.5517008227640481,0.007544597023055655,2385
25246,0.5516913092367686,0.02000827302490049,2386
22947,0.5516617608930522,0.0407725084844508,2387
24026,0.5516486115517855,0.05241175252861735,2388
22671,0.551578654707404,0.007125260009419598,2389
21690,0.5515643436008432,-0.0024016129405495246,2390
28017,0.5515476210721759,0.12457857127002009,2391
25331,0.5515092539429651,0.035838500059679146,2392
29706,0.5514984924285431,0.018824205692850482,2393
25799,0.5514224739666016,0.03140208638047948,2394
24395,0.5514014931390884,0.018628445589708664,2395
25973,0.5511424694928359,0.013610162430430117,2396
22529,0.5510844695003287,0.0,2397
20934,0.5510563365690838,0.007731707651628894,2398
20166,0.5510417581326796,0.10928567749070117,2399
26563,0.5509942744178041,0.0046886419644834865,2400
25989,0.5509878378463933,-0.0024022004446695444,2401
22820,0.5509674216727276,0.04972912923889261,2402
22686,0.550872870773373,0.07109366108746373,2403
25514,0.550855263959595,0.015424798363448455,2404
29485,0.5508490011347832,-0.0008484315957608679,2405
22575,0.5508100080078411,-0.0012386925279347372,2406
28333,0.550795816562584,0.02612815098973409,2407
25389,0.550703364150955,0.02371844090538322,2408
21819,0.5506932902105949,0.028213084018025247,2409
22929,0.5506755797990402,-0.002402515967907637,2410
24759,0.5506529655166108,0.08424887665812542,2411
20935,0.5506315306930144,0.05256511268944719,2412
27927,0.5506215994608478,-0.001015469450349693,2413
27611,0.5505696720157067,0.07004633601153964,2414
21330,0.5505045401196984,0.029833785233585708,2415
20443,0.5504852028513122,0.012429234372758002,2416
22535,0.5503768227728618,0.03664855241275067,2417
21322,0.5502697282642146,0.023511589918344455,2418
21879,0.5502591543556786,0.034712780012540634,2419
26197,0.55024583582077,0.05068957026258358,2420
21626,0.5501358072451464,-0.001762281847217051,2421
23052,0.5500871165518264,0.021560001401366824,2422
25004,0.5500635638305521,0.027693705215838138,2423
27397,0.5500260208627565,0.022409506177988314,2424
23282,0.5500125470303184,0.006345390616520286,2425
20296,0.5500064210307295,-0.005530998863321757,2426
29384,0.5499589801940894,0.0042814062055699376,2427
26719,0.5498728608344363,0.17779231726913952,2428
21036,0.5498281028527838,0.015012269463945072,2429
23907,0.5498132434247852,0.017225080656764313,2430
20077,0.5496629554327694,0.024811585609237463,2431
25583,0.5495330655635307,-0.0012393419416881768,2432
29248,0.549517807836798,-0.007825605904648314,2433
21126,0.5495089317754462,0.03147073665460787,2434
21315,0.5494815082401142,0.021213925302178027,2435
24672,0.5494577554643957,0.05619195409361627,2436
22773,0.5494552548568573,-0.0018026034337377261,2437
26468,0.5494011390226087,0.012144124154996438,2438
25458,0.5493865118336293,0.016265192615066093,2439
25782,0.549364069925788,0.017221865162689975,2440
21092,0.5493275692150859,0.08339908330905121,2441
27132,0.5492511658630657,0.03720172623825213,2442
21216,0.549250295504971,0.0561774980993926,2443
26492,0.5492162370924545,0.03632737522661389,2444
26269,0.5492117294670212,0.04192013754004087,2445
25846,0.5492116838169254,0.011593140714669659,2446
29203,0.5491602968282377,0.029531764933746207,2447
26316,0.5489684805575886,0.02030370622372424,2448
23440,0.5489114095047526,0.030610977718308008,2449
28171,0.5489065607008405,0.021023188559662342,2450
28794,0.5488940361910996,0.00832203062227832,2451
26386,0.54889244751227,0.05512545309188033,2452
29010,0.5488834531219977,0.05105597632600778,2453
22659,0.5488226336847379,0.007139839384778024,2454
26217,0.5488027133142646,0.004045488644554673,2455
27064,0.5487784566881265,0.015435700051610102,2456
27741,0.5487691811862736,0.02181646895560241,2457
21511,0.5487294803623839,0.0035636579810520708,2458
23303,0.5487092959356672,0.0035794446569831218,2459
26831,0.5487084216571809,0.020165751127476872,2460
25670,0.5486413435849873,0.03677862728499903,2461
29773,0.548639067394141,0.007897672076762507,2462
21178,0.5485877790132528,0.03209907324972572,2463
26592,0.5485039190176338,0.000703891580039917,2464
28888,0.5484925262956021,0.0014603927657985682,2465
23301,0.5484729695574267,0.06249456335734099,2466
28472,0.5483493342334786,0.006670449397736311,2467
20444,0.548306371808484,0.0347366306681931,2468
21711,0.5482806873753138,-0.002404873013264419,2469
20482,0.5482525035784586,0.004773496148223866,2470
28495,0.5482422307375868,0.0007556989989980778,2471
20768,0.5482020225237372,-0.003790101657443312,2472
24950,0.5481684594056626,-0.00811305145790664,2473
27449,0.5481659149758216,0.052725539840521696,2474
22917,0.5481597961442751,0.0,2475
24256,0.547988845464673,0.060473600328799504,2476
29379,0.5478595752778346,-0.0013121101502402421,2477
23768,0.547807370165439,0.0,2478
21615,0.5477995832129035,0.02641398266970907,2479
20830,0.5476989498876745,0.01828260138433313,2480
27628,0.5476792856843177,0.015238096123628142,2481
25756,0.5476733117399228,0.0,2482
23268,0.5476423359815737,-0.0024054824937326247,2483
25495,0.5475832637671407,0.04293798039063812,2484
23874,0.5475564278644838,0.0015405131950897433,2485
27912,0.5475070236689049,0.03489922535742773,2486
27261,0.5474527194857635,0.042939159141127003,2487
23554,0.547398994452348,-0.0017949032764585926,2488
25971,0.5473351620340385,0.0020703097324751285,2489
25134,0.5472961961181806,0.009274654042844888,2490
28535,0.5472706888574369,0.00903970281415345,2491
23220,0.5472436286358856,0.025248698857660568,2492
25015,0.5472383962097682,0.02017514615615834,2493
25601,0.5471402543586521,0.0002874049405089396,2494
24018,0.5470635177996291,0.005504699177179995,2495
27310,0.5470504452797337,-0.002406040550927191,2496
26539,0.5470456302015599,-0.0012405601191468607,2497
28841,0.5469388434108903,0.03635061555655583,2498
24469,0.5469055585982213,0.01778805724013699,2499
24326,0.5468944317033765,-0.002406186514550157,2500
26038,0.5468058197439651,0.017697878106299636,2501
25478,0.5467535215349691,0.02423688777498023,2502
28746,0.5467175775532813,0.012331894146397127,2503
24725,0.5466792384043389,-0.03965913732122994,2504
26088,0.5466757822122027,0.03672549101904654,2505
24291,0.546659085830443,0.01751270556578577,2506
26958,0.5466181239439492,0.0016644610312311903,2507
27506,0.5466102949376627,0.026621606360877736,2508
27769,0.5466049030731406,0.04326405341192485,2509
28811,0.5465745458540153,0.0019511042449141813,2510
29668,0.5465521904695558,0.02046308322384005,2511
28420,0.5465330086423472,0.02482634552223395,2512
29571,0.5465213334759644,0.00302507913469241,2513
20570,0.5465021510197586,0.0190205766290652,2514
23365,0.5464627859576929,0.0051707744412592405,2515
21270,0.5464626306927104,0.07189532593315884,2516
23770,0.5463818564625044,0.0,2517
23670,0.5463684206624976,-0.004784362897810812,2518
23892,0.5463532797267752,0.007472725480795139,2519
28918,0.5463520203751765,-0.01570089572267852,2520
22519,0.5462672350947531,0.029491123282344267,2521
20171,0.5461625414097481,-0.002406864954269894,2522
24524,0.5461593120670423,0.014663051115244352,2523
28733,0.5461227560917606,0.0034576088687707784,2524
28867,0.5460996886620002,-0.005122388843404657,2525
26002,0.5460718826704108,0.015097265216443723,2526
24340,0.5459836654639211,0.026955656331027367,2527
20033,0.5459524363829728,0.013785660882321249,2528
25422,0.5459473642987079,0.028490227746045593,2529
21816,0.5459256381915587,0.003421994200282774,2530
24616,0.5458634390015129,0.001225611009051275,2531
20582,0.5458529295606095,0.029910205497152176,2532
27937,0.5458500956365511,0.039904538036712234,2533
29003,0.5458410144792779,0.010871229775840319,2534
20357,0.5458406357877169,-0.002089996855969556,2535
24295,0.5457921448955145,0.03592981422442443,2536
29335,0.5457437734356513,0.007523675143513264,2537
28402,0.545732344169152,0.011804784398661394,2538
25309,0.5456374726571727,0.016066795663629008,2539
28188,0.5456340964303791,0.006457234172687287,2540
25629,0.5455116675608798,0.01921505277319535,2541
24314,0.5454948605723647,0.030366596396779078,2542
26437,0.5454514774830334,0.04623990305700526,2543
29776,0.5454307436319974,-0.009006370960476406,2544
25811,0.5453889926619521,0.007075727937518317,2545
21237,0.5453216997953165,0.009818401429646628,2546
23057,0.5452356023373768,0.0018886737005994192,2547
20244,0.5451083110148476,-0.002407823925886232,2548
26515,0.5450352462655581,0.022360135979843432,2549
29424,0.5450261026842418,0.01700152399987198,2550
28566,0.5450053431606613,0.04296015485064453,2551
24565,0.5449786795581949,0.02071392500168856,2552
27520,0.5449756704401733,0.101352963401042,2553
25859,0.544926546568107,0.03992532520837766,2554
25932,0.5447095998257003,0.01469415199268631,2555
20461,0.54469309328373,0.04742044574377274,2556
27913,0.5446824911433383,0.009845914825208468,2557
27471,0.5446680018069798,0.0,2558
23622,0.5444724778531106,0.040008247075198344,2559
26520,0.5444053301306625,0.02772678242070825,2560
20118,0.5443939969073702,0.004902111729403025,2561
27958,0.5443093650340721,0.013352930167910837,2562
24238,0.5442714766334193,0.03870472684530257,2563
24707,0.5441956241480473,0.01583314412814074,2564
26672,0.5441614212473186,0.021631996484557492,2565
27621,0.5440936949359368,0.019500900154513,2566
21601,0.5439395667008496,0.08118755497197916,2567
20528,0.5439069782716901,0.050961568807899094,2568
21814,0.5437597003537894,-0.009599178751728221,2569
23024,0.5437150006685265,0.03136518956133083,2570
24790,0.5436822613324352,0.022502006673678854,2571
28482,0.5436456975902444,0.04450434454566615,2572
23487,0.5436337356777843,0.018772591253940152,2573
21075,0.5436282931353943,0.011275284194434687,2574
28469,0.5436124627946466,-0.0024091476041722126,2575
24268,0.5435326448702359,0.003681188717183592,2576
23669,0.5435253635934414,0.028513250755775377,2577
23082,0.5435139199901009,0.021090361038139882,2578
27092,0.543485056538702,0.0071403549553837875,2579
28198,0.5434815230034459,0.03672179061614844,2580
26110,0.5434642317463182,0.05671032091071698,2581
22463,0.5434526241943426,0.031705553426911615,2582
26766,0.5433545829623005,-0.002409371414718975,2583
24397,0.543305425623982,0.016952766774052552,2584
28615,0.5432786034700665,0.009422742221860125,2585
22984,0.5432248364536898,0.019335653950403486,2586
21239,0.5432158875115016,0.018074208881708076,2587
25703,0.5431762933461634,0.023193431908948847,2588
24843,0.5430557565153991,0.03451026621409781,2589
20205,0.5430453050201312,0.047573395332776325,2590
28075,0.5430378556743383,0.012755818984468315,2591
26807,0.5429822834833025,0.0020677906845812943,2592
20753,0.5429480498112004,0.030723401400249983,2593
24089,0.5428485840452288,0.006249268110419148,2594
21930,0.5426827098813876,-0.010722903129098293,2595
22808,0.5426525247501477,0.03797821656028599,2596
21292,0.542595619614863,0.015637245885731232,2597
25417,0.5425464491190907,0.016616556904655688,2598
21464,0.5424323874432796,0.0014386274403631605,2599
26993,0.5422858789990623,0.13549470837619526,2600
28551,0.5422603351809555,0.005539238110564004,2601
29439,0.5422464731007709,-0.0012427354258979229,2602
24163,0.542217508777473,0.021720600526330625,2603
22891,0.54219396515454,-0.010158886086509278,2604
25466,0.5421909322758302,-0.00995658240426267,2605
23187,0.5421895452820592,0.014938134083581245,2606
27068,0.5421739646625109,0.07323779691938825,2607
27493,0.5421686736683895,-0.009017819709696728,2608
21542,0.54206536168224,-0.002410470961518807,2609
29567,0.5420533042300132,0.018182195851617622,2610
25687,0.5420460245481674,0.009288089473405092,2611
28381,0.5420000595071541,0.00737736091897101,2612
21803,0.5419967146572019,0.006395728562451519,2613
29238,0.54197317515846,0.013739388990415491,2614
20888,0.5419289591512471,0.04853188156838206,2615
24538,0.5418917403295165,-0.01578594618424567,2616
25775,0.5418906259614216,0.010524245815549116,2617
23865,0.5418294331101543,0.029458829682996956,2618
24250,0.541768440060731,0.0358704960379479,2619
27920,0.5417577976595361,0.044670702908651494,2620
24642,0.5417378893973747,0.05325003107804921,2621
26240,0.5416938526563528,0.020098789638954284,2622
26443,0.5416858352836864,0.0390971581818792,2623
21861,0.5416427700300461,0.00012857890731210464,2624
21874,0.5416086384160724,-0.010378541139292263,2625
22623,0.5415884746895139,0.030504768840611374,2626
25187,0.5414789910328147,-0.023682915106724156,2627
27910,0.5414597346429649,0.002354086683017065,2628
20332,0.5414469933483618,0.027154217542059156,2629
28996,0.5414415479905924,-0.0032848959027960145,2630
26067,0.5413947427633975,0.016961609685025802,2631
20333,0.5413480613208265,0.0025867180913344834,2632
25168,0.5413445346147671,0.011932714872536554,2633
28009,0.541313481202883,0.04657702986442608,2634
24186,0.5412843966191436,-0.0036578367155233327,2635
26506,0.5411992380719263,0.0005333613252140879,2636
24360,0.5411343412046865,-0.016675883236167643,2637
23721,0.541120755946244,0.022034561995624813,2638
26456,0.5410878226265893,0.005515669376731314,2639
27806,0.5410546874053357,-0.0024113103893032006,2640
26970,0.5410311024719986,0.030103535703344564,2641
22023,0.5410072761697242,0.029051654343623112,2642
25437,0.5410063696886384,0.010232357157696104,2643
23895,0.5409870260167057,0.00429485444469202,2644
20951,0.5409801681818388,0.00968772565411924,2645
25716,0.5409111859742134,0.01807606990631827,2646
28086,0.5408761717960034,-0.0024114565978407,2647
29145,0.5408481984537259,-0.0024612084876153295,2648
29626,0.5408461670623987,-0.007899671561108601,2649
20022,0.5408278111594192,0.05938045790034696,2650
29591,0.540827000370623,0.007133864273860091,2651
22537,0.5408088396939623,0.03273053330017284,2652
20480,0.5408014660691387,0.01599547367942178,2653
25003,0.5407757033883018,-0.0016310188031882777,2654
27936,0.5406979857837891,0.03645936849048548,2655
22655,0.5403620537837159,0.04506812279143374,2656
29895,0.5403419310344907,-0.00241189045907797,2657
28437,0.5403117389030644,0.023766975345745567,2658
26779,0.5401872901411929,0.03541296833676455,2659
21223,0.5401557822641627,0.01844611428983267,2660
21667,0.5400024139273361,-0.0021087875855523297,2661
28687,0.5399862703527614,0.022308892206117648,2662
28709,0.5399841353446028,0.013939453732514484,2663
22751,0.5399570458039342,0.06359110110403343,2664
26441,0.5398525789591404,0.01433793746354517,2665
24549,0.5398220083904374,0.08816544982941243,2666
20045,0.5397623125266454,-0.0070433563248432085,2667
22215,0.5397129116439664,0.02122316284211756,2668
28534,0.5396479422544972,0.007161579638839455,2669
29886,0.5396207421405681,0.01414339038395973,2670
29797,0.5396047624171112,0.023267891550908026,2671
23426,0.5395916893529223,0.0,2672
26744,0.539574125587406,0.033977960880526736,2673
27639,0.5395066073444782,0.01815368764178038,2674
24489,0.539464294047415,0.00028584860335989504,2675
26497,0.5394493571298047,-0.013586129333277519,2676
24390,0.539365970405712,0.04395878313811191,2677
25101,0.5393491851732566,0.010990016209174724,2678
23731,0.5393311631811092,0.024839803051724063,2679
27323,0.5393200215261462,0.08815052182092187,2680
24441,0.5393144949336343,0.006013359899178172,2681
27858,0.5392699969407982,0.03829714173841281,2682
23110,0.5392348490468556,0.006283058044814438,2683
29942,0.5392025865787573,0.03142315839959697,2684
22478,0.5391978687726992,0.0020760929389828098,2685
24350,0.5390974517719164,0.0014140952850301147,2686
29148,0.5390850331743197,0.008986563984807683,2687
21663,0.5390277314577144,0.04163338606349343,2688
28686,0.5390169090615659,0.013008904647884734,2689
24916,0.5389156302399162,0.005992308265199475,2690
27884,0.5389080007104785,0.005839670834430932,2691
26339,0.5388273087224686,-0.006006242842835796,2692
29236,0.5387810476962988,0.015340795319661371,2693
22119,0.5387717903338278,-0.0012758344857790593,2694
26314,0.538733425908344,0.01107611920636653,2695
27973,0.538634067446488,0.007463825053112161,2696
26936,0.538556599277104,0.017563230429512577,2697
23071,0.5384905169451554,0.037511121714659756,2698
26069,0.5384548593631566,0.00985433192904972,2699
27766,0.5383876562182526,0.051843088162999595,2700
29641,0.5383259776376931,0.016156419926961818,2701
28809,0.5383104272014115,0.004263353706596251,2702
26615,0.5382937654551091,0.0013235725871398873,2703
21032,0.5382516912045051,-0.011085181161790691,2704
28089,0.5382444889214973,-0.005550026084339077,2705
26284,0.5381869948868445,0.01653917503730873,2706
23503,0.5380181406704111,-0.002413713185129396,2707
28529,0.5378541033002825,0.006134980411294122,2708
26542,0.5377562482671808,0.017515179279858795,2709
26998,0.5376979323088489,-0.02105343813119731,2710
27472,0.5376627547780436,0.05541759471200397,2711
26657,0.537517583040635,0.022382688553256314,2712
20075,0.5374097006552864,0.05326179148524013,2713
22870,0.5373996639579366,0.06859159817976279,2714
22558,0.5373675174693491,0.004889247569428323,2715
25299,0.5373504489644949,-0.009206559043435036,2716
22895,0.5373332594338497,0.02024769526775272,2717
27301,0.5373155597986924,0.036455459047151195,2718
20938,0.5373130597901112,-0.0024142455111780814,2719
26004,0.5373127414396042,0.025916153094026062,2720
29321,0.5372855525523722,0.009808086665673343,2721
27373,0.5371857742685168,0.015874157640883735,2722
22953,0.5371563098654644,0.011917465823404139,2723
24988,0.537148473580171,0.018851395981012598,2724
22705,0.5371038061071225,0.038849218699434696,2725
28839,0.537090412003765,-0.0024144116027184914,2726
21366,0.5370873731758075,0.056061538452735205,2727
26396,0.5370778187381283,0.009068368828543338,2728
20960,0.5370517674811299,0.019503995278341568,2729
27478,0.5369354437179005,0.06655648007482057,2730
23968,0.536896005096746,-0.0038875317611773985,2731
20788,0.5368788322824489,0.021118983360358112,2732
29629,0.5368657534872584,0.0026460494336807416,2733
25868,0.5367797986128938,-0.002414641707804699,2734
20112,0.5367494910594454,-0.002414664059636862,2735
24505,0.5367362549531707,0.03754008046114543,2736
28784,0.5366960528345087,-0.025868823863591017,2737
21214,0.5366885722202573,-0.01699643633900283,2738
28795,0.5366851389938121,0.008922994623927316,2739
22771,0.5366598608672383,-0.0016519987976633121,2740
25568,0.536645778474609,0.03948037121052789,2741
28496,0.5366058405877867,0.0,2742
21477,0.5365942833279727,0.01871113826301052,2743
24344,0.5364440697751184,0.0,2744
24895,0.5364229489270084,-0.001248701335468172,2745
27238,0.5363874992552025,0.0043006675986342335,2746
20177,0.5363687361428856,0.02139567699641931,2747
24253,0.5363462476451241,0.019118615710978504,2748
27464,0.5362889245207311,0.04728798456158623,2749
29786,0.5362433884352158,0.004379543383229767,2750
25952,0.5362350499258454,0.02848891359552075,2751
28095,0.5361945241447591,0.006934529146570112,2752
22789,0.536143409861028,-0.009675437961364053,2753
28763,0.5361358317310572,0.05895460207326164,2754
26458,0.5361075506643884,0.0030676769687467687,2755
23838,0.5361003650861285,0.0,2756
23952,0.5360149292677269,0.07249113075128016,2757
27775,0.5360080679696793,0.020708093373096204,2758
28047,0.5359283147567425,-0.0006009257307536542,2759
23791,0.5359234860007164,0.02077050928718438,2760
25889,0.5358534779006268,0.040498631419359055,2761
27382,0.5357408184755815,-0.002415397786293627,2762
24334,0.5357270903852029,0.009914573319092068,2763
21788,0.535715818302319,0.0058837980520368705,2764
27601,0.5356574879093507,0.011646523426104172,2765
25012,0.5355834214411176,0.01306756111451135,2766
20263,0.5355411301808639,-0.013224229716061076,2767
23605,0.5353313208048551,0.03563913674956315,2768
23551,0.5352910085516625,0.006968363827235646,2769
29130,0.5351571656557864,0.10406436898945065,2770
28806,0.5351568301004537,0.022246441925332983,2771
28693,0.5350316658032458,0.0,2772
25788,0.5349265809792485,-0.0024159756735526727,2773
21919,0.5347703956206651,0.014118150299438748,2774
29633,0.5347692442057159,0.010683000462508585,2775
29011,0.5347286266001757,0.0016708233594481259,2776
29736,0.5347093030952723,0.03715463885640963,2777
25122,0.5346677549207738,-0.00599883587129213,2778
24037,0.534655417548095,0.10934632330933441,2779
20673,0.5346271591887105,0.04537170119329342,2780
23226,0.5345705444889786,0.047656486516000685,2781
23560,0.5345356495685027,0.01138780598387712,2782
27072,0.5345312273256108,0.0698367879341894,2783
22501,0.5345232106050068,-0.0024162571905526065,2784
25108,0.5344925601889762,0.022836400821206748,2785
25529,0.5344795497654704,0.03599003688114688,2786
29759,0.5344713879732392,0.025428417203291476,2787
24351,0.534443096317099,0.027512846782633993,2788
21418,0.53443503213077,0.0001336673727071469,2789
26507,0.5342996812465439,0.0066814063599246465,2790
21562,0.5342860901637579,0.01398858668550107,2791
25826,0.5341636481553386,0.01809313157967385,2792
29919,0.5341582594104112,0.021476629995580088,2793
29260,0.5340717300097941,0.008265531646397206,2794
20916,0.5340000286125287,0.01625556241606918,2795
21408,0.5339909702344118,0.013016652917061333,2796
20971,0.5339513940407277,0.0034706146120346837,2797
26174,0.5338889230084507,-0.0024166934801217455,2798
25576,0.5338463900123048,0.0028471947043563484,2799
28312,0.5338379687219881,0.04580836382100284,2800
27271,0.5337591723465352,0.019053190206076653,2801
27235,0.5337013660786091,0.01756335048504387,2802
28316,0.5336046443552666,0.003098520794530657,2803
22415,0.533514291575216,0.001325366598715294,2804
24594,0.5334890127023127,0.0253504051271487,2805
28598,0.5334106817946903,0.01978037174042535,2806
27922,0.5333658186657495,-0.006196186653613434,2807
20859,0.5332880338108336,0.00902967367426133,2808
26479,0.5330967884668165,0.02026275356619267,2809
26762,0.5330867870053853,0.005892203110396954,2810
27561,0.532997675000165,0.017441948663621254,2811
20160,0.5329794199573277,0.009010392562641134,2812
29821,0.5328940913913687,0.04811815351834525,2813
21394,0.5328015225227555,0.034021832765927684,2814
25028,0.5327782264236625,0.026720357815293472,2815
26755,0.5326952442882252,-0.006964181360162969,2816
20121,0.5326766270494903,0.00807249367702767,2817
26406,0.5324944953241786,0.04942448733200866,2818
29016,0.5324828433117789,0.007975741853119112,2819
23094,0.5324533253924513,0.047700313699506225,2820
25401,0.5324152203233639,0.04303515513932232,2821
20517,0.5323945949622059,-0.009077810326513225,2822
26737,0.532392477959761,0.010413397505107946,2823
23093,0.5323697256437968,0.013708157260883702,2824
22692,0.5323421201586147,0.025554044115850716,2825
22557,0.5323370497962242,-0.000353168597964193,2826
25866,0.5323194427361393,0.04303551440781489,2827
20084,0.5322729126608532,0.041172418169344804,2828
29666,0.5322131625400877,0.04688668934922341,2829
26290,0.532192222385793,0.061649484821478195,2830
28254,0.5321867002181325,0.00036268396784455703,2831
28748,0.5321362828539093,-0.0017730538804135998,2832
28738,0.532026502048337,-0.002570406069403064,2833
27882,0.5320222132235697,0.03212617591784778,2834
20943,0.5320080859879777,0.001998102477488106,2835
25253,0.531983001240967,-0.014571287836128044,2836
20311,0.5319609280220229,0.07786761125628794,2837
26711,0.5319439960178076,0.04510966521460724,2838
24178,0.5319087819490101,-0.002418005262433409,2839
25607,0.5318893282207714,0.04523588649595295,2840
25367,0.5318194067095403,0.027025370404480498,2841
29486,0.5317976901024069,0.021414063917789328,2842
27948,0.5317807769283672,0.029975017756221467,2843
29749,0.5316659429203072,0.008648498267287752,2844
24078,0.5316324854526429,0.014087607052707063,2845
24257,0.5316246744752733,0.06195205234124945,2846
24293,0.5316035109333254,0.0011822972465266313,2847
27425,0.5315564606996404,0.048623817484031884,2848
20213,0.53155394210301,0.01709085695570778,2849
23572,0.5315206325257882,0.010714054918708471,2850
25544,0.5314843021103772,0.010451635304030482,2851
29636,0.5314632814882757,0.0,2852
27951,0.5314135742904794,0.04972818968093967,2853
29078,0.5314065570977948,0.008794711706692104,2854
28578,0.5313714971475022,0.03427702561792195,2855
26883,0.53132131602794,-0.0013439344089901661,2856
20258,0.531310626690836,0.03402590342846035,2857
29370,0.53120393129108,-0.005895439878921271,2858
21112,0.5311982906437318,0.0007890846286490172,2859
21656,0.5311854882196646,0.0161809394875414,2860
28341,0.5311696833530932,0.028164206240958944,2861
26666,0.5311506691301043,0.013236659383204952,2862
22887,0.531139388355031,0.010462962839232315,2863
20799,0.5310192765313521,-0.007408340936737701,2864
29927,0.5309734771949558,0.021744501563492946,2865
21817,0.5308561519896545,0.024536308794674278,2866
23570,0.5308456108346361,-0.015565266606318073,2867
24961,0.5307775891926312,0.04304086000858737,2868
29731,0.5307132716252042,0.006534831983210254,2869
21206,0.5307090131315543,0.0006649079569641669,2870
26447,0.530684977923112,0.02202294023927176,2871
27985,0.5306376548933377,0.02386565809544372,2872
20526,0.5306064146420656,0.013905536211317182,2873
20250,0.5305299256663394,0.04734726650565352,2874
26995,0.5303569922252999,0.014399730855032433,2875
20774,0.5302764393774663,0.018331107535738744,2876
27517,0.5302406712239652,-0.0010446800961914082,2877
27268,0.5302256198316212,0.014865247766526313,2878
22577,0.530181810638993,0.010177267326418105,2879
29813,0.5298434263651248,0.03218865196195181,2880
22120,0.5297572175470201,0.06062137653374172,2881
23785,0.5297531246027057,0.021707445347040166,2882
26819,0.5296976767881678,0.09982224469898127,2883
22626,0.5296734862228042,0.043001853083974084,2884
24651,0.529654046299549,0.03858029055826517,2885
23695,0.5295422510462027,0.02754906430785431,2886
22992,0.5295403054831385,0.017259686555013865,2887
22101,0.5295359515731186,0.049191551101065656,2888
26347,0.5295257039107962,0.005221922919948385,2889
20131,0.529498879506211,0.04920097628693498,2890
29665,0.5294982114734458,0.007578432793893253,2891
22031,0.5294910685109419,0.021370102242887934,2892
26482,0.5294617818961654,0.02987849517452401,2893
25213,0.5293506571036232,0.03063616973008715,2894
24014,0.5292782419008472,0.014852950859651326,2895
25623,0.5291064190480125,0.012828924451278478,2896
28743,0.5289973097449875,0.01125917173436064,2897
26017,0.528952130810133,0.03243960112377131,2898
23095,0.5289392396085029,0.042995466143628924,2899
20061,0.5289197891320858,0.02024183825267445,2900
26810,0.5288975660162535,0.019782208725185324,2901
21258,0.5288938332049778,0.08466176517180374,2902
27179,0.528834007346237,0.03279416262599216,2903
29241,0.5287880750190878,0.045862396563652486,2904
21396,0.5287715937956387,0.0019287203323812285,2905
26663,0.5287562981853363,0.022714502050275143,2906
20757,0.5287526036754371,0.011206924801863694,2907
23749,0.528733139311897,0.05433205443696215,2908
24534,0.5286782756657957,0.01829832834602685,2909
21761,0.5285497002408435,0.059339592977492084,2910
27243,0.5285495750151484,0.025517581416720114,2911
29258,0.528406813678585,0.008655271338509296,2912
20181,0.5283993162275864,0.02155063295641446,2913
20370,0.5283895568800885,0.015654575873084275,2914
21293,0.528349976755631,0.021659456163793167,2915
29404,0.5283113235700636,0.0,2916
21698,0.528241045794017,-0.0024202339760038827,2917
25604,0.5282025497357807,0.15516281326630998,2918
27133,0.5281963768928984,0.0,2919
26984,0.5281418757636137,0.1405438604806835,2920
21062,0.5281158012344485,0.033039503063299,2921
28747,0.5280976861064622,0.010833320402614643,2922
25209,0.5279833373559717,0.00028673576880999807,2923
26898,0.527898443397715,-0.001247864002034138,2924
27453,0.5278887003881172,0.01005447203023846,2925
27752,0.5278671539883597,0.020726209777255145,2926
20894,0.5278186817443576,0.012015108299197053,2927
25296,0.5276889174483511,0.003476759915613803,2928
23602,0.5276491264252766,0.04401885044401305,2929
25353,0.5275897467134486,0.0007723294969922412,2930
29823,0.5275486717393135,0.047938489147236474,2931
27556,0.5275377273984507,-0.006057237276849925,2932
20058,0.5275139973099638,0.04574200199348177,2933
25936,0.5274671004339779,0.0256235863721469,2934
29904,0.5274602346688717,-0.006290964954448253,2935
21245,0.5274022027728376,0.006398222104990858,2936
25315,0.5271444211526982,-0.00035360936140582666,2937
29842,0.5270862749880355,0.008931086631242535,2938
23234,0.5270079336989565,0.053285794785331964,2939
23960,0.5269977181391859,-0.002420930222440165,2940
20712,0.5269464976049774,-0.0012786563449544985,2941
25200,0.5269100789198516,0.010935231980192417,2942
24945,0.5268391748074355,0.008453371575222968,2943
29316,0.5267981807239703,0.002187794098222895,2944
27114,0.5267980746979884,0.04975670376817354,2945
20506,0.5267891334673441,0.034236971793972115,2946
28367,0.526785339006907,-0.0024210461509268644,2947
23836,0.5267451551283465,0.02105350745188561,2948
23573,0.5266422701019889,0.03424832469149591,2949
23179,0.5266279891699744,0.0009322604818443603,2950
25700,0.5266200693930836,0.013029344946341781,2951
23029,0.5265331739901078,0.022196123146144164,2952
25281,0.5264587347001829,0.046727173355521956,2953
29464,0.5264374808892284,0.002713421107614744,2954
28818,0.5263980419400943,0.0024398706796353586,2955
23001,0.5263933256951329,-0.008112529787085099,2956
21850,0.5263822388126767,0.042919144234409456,2957
24570,0.5263677077565141,-0.0024212715636005022,2958
20503,0.5263422489276987,-0.0024212851952732928,2959
28161,0.5263157012678396,0.053828866242106754,2960
23011,0.5262976727840619,0.02021822666325046,2961
27400,0.5262802424630105,0.057479690220339996,2962
29448,0.5262188383646746,0.0196355692964838,2963
25219,0.5259935789050234,-0.002421470620871835,2964
24455,0.525876220530734,0.009394400304032269,2965
23688,0.5258462092777932,0.02971516437224847,2966
25271,0.5256439378910639,0.013043216851647776,2967
22089,0.5256351324396518,0.023739941786211638,2968
23164,0.5256037630894372,0.029561305796072967,2969
20018,0.525574336640641,0.012921180792644149,2970
20982,0.5255609381830848,-0.001649173801149706,2971
26273,0.5255580322832066,0.06107333724332653,2972
26722,0.5255171111585164,0.03527429655597775,2973
25107,0.5255099563575408,0.0057247490014735725,2974
20512,0.5254632218349335,-0.0024217481437495136,2975
23954,0.5254551736030365,0.027834262443468594,2976
21944,0.5254402587313188,0.014528682771353219,2977
29017,0.5254301496739194,0.022749507127282298,2978
20159,0.5254002167536436,0.052004839482494014,2979
26151,0.5253224439821431,0.027752468050720014,2980
27487,0.5253019836608733,0.06395428521192503,2981
26872,0.5252938271313592,0.01062391203115609,2982
29129,0.5252876534957007,0.032773612184793355,2983
20690,0.5252704678019617,0.023298349079232672,2984
26146,0.5252655227400534,0.038015919555641486,2985
27615,0.5252193619334558,0.033952982424679534,2986
21630,0.5251351524675701,0.01612898842789301,2987
29603,0.5251182418157936,-0.016544210472503873,2988
29515,0.5250934465990752,0.010169796549851284,2989
21252,0.5250539938857706,0.00819433660427138,2990
24902,0.5249878948138887,0.019894049542982017,2991
25477,0.524983309042846,0.05970324290748413,2992
23237,0.5249672317893131,0.04921561494950133,2993
20435,0.5249462754439682,0.019042292298926067,2994
22449,0.5248751120746411,0.025719053100522304,2995
28708,0.5248439999890243,0.04299630611946653,2996
29682,0.5248281203939451,0.07169727130330789,2997
26086,0.5247490969661324,0.03183629082497613,2998
21162,0.52469381994638,0.039642426539212405,2999
22293,0.5246887085256123,0.01545740304950205,3000
21855,0.5246823804950336,-0.0024221468003449154,3001
22609,0.5246814501160371,0.03298169136529333,3002
27851,0.5246771005810908,0.023290879856520452,3003
24765,0.5245908211021602,3.583578478327798e-05,3004
27724,0.5245366872428356,0.004751419898436193,3005
26180,0.524530001854182,0.03289304928055942,3006
23048,0.5243599679633792,0.0151724758248869,3007
25221,0.5242203005800474,0.028138966985238878,3008
21086,0.5242169372654599,0.029302673657778444,3009
21286,0.5241924360717934,0.011762625469270205,3010
22341,0.524123834673412,0.023545077140183723,3011
27005,0.5240112790956193,0.029430088339727767,3012
29079,0.5240057178949977,0.030687986145928714,3013
25843,0.5239966986715993,0.009493319404858425,3014
23136,0.5239761220930201,0.001148817557563686,3015
25502,0.5239248940438312,0.020889669071276096,3016
20661,0.523900120126084,0.01618171821708536,3017
22560,0.5238425507979844,0.026363924837172592,3018
20145,0.523613022339212,0.023420254559194387,3019
20593,0.5235888577603155,-0.01050123771858702,3020
24551,0.5235851398662483,0.01111069418630628,3021
26908,0.5235596476215263,-0.0011538945177199667,3022
28926,0.5235560586136323,0.024366147037522767,3023
26978,0.5235044197998677,0.022616991709418,3024
26871,0.5234964223960639,0.00022495326605509458,3025
26359,0.5234362733006899,0.0017952978395127106,3026
23920,0.5233650042803721,-0.002422792550792585,3027
24490,0.5233344834869426,0.00981264501236312,3028
25364,0.5233054735948552,0.03534826473319991,3029
22237,0.5232630078552024,0.01308771326725533,3030
28214,0.5232480316655,0.016733895346225047,3031
28702,0.5230705717561571,0.06714428178650456,3032
29730,0.5230657715362373,0.008576356499460203,3033
26628,0.5230325388220343,-0.020578238401857685,3034
22275,0.5229485671816276,-0.012121457084822151,3035
22569,0.5229053293678705,0.019102084272018094,3036
23013,0.5228899180659269,0.05253188798333741,3037
20155,0.5228191425219978,0.018893453019863893,3038
21294,0.5227714483155043,-0.0024230724887106536,3039
20878,0.5227141295815225,0.011079929016557744,3040
22699,0.522707487051411,0.09308452377713505,3041
27049,0.5226398310781958,0.00391755869888466,3042
20116,0.5225717077950783,0.0,3043
25957,0.5225574984439836,0.045036894208398626,3044
26325,0.5224246472321675,0.0006077478555671645,3045
23705,0.5224224269280583,0.018448826771069293,3046
29430,0.5224192551498639,0.07026103552576018,3047
20695,0.5221294438002928,0.04884606611989489,3048
25984,0.5220921038208495,-0.0039888500714432285,3049
23915,0.5219716484652912,0.031316019731025324,3050
22161,0.5219444510316492,-0.009637003332085392,3051
21668,0.5219351974312381,0.0232088515773885,3052
24595,0.5218534912837851,-0.0015564425876469778,3053
27719,0.5218283578657125,0.003423096079625876,3054
29207,0.5217868771256625,0.0029266392230905547,3055
24697,0.5217360529277565,0.0660422510979935,3056
20378,0.521619310284915,-0.008369375322164085,3057
20800,0.5214977099561127,0.015868764855512474,3058
22867,0.5214783459627498,0.008931385316642948,3059
29063,0.521343108871588,0.01330078637645793,3060
21476,0.5213204318270601,0.03178604880338509,3061
22921,0.5212935872400636,0.009518390231447516,3062
22189,0.521114623694924,0.03169718296562679,3063
22458,0.5210755353076962,0.018687762913410788,3064
29991,0.5210332334580359,0.054732940375612105,3065
26179,0.5209239316757712,0.007570352400165903,3066
26084,0.5209097658627596,0.031502867058465944,3067
26551,0.5208455163782434,0.017564078658479088,3068
26109,0.5206584192601831,0.01984210685590071,3069
25848,0.5206549193591886,0.015324905509016218,3070
26611,0.5206003010624021,0.00265553701271104,3071
25020,0.5205775444224622,0.023715449633367636,3072
24283,0.5205466019481457,0.023068441443682253,3073
20626,0.5205152844138049,0.018530728793828666,3074
20431,0.5203228754394058,0.06355690581987994,3075
26715,0.5202710950090108,0.017760714510358322,3076
20454,0.5202524574699504,0.05685121933245274,3077
20587,0.5201368892563701,-0.01678595544444328,3078
25055,0.5200585951422537,0.05619206129085602,3079
26010,0.5200288960448316,0.012153363018947538,3080
21169,0.519905195604577,0.03267800466463866,3081
26405,0.5198995350779229,0.026164103902205305,3082
27564,0.5198153889644441,0.021725450210194897,3083
24265,0.5197811622098047,0.011786523012902506,3084
21108,0.5197114272497472,0.024083172244613593,3085
20736,0.5196531218920856,0.06094831545676721,3086
20109,0.5195356300307493,0.03885075536666305,3087
20708,0.5195011896285266,0.04664692016882921,3088
24736,0.5194921223473247,0.013563664747395676,3089
21281,0.519475468468043,0.022249597170763857,3090
28624,0.5194559954957509,0.01888178742169433,3091
26455,0.5194529402141432,0.02515668185110176,3092
27565,0.5194210503703819,0.04942007013339661,3093
29354,0.5194179329215699,0.019169890083889696,3094
28091,0.5193511224578226,0.08841217942108942,3095
20423,0.5193312905233747,-0.00260939139502836,3096
24039,0.5192937032134919,0.04512367828720393,3097
27088,0.5192651586711227,0.00588919118556841,3098
23958,0.5192452528316486,0.022693402050813882,3099
22508,0.5191870654482073,0.0679641996242713,3100
28632,0.5191789379082055,0.04708515060532675,3101
20274,0.5191601390521867,0.0280554273013659,3102
22427,0.5190965194169518,0.05093829972869501,3103
27039,0.5190801297738131,0.013656209304707678,3104
22729,0.5189579907849949,0.015690450337297657,3105
27331,0.5188762367449851,0.012978201634315178,3106
23542,0.5188012587394161,0.027419211775227714,3107
20658,0.5187463341355049,0.010808989888612452,3108
28396,0.5187092693506724,-0.02076210868504791,3109
29184,0.5187023047071475,-0.003811519203982483,3110
27386,0.5186577889115128,0.005542674964001404,3111
20412,0.518627875755541,0.03338348725081347,3112
24796,0.5185692299617788,0.10792785883459904,3113
29519,0.5184478365556371,0.0026563704814795974,3114
25150,0.5183751553742313,0.0027154945964431576,3115
26621,0.5183536138058524,-0.002064985016056564,3116
23727,0.5183411211583158,0.0019018303736402231,3117
27511,0.5183219674202701,0.022782907430205834,3118
27990,0.5182842525050125,0.03027820547293847,3119
23236,0.5182833198816604,0.015533652291095379,3120
23818,0.5182466173158927,-0.00968839185486603,3121
25727,0.5182305260389634,0.003607347010813222,3122
25297,0.5181389661485861,0.013378240123030238,3123
27417,0.5181375901793407,-0.002425022783474784,3124
24424,0.5181282394272368,0.0074941685460958585,3125
22817,0.5180806822869984,0.024807467344889478,3126
23852,0.518035559362916,-0.0011788902809363178,3127
22749,0.517983643737647,0.015534038860435917,3128
27567,0.5179551250619515,0.013205719588383902,3129
27181,0.5178968991176878,0.03129745336261808,3130
20120,0.5177650853651735,0.021824620479093726,3131
27047,0.5177588169506638,0.004480078678493982,3132
22287,0.5176511931341966,-0.01632343495556321,3133
24503,0.5175753695841419,0.149141208083647,3134
22527,0.5175607267024522,-0.0024252363897904194,3135
24702,0.517547486284429,0.018889771844470715,3136
25114,0.5175133920395705,0.013414566656016702,3137
23758,0.5174294870700054,0.02917947755448813,3138
21341,0.5173892759470796,0.01900107004483892,3139
20087,0.5173850478988168,0.012243751238210199,3140
26079,0.5173667762505102,-0.009908331231963441,3141
26080,0.517319352735177,0.03147414453364067,3142
28256,0.5172964687710991,0.027398629768884464,3143
27172,0.5171961902821824,0.026443512868108865,3144
27911,0.5171866004679209,0.05209874998302205,3145
28582,0.5171863908610826,0.03381940686367996,3146
20675,0.5171086599406423,0.024212867138213412,3147
29175,0.517033229217672,-0.0017785337723019712,3148
22429,0.5169880741464522,-0.001934694406463433,3149
23374,0.5168564599971889,0.08543058408835857,3150
28052,0.5167692112310873,0.07404820476948304,3151
23038,0.516758398193948,0.02773159271225062,3152
23137,0.5167356751061085,-0.0004262964382353296,3153
26735,0.516671750160143,0.007186664725556513,3154
29993,0.5166598592185222,0.013630999003916955,3155
23260,0.5164819548764453,0.01020832868470023,3156
22786,0.5164577627170096,0.2711620242266579,3157
21520,0.5164440072201252,0.008638242583471345,3158
21975,0.5164343998218092,0.012304212230449973,3159
25103,0.5164343415835714,-0.015741113730877054,3160
23438,0.5164056408988386,0.0016951404989070662,3161
21699,0.5163931464587893,-0.0024256489561709227,3162
22070,0.5163519302666895,-0.0036104146127935444,3163
29987,0.5161574916752273,0.05435880758926881,3164
28423,0.5161188075788737,0.025257797178483643,3165
28574,0.5160655267327279,-0.002425759964801877,3166
24545,0.5159214266316323,0.07655022766195968,3167
26264,0.5158685206108938,0.020803253605631233,3168
25058,0.5157494267162901,0.06448552136374636,3169
23686,0.5157355569538762,0.03926823881006958,3170
21369,0.5156843624885123,0.09623689455270973,3171
29108,0.5156325355996507,0.006784399015023701,3172
25193,0.5156142463363989,0.03597937741805618,3173
23388,0.5156135182235807,0.02849656662593192,3174
23679,0.5156028469320123,-0.003381244690727092,3175
23018,0.5155572882994449,-0.014452262758982926,3176
29810,0.5155522832664079,-0.002425929678581129,3177
24217,0.5155406627329172,0.009965963504395714,3178
26104,0.5155397030367856,-0.00011709427093509195,3179
25224,0.5154144096259383,-0.005648663865412962,3180
20361,0.5153382188907073,0.03603495402224888,3181
29928,0.5153080447259595,0.003482517270518737,3182
23377,0.515276267170956,-0.002426018833295851,3183
23532,0.5151672701580613,0.0060185375345063186,3184
21268,0.5151046632591021,-0.0032229449640844843,3185
25616,0.5150760946844258,0.007541125523904291,3186
20922,0.5150718227563734,0.07658666267881592,3187
23966,0.5149461248082849,0.007755031366641685,3188
22727,0.5149426652399502,-0.0024261246138240766,3189
24635,0.5147389740299567,0.032506313150581556,3190
24860,0.5147350264346384,0.06095153230565259,3191
25039,0.5147320855853509,0.008205048143889115,3192
27067,0.5146669069082042,0.03325470784892176,3193
21510,0.5146522260812477,0.005847157471498332,3194
26166,0.5145960907288398,0.004495310053854729,3195
22540,0.5143463363840338,0.01662772134200291,3196
20336,0.514331201590408,0.0048060839749342055,3197
21622,0.51432687373499,0.007252928820259186,3198
20440,0.5143000379211847,0.026919218986250215,3199
25851,0.5142601647356606,0.011121793848893224,3200
25942,0.5140691174863301,0.03193789487373022,3201
24655,0.5140408109484879,-0.0035486753514065716,3202
26992,0.5139602448959675,0.03085538827623535,3203
25379,0.5139536201823343,0.014554726380407057,3204
26327,0.5138907801466782,-0.002426444000569461,3205
23494,0.5137681359762574,0.03542344500340555,3206
26617,0.5137441146754742,0.004867167695130181,3207
28838,0.5135474901173527,0.003909517725181,3208
23069,0.5135197598453024,0.007530691075466334,3209
24906,0.513463229657662,0.01109453455152587,3210
25439,0.5134629950195116,0.03181063685321078,3211
23484,0.5134586673341303,-0.0043728945610034264,3212
23442,0.5134567735577166,-0.005158949451090078,3213
29712,0.5134373532268435,-0.0011670089178438259,3214
26525,0.5134319478971336,0.05353172239686582,3215
27054,0.51332861287102,0.02897568582718074,3216
25909,0.5133071611858504,-0.00029864340337415474,3217
20433,0.513302192361574,0.006396966526722947,3218
27587,0.5133017558648985,0.037807978458120506,3219
24621,0.5131902342402395,0.12464482292553941,3220
21378,0.5131671853638136,0.03907147024267943,3221
22405,0.513135576004177,0.018815026735127027,3222
23162,0.5130958829242072,0.02105812627685233,3223
24437,0.5130553338039421,0.01917274413599246,3224
24459,0.5129109847442386,0.009443060196195008,3225
24851,0.5128932260635104,-0.0015621042097476723,3226
20651,0.5128401328253621,0.00640994968120856,3227
23558,0.512777994380784,0.0027211092344405774,3228
23917,0.5127768726943435,0.018957751105596055,3229
24032,0.5127336839236856,0.032373711704543284,3230
28630,0.5126448802738818,0.0013838147831256586,3231
20040,0.5126012826126455,0.028869654047065596,3232
21124,0.5125756778750484,0.040143274062587386,3233
21989,0.5124912092120893,0.051092969772207786,3234
29548,0.5124856709282061,-0.00010721689937975842,3235
25588,0.5124766884023895,0.004455961502622396,3236
29095,0.5124485793373468,0.01470401389824949,3237
23491,0.5124204977132328,0.06725338661305258,3238
23939,0.5123444539276223,0.02486643563398394,3239
29272,0.5123067676331255,0.023976589931906378,3240
22103,0.5122843232995722,-0.0008496210244254288,3241
25787,0.5122109799960274,0.06294905334431244,3242
28031,0.5119728150233694,0.03990247080052334,3243
29057,0.5119276374105424,0.01636760497407297,3244
23601,0.5118909493953386,0.048031653912201544,3245
27643,0.5118626687531194,0.07263373201621909,3246
27128,0.5117044609389545,0.01579799233230761,3247
23248,0.5116707138326252,0.051596019914740276,3248
24512,0.5116622975047062,-0.012966667476574822,3249
24639,0.511607103796297,0.005636070655684833,3250
21490,0.5114664027277916,0.022434007041359172,3251
28815,0.511371870754782,0.03311681727672072,3252
29352,0.511360954600695,-0.0018569459627899576,3253
21448,0.5112894603715169,-0.0012512269976094892,3254
28760,0.5112789824296652,0.004135576990455858,3255
25712,0.5112535445401055,0.0024450888318344743,3256
23020,0.5111413353634834,0.02836434618287409,3257
28619,0.5111336398664414,0.010531982283065622,3258
23891,0.5110932108766866,0.017092320692877083,3259
27153,0.5110712624977697,0.03684317274061616,3260
29742,0.5109917007750135,0.021688606049940773,3261
24703,0.5109027394559971,0.012074647553076412,3262
23654,0.5108537258403826,0.021452249267615242,3263
27702,0.5107659979547642,0.039108441444277775,3264
29803,0.5107512292980064,0.010988758344489424,3265
28753,0.5107298223400405,0.05470550444438832,3266
21892,0.5107283179607085,0.05026163977447523,3267
25726,0.5106765350069394,0.002132667920884068,3268
27199,0.5106224419928564,0.07478037466735404,3269
22036,0.5105612909022523,0.013493343070722696,3270
20285,0.5104725631343758,0.08165724176544997,3271
25130,0.5104437008443234,0.04395372283438853,3272
21907,0.5103484687894966,0.03896416949010256,3273
28506,0.5103323807392868,0.01151617094397317,3274
29369,0.5103230305237034,0.024424163432225476,3275
23714,0.5102441074537518,0.006585382905813009,3276
26982,0.5102252898490045,0.0,3277
29417,0.510195899321728,0.022638225373499132,3278
25145,0.5101328418977048,0.03096046103434491,3279
25418,0.5100884536816769,0.019912073944184427,3280
28656,0.5100476894101902,0.05586108060078282,3281
20771,0.5100395835575199,-0.002427429985622065,3282
26767,0.5100106061367732,0.014223071936772858,3283
25958,0.5099029442234385,0.019883082366731475,3284
20467,0.509879909391801,0.005013428316853252,3285
23849,0.5098731956180325,0.1513843466178485,3286
23217,0.5098607948696099,0.017614692607529903,3287
29753,0.5098169984292413,0.0063418973378650545,3288
24814,0.5097584284154693,0.005911285703968483,3289
28417,0.5097392146055955,-0.005279001565386965,3290
25735,0.5097271130953348,0.018149816777399297,3291
21482,0.5096902600720787,-0.0013590655214995584,3292
20692,0.5096434379857178,0.020361337076817032,3293
25592,0.5095723993128528,0.03911099135941187,3294
28853,0.5095080344817338,-0.0021683136156350757,3295
24948,0.5094751866674825,-0.0024275502810167104,3296
22410,0.5094674547999319,0.08859358192732836,3297
28002,0.5094648907492461,0.027666371291283187,3298
28252,0.5094068392729365,-0.007675084459856318,3299
27034,0.5093917848051435,0.05852091525699066,3300
24175,0.5093185160973193,0.00641229152048739,3301
25427,0.5092690076866365,0.021403792998777094,3302
27830,0.5092171548684643,0.04985078240042623,3303
28934,0.5091565832653046,-0.019431248973130755,3304
28415,0.509147534724412,3.591057241947304e-05,3305
29812,0.5091183298611159,0.06368701713836039,3306
24813,0.5091159477452357,0.05770689714408289,3307
28516,0.5091158455286825,0.03041225676848147,3308
21902,0.5090843841404923,0.015965379232201427,3309
21488,0.5089232242349422,0.029543957090016504,3310
24467,0.5089037543509418,0.15122114054019836,3311
26582,0.5088951694939546,0.07803329306054335,3312
29284,0.5087752228852072,0.024090719989590836,3313
25720,0.5087465873570227,0.039159567475582135,3314
22615,0.50874137110581,0.023339906389458098,3315
28922,0.5087306177423022,0.01356148504011867,3316
20076,0.5086754983131975,0.0560972063507314,3317
21550,0.5086719944617365,3.591178758410862e-05,3318
22630,0.5086624621253358,0.01885893270654332,3319
26502,0.508661085001495,0.009409852101933958,3320
22475,0.508650435317111,0.01215832991929916,3321
20965,0.5086491536145344,0.03163608348319724,3322
21356,0.50863477071178,-0.007093302953813163,3323
26836,0.5085782166074013,0.0431474917161474,3324
25943,0.5085709891380569,0.0430267442894674,3325
26552,0.5085290242665055,0.08806072846118024,3326
26623,0.5085035942881514,0.0019670228256488675,3327
29192,0.5084969589872547,0.041512181017894445,3328
22507,0.508490252747136,0.012339672441019689,3329
24002,0.5084896832599701,0.010886764319302467,3330
23521,0.5084767982135007,0.030107398812195985,3331
28973,0.5084655491210253,0.00393922184912332,3332
20634,0.5084429771950219,-0.0010381055244277348,3333
22697,0.5084313269842451,-0.002427756465001374,3334
25424,0.5084044029356934,0.06085822487890796,3335
26660,0.5083416655132024,0.023784458458429913,3336
29587,0.5083380267898676,-0.0017802152823799267,3337
24364,0.5083030730345954,0.014557261226486762,3338
23781,0.5082782578482868,0.003484487596004282,3339
21056,0.508271907772302,0.0703199014396435,3340
21838,0.5081411238113206,0.011661066335192871,3341
23005,0.5081331741844614,0.014677542329317672,3342
27831,0.5081065792015141,-0.0024278162929627367,3343
27106,0.5080120198877301,0.007549597183111656,3344
28340,0.5080083095475574,0.007878321559083079,3345
25617,0.5079936737357273,0.05204235209683222,3346
20867,0.5079668127294936,0.0059130994759382105,3347
26907,0.5079303208137009,-0.0007687173677752845,3348
25644,0.5079115150698226,-0.011730701136501098,3349
28777,0.5078917986628828,0.0078072377142656135,3350
25294,0.5078847879926707,0.037937355676868456,3351
21516,0.5078299147333528,0.008907860432056547,3352
23536,0.507655918317084,0.013244599469508067,3353
23657,0.5076156803400954,0.024519985447481962,3354
23934,0.5075682629081126,-0.020339306202585616,3355
29952,0.5074972169676414,0.005913205584509029,3356
21564,0.5073257541961115,0.017740217580735462,3357
26283,0.5073099779761243,0.21642366679833203,3358
25347,0.5072978788177221,0.004042437170502344,3359
21411,0.5072880155358618,-0.002427958006833819,3360
24306,0.5071896765177102,-0.002427974156055668,3361
24215,0.5070351754539273,0.22708958870416313,3362
23131,0.5069906630911394,0.016989094112663528,3363
23771,0.5069194766996381,0.027657254959010558,3364
27283,0.5068915021382845,0.04301877676448562,3365
22819,0.5068424979926109,-0.0017803959571501826,3366
26210,0.5067377444141177,-0.0024280459569736568,3367
25686,0.5067223159747078,0.03810425636884751,3368
29438,0.5066525609141966,-0.002428059046165165,3369
26428,0.5065890851858824,0.013341419907600571,3370
21095,0.506561135763963,0.08020348418149964,3371
25001,0.5064888036022607,-0.00024007097683254042,3372
28280,0.5064518250821396,0.026691991552114824,3373
25457,0.506446107320595,0.028443355541606208,3374
24747,0.5063452360506819,0.03715656187937222,3375
24942,0.5063099956692916,-0.0024281102611278804,3376
26941,0.5061305389315477,0.017800136964138735,3377
29080,0.5060729193176099,0.07850704112042983,3378
23452,0.5060184501231226,0.024210672490103224,3379
27698,0.5059913096470577,0.025061990594674233,3380
21852,0.5059311012137254,0.09601012764432859,3381
27931,0.5058776703773696,0.0,3382
20845,0.5056172698258526,0.023341493857380657,3383
23955,0.5056064083105044,-0.006631429878949158,3384
20207,0.5055525603105867,0.015575200250596444,3385
29435,0.5055237351541183,0.04095294029833557,3386
24591,0.50544023802306,0.03892120755175893,3387
24033,0.5054202337732454,-0.005996666235350556,3388
29850,0.5053995490580537,-0.013674078077639651,3389
26045,0.50539544382967,-0.005128693824282826,3390
29146,0.5053897650985072,0.1038536456037949,3391
26900,0.5053409545081239,0.032314078332104146,3392
27247,0.5053387368445909,0.03953158864848927,3393
23047,0.505329302725271,0.003267388391703707,3394
22943,0.5051333875642496,0.05423390178641202,3395
26255,0.5051322509960462,0.033041669444010435,3396
21647,0.5051258295915114,-0.010894418223364677,3397
21909,0.5051113070690363,0.028497619822526243,3398
24729,0.5050544608555914,-0.0024282784807759805,3399
20421,0.5050270224393983,0.0660650191712917,3400
21997,0.5050187453975142,0.022598102069776915,3401
20442,0.5049967249684829,0.013656100308077124,3402
24962,0.5049850862943865,0.002000042999417473,3403
27006,0.5049252189874183,0.010248912544381372,3404
26521,0.5049125275116431,-8.408860219955017e-05,3405
22931,0.5048980021592789,0.011125142296518786,3406
23360,0.5048579829226123,-0.0010443009827639793,3407
21358,0.5047970336951884,0.01351836907146986,3408
28274,0.5047563039658975,0.01569458148663949,3409
25147,0.5046862505476571,0.0045088441234958365,3410
20954,0.5046788874190334,-0.00516287561089368,3411
25804,0.5046773685148327,-0.0024283230248149934,3412
26304,0.5046260156983159,0.10253120566737783,3413
27757,0.5045084838793492,0.07581769243513675,3414
23455,0.5044916089243442,0.03410447766486219,3415
23597,0.5044796449021749,-0.0032019766962960716,3416
23391,0.5044702553369088,0.11161541134724451,3417
28275,0.5044675614968477,-0.05516685066974336,3418
21666,0.50443739159069,0.013744429949039738,3419
23685,0.5043205263689661,0.024876488506304195,3420
26579,0.5041387185140341,0.03750473443525926,3421
21010,0.5039301120842972,0.008581822967348218,3422
28400,0.5039244607132237,-0.009338148235486843,3423
27751,0.5038500044519467,0.04030352079583577,3424
28426,0.5037136605163377,0.03245556431308061,3425
22337,0.5037088813315431,0.03299142172659403,3426
20354,0.5036342210849079,0.028779300237942507,3427
24688,0.5035219571659397,-0.004869396480043475,3428
27356,0.50351986394855,0.0652247518340835,3429
21205,0.5034167514186647,0.036621897869990094,3430
27790,0.5033788700761362,0.018007684085952436,3431
22436,0.5033185655825962,0.0440404964156782,3432
26692,0.5033134551887191,0.03196078601172164,3433
24209,0.5032791487900499,-0.001554023826198181,3434
21217,0.5031825644818665,0.0050409689867201846,3435
26250,0.503166495873551,0.061446899272053546,3436
26584,0.5031205263475625,0.04144010916731389,3437
26843,0.5031038006792395,0.06640025693744772,3438
23025,0.5030896503960649,0.03872031899163475,3439
26674,0.5029836313927909,0.015539104702627038,3440
25796,0.5029219724235928,0.0029721251593337605,3441
29180,0.5028948694732577,0.017808961235655396,3442
22762,0.5028685735967979,0.014175132141161506,3443
21029,0.50266175999352,0.19347118234511784,3444
20583,0.5026180172132945,0.009587762017608081,3445
27864,0.5026137606490072,0.05549940248735058,3446
24638,0.5026052560824189,0.011223938588795335,3447
25232,0.5025845735609463,0.08322644347431751,3448
26702,0.5025760232396157,0.0012467376563282118,3449
23216,0.5025250153920554,0.06290116205784807,3450
28987,0.5024357218767334,-0.0024285308000494554,3451
28874,0.5023523685345306,0.04306610463781213,3452
24958,0.5022777998888964,0.01600905399055158,3453
20186,0.5022130687161072,0.03880329795091214,3454
21193,0.502204298777644,0.0947980910431096,3455
22339,0.5021668931584671,0.027057015354191805,3456
24845,0.5021372089612952,0.03935671451489897,3457
21431,0.5020451578186775,0.014201463428313688,3458
22214,0.5019937039517316,0.026264849217856212,3459
23398,0.5018912950475386,0.011766586175273264,3460
25269,0.501827633758737,0.021948849924376235,3461
25872,0.5017407666462912,0.0318950476780806,3462
21845,0.5017238362814478,0.017187554068167632,3463
22185,0.5017204929560306,-0.028524064489070744,3464
22406,0.5016965461414185,0.007550008962655619,3465
27670,0.5016540008158408,0.007888384754300204,3466
26268,0.5016422330815098,0.084414741933307,3467
23717,0.501552392298125,0.01846892733806721,3468
29195,0.5014613919249518,0.054521715160083695,3469
23454,0.5013863452268336,0.0505093197534775,3470
21304,0.5013661769725142,-0.0006313961373672905,3471
28465,0.5013049774502976,0.05946381244819565,3472
23828,0.501153412272171,0.0013245936023346672,3473
26436,0.5011178958768582,0.08062683338939391,3474
27197,0.5009618471775364,0.026288069482512333,3475
26686,0.5009599277875088,0.029077832304128692,3476
27932,0.5009080916702501,0.03109666871992306,3477
25521,0.5008802497929897,0.0,3478
29350,0.5008420100654054,0.005664430435953605,3479
26761,0.5007132637088656,0.028642360817319856,3480
24712,0.500710620476113,0.039997277474504156,3481
25400,0.5006786535795319,-0.0024286254123282447,3482
22779,0.5006538165987746,0.035516443218541915,3483
24636,0.5005933868561226,0.029467915873892248,3484
27127,0.5005472840611339,-0.011940123880972209,3485
26129,0.5004919712791664,-0.015213019772500003,3486
27696,0.5004541294034808,-0.0024286331802915173,3487
23627,0.5004387840934773,-0.0024286336754433258,3488
24383,0.5002682671746488,0.02469759415575562,3489
21673,0.5002519659968206,0.023784215529227992,3490
26913,0.500238729672496,0.020388397199804342,3491
20117,0.5002018958666853,0.03414890871467979,3492
28015,0.5001618014988151,0.010174938641682285,3493
22428,0.49997140210108604,0.03280724839301158,3494
28382,0.4998983429921684,-0.010469168989919564,3495
23320,0.4996454606485843,-0.002405247002159605,3496
26648,0.4996428037123544,0.024191671703634676,3497
20766,0.4993880701016934,0.09610442619292991,3498
28983,0.4993565637990584,-0.003313005996458729,3499
27177,0.4992035480264891,0.14044203251965987,3500
28802,0.4991643123084129,0.027115078658804415,3501
27016,0.4991145158152456,0.038625617045031535,3502
23767,0.499026227698638,0.01060752300938722,3503
28373,0.4988978899255187,0.013879293970073536,3504
23384,0.498834903807196,0.007190933354937035,3505
24541,0.49881282846183095,0.01916442706654531,3506
25461,0.49868069523223363,-0.0024286601161606636,3507
21255,0.4986174152625435,0.015050165231630608,3508
28387,0.4985389581354212,0.04982573160286208,3509
27572,0.4985212788549864,0.003372470010462758,3510
28158,0.49850092740379603,0.030014956212754185,3511
27383,0.49843605053992057,0.026714154053874783,3512
28148,0.4983761553051153,0.021815004790086356,3513
26244,0.49832166856415205,0.005894968067646167,3514
20365,0.49831654990239843,0.0830505556547737,3515
24378,0.49829040068439745,0.014416223046798238,3516
28145,0.4982124094160379,0.0010578820581736426,3517
29047,0.4981523239723535,0.006437493544062867,3518
20396,0.4980750853125314,0.01580837911909816,3519
29456,0.4980258890597558,-0.0013729668674608564,3520
20470,0.4979709158495829,-0.0024286537743115066,3521
29036,0.4979659869940787,0.009103593001143662,3522
21603,0.49789712524087487,0.026710241175646132,3523
28140,0.4978768112127389,-0.002428652198568082,3524
26844,0.49781318323751317,0.02279628170222442,3525
29851,0.4977924448021612,-0.012701653694415116,3526
29717,0.4977623999667974,0.019817929345116614,3527
25805,0.4977603240513856,0.011609742292693404,3528
22447,0.49775048907961783,-0.016998415083162688,3529
24828,0.4977455379449405,0.04493561489719439,3530
21410,0.4977109318078208,-0.009854474387895662,3531
20520,0.4976221056992587,0.060660579834901474,3532
29136,0.4975958652099823,0.025820593246118184,3533
22571,0.49758129204635343,0.00396173045684628,3534
29298,0.497532209090106,0.01960930916067294,3535
24405,0.49750432152138063,-0.010124692843486216,3536
21824,0.4974372233864103,0.04585959995719435,3537
27280,0.4974355842237821,0.01576394359314881,3538
21280,0.4974168600429996,0.02880112759090897,3539
24615,0.4973970753986085,-0.0033410996401606607,3540
22116,0.49737143806500694,0.09462348870703907,3541
29323,0.4971890377400901,0.018529299993990056,3542
20633,0.4971853219779205,0.021218873635557467,3543
21335,0.497103033695143,0.02082148268474332,3544
25760,0.49709404186467177,0.005894664726996068,3545
25907,0.49706268163679324,0.040466174246276854,3546
22656,0.4970368390879322,0.04650509342648523,3547
20554,0.4969709766834547,-0.0015694851002625576,3548
21567,0.4969604656904077,0.027202660015348323,3549
26016,0.4968617393007919,0.04095731684287529,3550
28313,0.4967114271590605,0.04994207713074311,3551
28101,0.49669543116215975,0.0690125817752631,3552
23167,0.49664929043316397,0.04756024109378004,3553
24810,0.49663185703026125,0.005093723057375044,3554
29135,0.4965361041224527,0.04500366428514574,3555
25713,0.49648404576489374,0.06923315051561263,3556
24474,0.49648104176228197,0.17478867306383356,3557
22243,0.49638914090638775,0.018273123787300505,3558
26251,0.49632471163126307,0.015992417324037556,3559
22380,0.4962215265285872,0.07442104531436478,3560
26106,0.4960767290382056,0.007125420856458731,3561
24097,0.49593809320261234,0.029773820791346994,3562
27165,0.49584628341097986,0.027448148034693365,3563
26452,0.4956522714670806,0.003077848717336351,3564
24751,0.49561072618572544,0.025429024229390196,3565
25557,0.4955512098751825,0.0,3566
25308,0.4955399331805063,0.08057176490386253,3567
29212,0.49550763215250127,0.004351097182586916,3568
23064,0.495495591548062,0.033945865275735565,3569
29870,0.49547624238494636,0.07271884211029883,3570
20106,0.49543472296298424,0.03886202782914566,3571
28908,0.49539051989999294,0.04147192372578956,3572
21614,0.49533181009411154,0.04269008395490942,3573
29604,0.4952806242147251,0.007983828906363177,3574
24985,0.4951798747401863,0.00911153296831635,3575
29523,0.49515534663066996,0.05152099374207986,3576
25119,0.49510259656386296,0.0065848888476762735,3577
26707,0.4950186248685712,0.0,3578
24020,0.4949767139117266,0.007628778423709681,3579
21235,0.49497328049997785,0.05200265454547648,3580
25528,0.49497217817866435,0.05106008690508168,3581
24341,0.49474957437369704,0.014037930065223914,3582
29159,0.4947488560349031,0.05012026168413397,3583
21163,0.49474557322334095,0.0337099676291005,3584
23104,0.4946789427438059,-0.012883043362175661,3585
26809,0.49465726669867155,0.035391982788352316,3586
28304,0.494620908825249,0.035011756822288465,3587
20338,0.4945077436126385,0.009102605468142788,3588
26598,0.49448578098852,-0.0024284806002228265,3589
28772,0.49447974654490623,-0.0005452194660658938,3590
22734,0.4944284633421245,0.048821720441309335,3591
29167,0.4944142033834996,0.014601143842089881,3592
22325,0.4943272647045381,-0.00969056252771533,3593
29151,0.4943127971406256,0.03426777645134693,3594
20093,0.4942555278489306,0.1706926965591179,3595
20376,0.4942456767272876,0.01905139908257536,3596
22652,0.494170402202114,0.01637479521648011,3597
25696,0.49415572567123156,-0.008404624235691216,3598
29640,0.49412038931110147,0.00017665620091011913,3599
22565,0.49411842819032814,-0.002428448596938415,3600
25761,0.49407571049122884,0.019637557584815946,3601
21141,0.4940657246986017,0.02086724619963387,3602
28046,0.4939264794395573,0.003580432478426099,3603
27782,0.49383076304113493,0.03993524821209915,3604
23533,0.4937608968892598,0.1599448089335106,3605
24521,0.4937553091330082,0.054171905778679086,3606
22118,0.4936863859126736,-0.0027670327428476194,3607
29570,0.4935972269491055,0.014197790989852521,3608
27452,0.4935945569851184,0.06430235810559254,3609
25661,0.49353591080003045,0.02772111432980362,3610
21783,0.4935192303292678,0.0014081867658944924,3611
25554,0.49349329171501405,0.0010215325379412943,3612
28521,0.4934576341048823,0.0,3613
21351,0.4934272467954057,0.024418596476913024,3614
27377,0.49341778645029905,0.014215035982659996,3615
25574,0.49325503137097604,0.000710337636031011,3616
26082,0.49325005144651207,0.045456315401474046,3617
26728,0.49319273918307555,0.04887873551562755,3618
25094,0.493180012514161,0.025419424843232064,3619
24292,0.4931782361820389,0.024271427177618154,3620
28068,0.49314915978214874,0.002622505053646307,3621
28028,0.49314621847656004,0.030130396190931663,3622
22274,0.49305117007818694,0.0018728221193455852,3623
24677,0.49296421862733447,0.04428100016875758,3624
23987,0.49295767682332714,-0.0024283302399187856,3625
21244,0.49290883807540037,-0.002428324686047756,3626
23665,0.49286850886871547,0.042914624547911784,3627
21624,0.4928618158166457,0.021609069843752604,3628
27421,0.49285630337302944,0.042914504700999334,3629
26589,0.4928514238649389,-0.0024283180977135443,3630
28003,0.4928143701945178,0.00779736902084649,3631
25612,0.4928092178489608,0.004603338423297354,3632
22111,0.49278988402065854,0.01045708003656598,3633
20529,0.49278894288941116,0.0,3634
29026,0.49275172879510626,0.0016727960197265301,3635
24025,0.4926871470172568,0.0306715373435833,3636
23687,0.4926713461516259,0.009689222483552307,3637
26600,0.49265531975273363,-0.007138881774951755,3638
25440,0.4925235156268451,0.03210291260039805,3639
27869,0.4924821281631769,0.0023871783769385813,3640
22409,0.49240743703219253,0.14686662634947384,3641
23974,0.49236041335507996,0.05170082464830994,3642
22480,0.49232950633503203,0.02131568577041093,3643
22969,0.4921794411876447,-0.005388068353060493,3644
28623,0.49217092621570224,0.05811421309384607,3645
22051,0.4921268521134543,0.0626539663936726,3646
29346,0.4921126065092082,-0.011746246677195593,3647
28477,0.4921119651852358,0.013544443477292445,3648
26597,0.49210465781226664,0.01311916450453604,3649
23754,0.4920984906251204,0.02356350189003853,3650
26929,0.49201787080814313,0.028512094329130655,3651
25428,0.49197180993416095,-0.00577774324943553,3652
24695,0.4919425402360326,0.03253453022974456,3653
29164,0.4918516397994759,0.015202556539561984,3654
29799,0.4918485070026509,-0.0072835783099831075,3655
27010,0.4918406000670658,0.0341954012960623,3656
24764,0.4917765683594807,0.003996014632837441,3657
22512,0.4917568959349721,0.025676410572068542,3658
22488,0.4917119882482841,0.01303560049830027,3659
25983,0.4916826233379735,0.0632599961781578,3660
22985,0.49167080552183834,0.025544981074487827,3661
23804,0.49163024609340056,0.04837386425806345,3662
27983,0.49160533422737784,0.007796487319002177,3663
25336,0.4915801207350477,0.011066857864809154,3664
26049,0.4915071685593254,0.017974926654862777,3665
24839,0.4914848496678774,0.01936266023672295,3666
21722,0.49148034528976725,0.07950192043184917,3667
26878,0.49141626719883236,0.017583534505850873,3668
23140,0.49138212566433825,0.04679665238269198,3669
21798,0.4913607652839169,-0.033310928781619786,3670
20262,0.4913422890238322,0.008027598754581922,3671
28967,0.49132871523760324,0.025245847033004754,3672
29769,0.49126931910171145,0.0029971538712227352,3673
23099,0.49121827647082966,0.008780110581017353,3674
25115,0.49108181535810463,0.018515609265669253,3675
21058,0.4909852296091647,0.027137302095002425,3676
20808,0.49098182027205667,0.02806519867013113,3677
29126,0.4909552627929731,0.04260195223751134,3678
22140,0.49089526711745574,0.03689906942063986,3679
22898,0.49082488678363695,0.05329449513618606,3680
26803,0.49072141058983876,0.019514003519287837,3681
23441,0.49052477779762216,0.050241986116714765,3682
20487,0.4904921166406159,0.02101073083634697,3683
20924,0.4904821897537429,0.017716417187637667,3684
26184,0.49045576693986687,0.04028982924664726,3685
28826,0.49044115050473885,0.00658244913306455,3686
24954,0.4903150323397172,-0.02370344831962179,3687
29100,0.49031060491530054,0.018739575896270788,3688
22893,0.4903032208904358,0.025725030695330386,3689
25667,0.4902605866100198,0.049147887636143806,3690
21284,0.4902469105563296,0.1616531829879781,3691
21849,0.49018919728282434,0.025006748025808156,3692
26536,0.4901537275684736,0.03805572649263966,3693
29391,0.4900055729829337,-0.002178560083954395,3694
22973,0.4899489555200203,0.02313716570992369,3695
25065,0.48994044192801783,0.017029655082259676,3696
25449,0.4898950137960693,0.018941241178836,3697
20468,0.4898330872975904,0.02945122932255373,3698
21517,0.48982431599044274,0.053848587107336976,3699
24210,0.4897725521236953,0.014057934990790666,3700
24431,0.4897267765322572,0.06283523779572608,3701
21986,0.48958228680836247,0.03437887470169182,3702
25491,0.4894819433637649,0.010482023617899794,3703
21174,0.4894800605927953,0.024277005759054615,3704
23814,0.48940609562364235,0.1715877972674592,3705
21959,0.48940138285709595,0.013533869275458243,3706
22528,0.48937401044292983,-0.012402280175063396,3707
26659,0.48928075036608976,0.06626473492702878,3708
20764,0.4891725079170636,0.014698486782732334,3709
26107,0.4891419669164404,0.022326636465348937,3710
24385,0.48906688290343636,0.0006007908400749717,3711
23367,0.4890317902290893,0.0162662044031589,3712
24612,0.488964931576106,0.002362333934814609,3713
28065,0.4889608087909946,0.035625997506202045,3714
28946,0.48891484691330384,-0.00042847420099101363,3715
27041,0.4889136653105469,0.1669162852596089,3716
24161,0.48877214631275673,0.07182812923683513,3717
25100,0.48876375896218294,0.03996968013468183,3718
20718,0.4886693698679976,0.00783499826471179,3719
20805,0.48858594290423957,0.07621988861612516,3720
24438,0.4885425388382492,0.05682576324711408,3721
26789,0.48852990063940516,0.21281374931596253,3722
22003,0.48852958596035617,0.00863180394929458,3723
27320,0.48839774362188687,0.015409762694449047,3724
20172,0.48822747698272606,-0.009194043589959733,3725
23574,0.4882158301282584,-0.002427574770980323,3726
20702,0.4881702621339928,0.006136860621757778,3727
29358,0.4881396096020293,0.035039901646266025,3728
23195,0.48810862116545933,-0.010044085585671603,3729
24012,0.4880704725491275,0.03791953482950905,3730
25365,0.48806776353885806,0.030847890717176252,3731
26566,0.48806292225131126,0.006428565990877988,3732
29860,0.48798996348275847,0.010109298463015837,3733
21899,0.4879747496619611,0.04227292627425694,3734
25577,0.48789126674391714,0.007505087406024791,3735
29657,0.4878639075220532,0.008629727089503936,3736
20380,0.48778463756068197,-0.006514849296742842,3737
25290,0.48776628089742113,0.013028695981363081,3738
21420,0.4877613120233549,0.010900851804663325,3739
27726,0.4877191608872625,0.03151352896183063,3740
25266,0.48756977334655,0.032959208564523446,3741
23682,0.487556963693383,0.047827906020947664,3742
21977,0.48755449515546845,0.015948771877878853,3743
26236,0.48753229921215374,0.023489695742019534,3744
20350,0.4875308964034503,0.05926294358091677,3745
24971,0.48752490365384527,0.021103674341711676,3746
21314,0.48741991620921915,0.22790785265057767,3747
22523,0.48739949536473043,0.005543031847259849,3748
27152,0.48736089232555835,0.030701099032385992,3749
25368,0.4872340766589992,0.0626323903859845,3750
23793,0.4872055216182771,0.04455135302080909,3751
29906,0.4871764670484968,-0.004664949258377404,3752
27742,0.48712693100586635,0.003181651663125895,3753
27620,0.48708201638750104,-0.0024273293962084885,3754
28893,0.4869893088258812,0.03893720930497918,3755
24195,0.4869216858546597,0.0324545433686762,3756
23459,0.48689054857469444,0.01720336901229702,3757
24884,0.4868270032650944,0.025987152123187196,3758
20248,0.48680880225132683,-0.008443923936140574,3759
24990,0.48675878722671323,0.052323767976449276,3760
26331,0.48674215294682355,0.0442563759895685,3761
22916,0.48673465322557397,0.03413746272515583,3762
24804,0.4867344388137889,0.04469962585896081,3763
21836,0.4866455189175882,0.05364002931055434,3764
29452,0.4865828386407049,-0.01607200073456888,3765
24079,0.48656096932338955,0.04502160380203801,3766
26192,0.4865318419686995,0.0502535910875711,3767
24652,0.48647503721605334,0.01233059968128758,3768
23349,0.4864426924517023,0.0428445301044974,3769
27576,0.4864391635137995,0.03795141290609627,3770
21563,0.4864135587840378,0.16579725690450853,3771
22805,0.48634850092313636,0.011544311238082972,3772
20028,0.4862805415200837,0.03720757633744454,3773
27525,0.4862105728609649,0.061321922455354394,3774
25600,0.4860904300375604,0.00820046472171776,3775
27241,0.4860816186641891,0.015403917004192524,3776
25169,0.4859506206218712,0.00992189920966463,3777
29767,0.4859448507800745,0.011428932328076513,3778
24699,0.48585392042385933,-0.01774095588461333,3779
25853,0.4857776895944063,0.020038634377763265,3780
21947,0.4857753299216293,-0.0024973623837525327,3781
25833,0.48576730746012314,0.002477047265145249,3782
20522,0.4857542340573384,-0.003826207150470662,3783
21150,0.4857481961565268,0.05112951874259564,3784
24476,0.48574445644946784,0.0323970714437683,3785
26524,0.4857415744536417,0.022793774980480686,3786
22364,0.48571899954773656,0.010972793899761357,3787
29820,0.48556323084428854,0.013956985568139013,3788
25885,0.4855277329003495,0.03869851302636379,3789
27727,0.48550474246775555,0.018413679039459563,3790
28519,0.48549094959827216,0.020470544866969476,3791
29406,0.48548341289739766,0.03488882148508876,3792
23511,0.48548266298183484,0.01424260594167387,3793
25672,0.48545592129482723,0.012116662538325662,3794
24901,0.48543031484722377,-0.00330726029404671,3795
25581,0.48541463092443715,0.03239034350624803,3796
21964,0.4852903707510721,0.030893331981214467,3797
28589,0.4852253812486343,0.05113740169444597,3798
26460,0.4851511483544019,0.03457265235423962,3799
27030,0.485148111694421,0.023149816088379405,3800
26637,0.4851389578939317,0.04903096123417494,3801
22011,0.4849944795026045,-0.015522970820557258,3802
26212,0.4848420221580981,0.057472363933532666,3803
25245,0.4847505756351272,0.003702626998231928,3804
21196,0.48465790842655554,0.020474536809074573,3805
21632,0.4846397112601628,0.03599893424184186,3806
21794,0.484630703676398,0.010062937350086287,3807
25830,0.48461326828097057,0.02373557147952543,3808
27595,0.4846117366652157,-0.002426708267850297,3809
24081,0.4843637288335919,0.003187552835161478,3810
26125,0.4842917578679295,0.05305013969200911,3811
25506,0.48427057357415676,0.02467990057676478,3812
23358,0.4842199957037729,0.024954294842537084,3813
22769,0.48421606093352904,0.15560892155264167,3814
24931,0.4840481783919477,0.04505346289295653,3815
26413,0.48404084375559214,0.018889230429354198,3816
29263,0.48398712455503007,0.028433480477089157,3817
27288,0.4839612885882091,0.024207385911769408,3818
21717,0.48386919962484587,0.018267372574962637,3819
20738,0.4836667396259983,0.09991272803172169,3820
25013,0.48363650738722147,0.018955019491057157,3821
21229,0.48361049527051575,-0.0023256357433287245,3822
26606,0.483602603018356,0.00017193794842079724,3823
21957,0.48355788953508777,-0.0024264071942641796,3824
23170,0.483437419161435,0.03447234699737367,3825
29839,0.48343030872843873,0.05086981932285889,3826
21003,0.48340742514045376,0.034889140405132246,3827
27364,0.48339943306336286,0.027611084272049113,3828
23063,0.48338227679617507,0.01488030440915894,3829
20212,0.48335460687701265,0.0015257446614648784,3830
24817,0.4832915638164149,-0.0024263276905308606,3831
27492,0.48329092065858825,0.042805031923856596,3832
27809,0.4832509669890662,-0.004411281176215198,3833
24497,0.48317015669469787,0.08648682781765987,3834
20375,0.4831225086603396,0.031233783382869806,3835
24176,0.48302317447221527,-0.013733340349490475,3836
21201,0.483005618796904,0.011365316977776263,3837
22092,0.4828823822302351,-0.002083278628564278,3838
27630,0.4828735672657145,0.03379527204015215,3839
26742,0.4827848502275523,0.009233811480701681,3840
27015,0.4827809449061368,0.007297215401476986,3841
27489,0.4827467923452292,0.016914976971217244,3842
25142,0.48273191593137743,0.03552697061223825,3843
28605,0.4827229834300508,0.010249657984525484,3844
28455,0.48266579310361185,0.027586020480633522,3845
24323,0.4826121224037859,-0.0021208390137646416,3846
26131,0.48238094074894655,0.04948187208028226,3847
28480,0.48232849455216775,0.031043680265608165,3848
20715,0.48229472911689963,0.005518587954252252,3849
27891,0.48223483021101754,0.035106803956704125,3850
24294,0.4822302944336402,0.07685922433327658,3851
25801,0.4822143314926314,0.015049936643099504,3852
24520,0.4822055401692189,0.012317406977978673,3853
28133,0.48216566970925173,0.031844710803732745,3854
29204,0.4820984157848701,0.006988227196816521,3855
21413,0.48206711179923034,-0.0024259444250400164,3856
25816,0.4819957459966074,0.033848242017711416,3857
23142,0.4819760166180379,0.03078416971854303,3858
21793,0.48192886549145797,0.08262922223474406,3859
21926,0.48187381284435965,0.021853729351297257,3860
28943,0.48186446266172195,0.031223360859576832,3861
26816,0.48184786417339515,0.02239338477523356,3862
26950,0.48183773955737763,-0.022034254797285047,3863
21514,0.4817550531599064,0.024813752431693203,3864
29310,0.48165318375931687,0.010783504463325322,3865
29121,0.48165271756598194,0.048802388678641784,3866
21912,0.48164615939050276,-0.019334563285089035,3867
28557,0.481581943275152,0.003688115269386727,3868
21933,0.4815724711086661,0.007177640988678846,3869
23734,0.4814284343730442,-0.005276875257501479,3870
27629,0.48121737653427576,0.0007081370847132895,3871
22579,0.48118731543002186,0.17569659318238612,3872
26373,0.48112469245196443,0.01422822541735519,3873
28404,0.4811172533151548,0.054548878690930114,3874
28929,0.48108894754786413,-0.0024256173093677447,3875
28655,0.4808884868697366,0.04821075734035568,3876
27074,0.48086195919363023,-0.020203140175078238,3877
28356,0.4808118142495785,0.015917892435398373,3878
21940,0.4807755391143695,0.0005544829075209146,3879
22618,0.4807474975834528,-0.015568593538585529,3880
25025,0.48065529557347464,0.024825515576127555,3881
22933,0.48065368445070894,-0.002425465769921753,3882
21295,0.4806148491110181,0.05684581415223977,3883
25456,0.48059431542072517,-0.004201677592722386,3884
25089,0.48059226580053116,0.01993431472060092,3885
28913,0.48053831950474607,0.0028655614723291367,3886
27618,0.4801839822462139,0.008136138813938043,3887
27272,0.480079036920585,0.08190793141855124,3888
20474,0.48002481453042606,-0.006208912572937042,3889
22199,0.4800063217097387,0.03297949716188775,3890
26150,0.47982054148291303,0.029665759851803586,3891
23404,0.4797030914130677,0.004287328797221435,3892
26450,0.4796362093556818,0.1688239562575266,3893
29077,0.4795548493048803,0.02242163587785545,3894
21370,0.4794962259987937,0.011274340274452288,3895
25994,0.4794654444190876,0.019823600414927645,3896
29096,0.47941033491647267,-8.230012340210147e-05,3897
28314,0.4792929196626562,0.03621248365461255,3898
21040,0.4792823418383968,0.020183968942567354,3899
29830,0.47926823810633856,0.030391444239444454,3900
20944,0.4792660347111476,0.15317114948538613,3901
27929,0.4790607711941557,0.02787116726472394,3902
24170,0.4790228885602298,0.10320477245197168,3903
20223,0.4787510569026695,0.03886554043478285,3904
21883,0.47871427132662026,0.029490906836677266,3905
20918,0.4785809480042878,0.018359535649937475,3906
25053,0.4785543423904896,0.13906902549910372,3907
28497,0.4785306392541849,-0.002424673825850987,3908
29111,0.47842765345871113,-0.0004260080004413469,3909
21034,0.4782663488848015,0.0027167217586810954,3910
25095,0.47823711693334575,0.003081423361650515,3911
27681,0.47822220841563046,0.011695774129179548,3912
29367,0.4780771083069062,0.05434382330284865,3913
28371,0.4780497469820937,0.00946335330082232,3914
21934,0.47798296853760647,0.039292196674229396,3915
25411,0.4779777014083732,0.039518817226141034,3916
24316,0.47794729650441337,-0.004131298807938721,3917
23773,0.4779186943842867,0.033011360088409214,3918
21928,0.47783575607324097,0.04657544631788013,3919
23999,0.47779832366853064,0.014892592045595232,3920
25678,0.47778157325847054,0.014085337065256276,3921
20781,0.4777709196537339,0.021133806281916523,3922
23864,0.47766820679088073,-0.021888612111277517,3923
27120,0.47765226410903955,-0.0025660399451924443,3924
26537,0.4776147473652298,0.006897605957781439,3925
29690,0.47760620621541006,0.02480642930885052,3926
29169,0.47760123326038073,-0.0024242995600808337,3927
28458,0.4775799240052744,0.016560169982582584,3928
24121,0.4774694349814684,0.027929222911321883,3929
28248,0.47744161881531183,0.04442062490861537,3930
21198,0.4774305737380792,0.03912506295819135,3931
27078,0.4774143878073912,-0.00242422229123046,3932
20733,0.4774027106616067,0.007254314354927516,3933
23354,0.47738798917408026,0.008124122915728893,3934
29255,0.477387013254397,0.0390711717840212,3935
24681,0.47737721491647017,0.052281400819889856,3936
29583,0.4773579451422521,-0.0006097651961780026,3937
26887,0.47732585079818857,0.030007171143940803,3938
29405,0.4772764069192028,-0.010752618440716177,3939
21973,0.4771487353802053,-0.0026567014033066494,3940
25403,0.47709741041332404,0.0013076820963543456,3941
28111,0.4770973322054633,0.02441050022212976,3942
27848,0.47708083014824226,0.02096891579421134,3943
26025,0.4770061382448818,0.0024024212792431165,3944
23277,0.47698648867682814,-0.004082784816764273,3945
29845,0.4769751632819416,0.040002151870025926,3946
24278,0.4769481866316942,0.026825536867245647,3947
23219,0.47694194590929556,0.021944763236422193,3948
29488,0.4768810555930136,-0.0024239980011003803,3949
25138,0.47687470847569186,0.014019421795289533,3950
21492,0.47680290295502753,0.014650730378562238,3951
26048,0.4767708152182667,0.022908397280388126,3952
20154,0.4767076289763738,0.03612683267578076,3953
25080,0.4766995694372841,0.004152530779248598,3954
20280,0.4766079327454422,0.032035581035989524,3955
24254,0.47657821087643004,0.012939752440852048,3956
20972,0.4765570967944079,-0.009827636151653496,3957
23524,0.47654622216827125,0.06635335522284791,3958
22292,0.47652983686201283,0.021425490478027942,3959
26725,0.47645888857859076,0.07636560186982683,3960
24844,0.47639073623326034,-0.009071692540411236,3961
25795,0.4763203022247767,-0.006245742557027534,3962
24496,0.47628165771613734,0.027531529225129636,3963
28540,0.47624485670018846,0.082347714425338,3964
23906,0.47621147845765316,-0.0028791526453955107,3965
20607,0.47619455340454475,0.013655684404280055,3966
25824,0.47617001049776336,0.048098833914831274,3967
25645,0.4761333981586101,-0.01244241190968931,3968
27919,0.4760853210888865,0.03476396624958422,3969
29594,0.476072713387401,0.016195246592858703,3970
29544,0.4760125216124626,0.04089809317177673,3971
25377,0.4759256595710614,-0.009589286378444917,3972
21451,0.47584271533501715,0.023723011634086077,3973
21153,0.475818537595994,0.036559017564957885,3974
25734,0.47580828945589326,0.01305290348138538,3975
27327,0.47578132084952374,0.03403042494278197,3976
24368,0.4757275061273859,0.05316646154229898,3977
21402,0.47565372958089436,-0.015583003175589472,3978
20297,0.47554713817626176,0.019829089534248556,3979
26796,0.4755333408236615,-0.004600490368621868,3980
22980,0.4755201299207306,-0.0007505866432798158,3981
26550,0.47539198637990354,0.05222218706605003,3982
23109,0.4753789221858711,0.009468426282884135,3983
21586,0.47531267857467524,-0.0005447334442299501,3984
24049,0.47525034327103405,0.0724344606286062,3985
21049,0.47522231099178963,0.022266005841524994,3986
22360,0.47516655614238723,0.07032496918189185,3987
21531,0.4751584663937278,0.01208915663524196,3988
20670,0.47513642374407516,0.028616374616467377,3989
28699,0.47510949012620746,0.04533365475415857,3990
21227,0.47508811852698773,0.04002945033572808,3991
21282,0.47507639325076856,0.042687038789369636,3992
25079,0.4750135692492883,0.01338063682611007,3993
21895,0.47481674381825106,0.02491713994492145,3994
24361,0.4747307209576468,0.003694686961452698,3995
26928,0.47471643325863827,0.02334964035921505,3996
26535,0.4746739689161661,0.00416811843386683,3997
21811,0.47464206786999924,0.03319747856708882,3998
28079,0.4745069088240282,-0.017910472128958965,3999
20956,0.47449502239811275,0.0277480036163274,4000
24445,0.4744595405600711,0.011855709336879017,4001
28179,0.47436568571108134,0.004581860613394162,4002
26312,0.4743609006240333,0.006765595598750729,4003
20655,0.4742913257862711,-0.01382300412695947,4004
20071,0.4742719554378903,0.029484490600999336,4005
28912,0.4741986545720032,0.008597249012789632,4006
23390,0.4741845794888946,0.013807960964598964,4007
23704,0.47416636786441185,0.062084765620261106,4008
23607,0.4741199270400042,0.03711373099943038,4009
28774,0.47407923400171714,0.004850265168468482,4010
24198,0.47399031743732356,0.005376658717888838,4011
21993,0.4739246491459308,0.014771502527608504,4012
29741,0.47392090221565186,0.06241063921281548,4013
20994,0.47388991442363393,-0.003416147672671288,4014
20150,0.4738338804235553,-0.002474721586934292,4015
25929,0.47362930343147674,0.016967229589785804,4016
27217,0.47362357236768377,0.023830204385412723,4017
21048,0.47359656525431437,-0.002000417314774572,4018
20345,0.4735936294770952,0.0035528103276188383,4019
20656,0.4735718881689387,-0.0013211575183370017,4020
20874,0.473570257467346,0.0380402310729428,4021
27195,0.473550893106831,0.022501454712344104,4022
20122,0.47354383876171585,-0.003839350146132625,4023
20925,0.4734623769953169,-0.0024224289538915533,4024
20948,0.47345507197943926,0.08756263157430305,4025
28494,0.4734526974439748,0.0146102836380268,4026
26886,0.4732473077021529,0.05161942448910578,4027
24593,0.4732072730560578,0.006639211597960881,4028
21834,0.4731589558073794,0.0125365081129033,4029
28447,0.473129458146304,-0.012212416287080474,4030
21774,0.47305152692482844,0.02326971044101972,4031
22641,0.4730068350935325,0.014874268624734233,4032
22804,0.4729918077905186,0.03239267170342547,4033
26463,0.4729752495084029,0.06017842323413203,4034
22674,0.47296875132527116,0.01648694957495017,4035
22629,0.47287994555486873,0.07372133101091505,4036
28487,0.4728733168786518,0.06612478946373074,4037
28368,0.47285588534289064,0.08403609645846688,4038
29966,0.47264634367672104,0.051531754509676786,4039
28059,0.47257117346524086,0.01829880484062446,4040
22564,0.47248177180511586,-0.001450597001630416,4041
24500,0.4724750485377404,0.03439906547575866,4042
27758,0.4723979987351419,0.017729268824852484,4043
20722,0.47233903470727007,0.00247113974807589,4044
24035,0.47213268599310565,-0.0006322874305457193,4045
29283,0.47212360687161853,0.03129967310075743,4046
23289,0.47197254612959055,0.006202558926189317,4047
20085,0.4719679105402051,0.040040313741303846,4048
29628,0.47191537003773,-0.016491862490667697,4049
21353,0.471784162050522,0.03195861547736639,4050
22007,0.4717770488532686,0.019467725110700995,4051
29481,0.47156896249922353,0.007449082978954746,4052
29903,0.4715505899164128,0.01041613771918809,4053
23403,0.4715054728942563,0.0514822059677168,4054
26505,0.4714669394055278,-0.0011257255371688868,4055
22129,0.47145299585659706,0.09849439340153171,4056
28622,0.4714098293756967,0.0019339815244742709,4057
24022,0.47138817906736835,0.10747853801251261,4058
26464,0.47130914253000417,0.10819404435839586,4059
22590,0.4712739097456972,0.10641028945255282,4060
23774,0.4711998952431514,-0.002132625327037063,4061
24584,0.471179499751122,0.04587823309336986,4062
29910,0.47115993961503233,0.03268878109656059,4063
21466,0.471061225695868,0.011186205943123528,4064
25536,0.4710189123574103,0.05427955718094035,4065
26453,0.47101023102299433,-0.02343067503294577,4066
22677,0.47099221707424543,-0.016217484936383753,4067
23944,0.47097856644389513,0.07438928422271368,4068
23691,0.47093331409193456,-0.0017751655437261427,4069
21117,0.47091540757486205,0.01091914434833019,4070
28776,0.47065221277568386,0.0009292750044391784,4071
26996,0.47062841403664574,0.028643259102668572,4072
22257,0.47062579652373376,0.003742669090269768,4073
21598,0.47062213310771717,0.05233456176575296,4074
27876,0.47058168158466707,-0.0024209304033217527,4075
25235,0.4705643803390561,0.012434190072419471,4076
28006,0.4705633632713221,0.07860355606109698,4077
26989,0.4705505929355221,0.07070655515369878,4078
29703,0.470528569536907,0.058228796902277835,4079
21821,0.4704833382645404,0.018948304102720193,4080
29176,0.4704684182732756,0.0599951438952106,4081
26786,0.470456385613791,0.017429893263213758,4082
23439,0.47043783229840225,0.030928128489147,4083
21391,0.4703777869631328,0.006469956854520231,4084
22816,0.47021381536701445,-0.004367244610672838,4085
27664,0.47019263903977465,0.0324481599524159,4086
21784,0.4701844154856084,0.019075333056105315,4087
20046,0.4701111985381052,0.059147067926394126,4088
20124,0.4700393648827421,0.014949430844174882,4089
26616,0.46998896165685694,-0.000835776005802702,4090
24857,0.469923753005874,-0.0030814562923898725,4091
25085,0.4699174600787934,0.07450060707286238,4092
23904,0.46991090373215705,0.02048401916294673,4093
26531,0.4698742462614453,0.03433238884544332,4094
26683,0.4698472257103308,0.003601585643781935,4095
20645,0.4698118378325038,-0.02816596552855155,4096
22241,0.46979031305619684,0.03305264471136876,4097
26754,0.4697688144975894,0.055418835177032055,4098
24346,0.46975715030372456,0.01669615568110666,4099
21802,0.46973685670646714,0.034662251244381936,4100
23873,0.46971977076473515,0.0014681708482360278,4101
26881,0.46957126579043723,0.032169351645035205,4102
25346,0.4695652848989671,0.04094932525353545,4103
22606,0.46954488820754153,0.06719923697116092,4104
24728,0.46951742526169415,0.017794913891913178,4105
21158,0.46938107720293104,0.025356061446425604,4106
29536,0.46930561335203624,0.2422061537834092,4107
23188,0.46910808659123593,0.007004628146618508,4108
20420,0.46908898288701845,0.02355780602743951,4109
27185,0.4690649377176963,0.026072014617264272,4110
27481,0.4690549348754427,0.05051968092552417,4111
21173,0.46898711326181886,0.01784767736131143,4112
26986,0.46876703662736563,0.0666279488182378,4113
20072,0.4687553093879748,-0.0008355259181395125,4114
26752,0.4687322204053611,0.042679112000191755,4115
28876,0.46870771243027687,0.01213887102547373,4116
28431,0.468640290898355,-0.016225725745144803,4117
20665,0.4686100494696106,0.028359225524312748,4118
27993,0.4685893947345879,0.23170064169088708,4119
20180,0.46855016582398046,0.017582232814255583,4120
25849,0.4685050166115608,0.03350217844399872,4121
21110,0.46835999787152127,0.0462992262293746,4122
22453,0.4683496305832431,0.003600169425460653,4123
25208,0.4683191243218088,0.05882324506294945,4124
20088,0.46830162309161033,0.2011510537789718,4125
28084,0.46829650745932017,0.03668132027868859,4126
21576,0.46829603485166565,0.025410246169378314,4127
23420,0.46829114304068026,0.006675746073612265,4128
26136,0.46820227179060764,0.08499117524436095,4129
29124,0.4681402880052683,0.017421720548638886,4130
27832,0.468127497314069,0.061151353547189646,4131
26626,0.46810483688457066,0.013354600360512558,4132
20984,0.4680749908037259,0.05114490274133615,4133
29416,0.46801643618460775,0.01943817240804152,4134
25832,0.46799408141216603,0.07377562976532781,4135
21470,0.4679423636182007,0.04887367801377973,4136
23364,0.467941475400525,0.012016898500441742,4137
29058,0.4679373115735542,0.041482273032237726,4138
20264,0.46787844856496713,0.007048413866374614,4139
27895,0.4678178488381921,0.004455083947706606,4140
25665,0.46781692072743514,0.0014604406249806856,4141
29897,0.46781565592252616,0.02490319709898614,4142
21389,0.46777551464045525,0.054592325208416004,4143
20501,0.46772468014324414,0.0,4144
25047,0.46771052527378426,0.013241312665192961,4145
28501,0.4676594345275739,0.04257278642087997,4146
29507,0.46761793746093894,0.22496589929228605,4147
25031,0.4674280189481291,0.004852083498643689,4148
27183,0.4674110303156883,0.025469869976566195,4149
22213,0.4673691591477853,0.02091063918265129,4150
25387,0.4673662650458368,0.016730679945589744,4151
28887,0.4673564301603575,0.03787316992273615,4152
22009,0.4673548608656613,-0.0010276563123463034,4153
28321,0.4673527938386365,0.012873056700360819,4154
20643,0.4673492241609847,0.010184450435888615,4155
24870,0.46734192500238736,0.06272696208191308,4156
26612,0.467329015295191,0.02025000531712573,4157
27055,0.4671457642094876,0.0029765078576727277,4158
29884,0.46710175092476275,0.0027531032330786465,4159
24694,0.46709861280853887,0.03721055473995649,4160
21242,0.4670836808370432,0.07616624672109629,4161
22941,0.4670476953377457,0.0010171579360606087,4162
21500,0.46704759706526566,0.0024643834300475675,4163
24597,0.4670440717401361,0.02527027558693956,4164
23464,0.4670319734952355,0.006521220383035264,4165
21664,0.46698586496803923,0.22476437707187247,4166
28846,0.466911645993344,0.008943201313040106,4167
27941,0.46688598282028493,0.011857579598834878,4168
27928,0.466813451266168,0.007152705294795558,4169
24923,0.46680455403233806,0.013014149113658502,4170
20507,0.46666429273323323,0.057260568455157146,4171
25482,0.4665522718531613,0.020921197917864953,4172
21736,0.4665411505632264,0.08219931527251045,4173
20706,0.4664197468762114,0.10632131056505045,4174
27420,0.46634218059930505,0.10172452521119135,4175
28704,0.46619405557169125,0.03818589310028475,4176
24055,0.466128102811537,0.008228313036180157,4177
22951,0.4661250116077781,0.05703963804373946,4178
25996,0.46611553194295136,0.025088141253703233,4179
28488,0.466107664533757,0.05345507408412664,4180
27820,0.46606789606139587,-0.01788529219397411,4181
26308,0.4660368681781671,0.02140669980964205,4182
20621,0.46598982143153395,-0.020449323255639973,4183
23000,0.46596004898471444,-0.008092174161885735,4184
24644,0.4659034314140427,-0.010250092674059463,4185
28370,0.46590135005885897,0.058063870607936385,4186
25084,0.46582702144270927,0.0061574746482535025,4187
20897,0.4658063517437925,0.006973944615521754,4188
24822,0.4658060167848662,0.009610929130980272,4189
27692,0.465798800926951,-0.015524902919656691,4190
29727,0.4657731478871354,-0.0019811219590060714,4191
28911,0.46573654276501425,0.022924556098582016,4192
28672,0.4657190529426103,0.03486240399643775,4193
21600,0.4656769072246305,0.06876475234997087,4194
27816,0.46560867193916394,0.21996010770187363,4195
29590,0.4655896682621147,0.21963036036606606,4196
23385,0.46556712840182685,0.0302249220649618,4197
20801,0.4655633437926388,0.0650551496838715,4198
27703,0.4655440595914706,0.01540259365140395,4199
28005,0.46552818466387547,0.013052256739992663,4200
27819,0.4654803817261625,0.02658596215074821,4201
23336,0.46539163252920956,3.575026769186973e-05,4202
27378,0.4653894055477655,0.011198939017705578,4203
21264,0.4653808174994889,0.22964221183159012,4204
27244,0.46532537734978385,0.036104438777018355,4205
29062,0.4653177318038327,0.03292981824105751,4206
29881,0.4653075912327094,0.03626445219296098,4207
21005,0.46529023743491926,0.02894881477811495,4208
23715,0.4652196177865686,0.08544430226767136,4209
28037,0.4652193903756517,0.01144669656983821,4210
20816,0.4651941663906015,0.0057196851863211,4211
22524,0.4651688685027116,-0.017058357957221992,4212
24388,0.4650575498075604,0.01469975507738669,4213
23508,0.46504864745300506,0.042285129652624265,4214
20080,0.4650394429437743,-0.006291312930012394,4215
22238,0.46499056959492346,-0.009071159125134898,4216
27341,0.46487760674525846,0.02074583026069421,4217
26288,0.4648570720410079,-0.0007206556783573848,4218
27779,0.4648453677308637,0.002565061666494839,4219
22431,0.4648431601226074,0.014033179626840975,4220
23060,0.46472770936264995,0.0196919010816628,4221
24325,0.46468822443668667,0.05687948517016711,4222
21580,0.46468505970586815,0.03477591687879705,4223
20730,0.4646609930456495,0.011157045935326626,4224
20302,0.46463479511185096,0.04079023484287653,4225
26853,0.4646324837680269,0.053938236421673724,4226
29334,0.4646287815685476,0.02534191628806337,4227
20478,0.46462633791680497,0.07084547002763031,4228
29922,0.46458707474539235,0.12084928622231111,4229
25783,0.4644773540926973,0.0424995366099713,4230
22542,0.4644757599005491,0.0628870394604687,4231
20858,0.46447113239816046,0.023292146700055305,4232
28201,0.4643476654206483,0.022464194856241737,4233
26364,0.46424163688740794,0.0,4234
29825,0.4642237760516468,0.025491415601752054,4235
28289,0.4642094130051925,0.03882587232362611,4236
24233,0.4640311222046352,0.004568427730916869,4237
23399,0.46391572841173573,0.026273478557727048,4238
20746,0.46391018936596173,0.20762073501957923,4239
20671,0.4638662301194708,0.0029806473449929816,4240
28165,0.4638163133002885,0.01542073316704784,4241
27582,0.46381593065613624,0.07485781044100098,4242
23327,0.4637533685723745,0.062350105974669,4243
26609,0.46373759074031845,0.04907987055639279,4244
26857,0.4636565058561766,0.019684159016695013,4245
25194,0.4636322765608762,-0.005616126640797636,4246
25216,0.4636211498722298,0.004836606660343301,4247
24684,0.4635646037630116,0.005806348156489838,4248
25820,0.46352830367268477,0.06810810461182626,4249
29700,0.4635181915176152,0.003595158847202795,4250
22320,0.4635120569470306,0.013713510787451089,4251
29580,0.4634919545636747,0.06092200928162911,4252
29461,0.4634304510338762,0.0423419615562583,4253
27160,0.46327584596400606,-0.004444985762576903,4254
22367,0.4631636142320532,0.0350105486811953,4255
29576,0.4631373082803495,0.019503883288285617,4256
26439,0.46312343629753905,-0.008800292777597363,4257
21539,0.4630646132861036,0.03198301378769686,4258
27442,0.46300893126422465,0.0015114759495314933,4259
25153,0.46299386020347433,0.011230200667662671,4260
29229,0.4629335715303356,0.044639082299852806,4261
27314,0.46292242778950365,-0.0032868864387528007,4262
26227,0.4628682942021042,-0.0012452630387921881,4263
29071,0.46284985067109374,-0.0009542605480197808,4264
23672,0.4628491047870849,0.009067670011013995,4265
27529,0.46283559998581236,0.030256585311314865,4266
21267,0.4625676480173603,0.026454985809021614,4267
21554,0.4625401957222518,0.049452376321358016,4268
29764,0.46244735675458803,0.02355400734691837,4269
21152,0.46241848427372517,0.025107836339096024,4270
28944,0.46235175263115147,0.02466907312473887,4271
20780,0.4621835930930284,0.01209542582606149,4272
23185,0.46214198695623787,0.06454536672957378,4273
27969,0.4621392754175488,0.04739208471526457,4274
27623,0.4620866354225478,0.03297896867999334,4275
25394,0.4620450836440636,0.03749439578443586,4276
24223,0.4619558772910238,0.08061487275220658,4277
27013,0.46191525849557297,0.016705151388133832,4278
22869,0.4618925535270384,0.04513851790238266,4279
22736,0.46185596599608914,0.016028343877840245,4280
23576,0.4617603232623767,-0.017127186588774712,4281
28096,0.4617266469642107,0.029510646019333953,4282
22974,0.4617260980293454,0.0,4283
20266,0.46171658936466903,0.07001812190892537,4284
26470,0.4616827089568314,0.03020142614676835,4285
26963,0.46164072935648914,0.016202877232330604,4286
29780,0.4616239406189522,0.006677571911379576,4287
20337,0.4616062364632771,0.05224951582760945,4288
23415,0.46145610663747677,0.002216953411513123,4289
29329,0.4614063168774797,0.0022169181649620007,4290
23387,0.46135768943452576,0.05439667160438866,4291
21423,0.46132741293116675,0.09776322540170179,4292
24200,0.46129451540225413,0.07723249512308883,4293
25218,0.46129330484657394,0.003671417668020538,4294
24382,0.46124388869471783,0.0420870724042095,4295
23565,0.4612199180422181,0.011905985087813875,4296
29030,0.46107836131118834,-0.0005965893738183459,4297
22197,0.46105885927390594,0.2258847647791717,4298
21818,0.46104644640763925,0.011037139109900118,4299
23863,0.4610214703169114,0.0712015587737252,4300
28959,0.4610205563397279,0.023218544012926723,4301
29632,0.46094208978332407,0.04376583593622707,4302
20596,0.4609177617260617,0.015400804903438814,4303
29134,0.46089958031758116,-0.005761752214682836,4304
22273,0.4608105873118351,0.055290428492365706,4305
25553,0.46062185944491957,0.05450932472740189,4306
26382,0.46062134180435704,0.02594955849076841,4307
20453,0.4605933533799947,0.026741254109113932,4308
22046,0.46057956664037214,0.04242137445144856,4309
21982,0.46046931990561557,0.05821230016018747,4310
28764,0.4603678056306113,0.04129242242429365,4311
27547,0.46035276592579566,0.0512799104213732,4312
23618,0.4603311704692238,0.0834917317524218,4313
26975,0.4603254461415854,0.047586908110190285,4314
21199,0.4603057429720032,0.024182290701433296,4315
27642,0.4602867580245761,0.22304564851120962,4316
27343,0.4602251345061448,0.047249258928538374,4317
24663,0.4602133872595207,0.035853870822663725,4318
23105,0.460189185954271,0.0020462878376155125,4319
27468,0.4600930804390518,-0.01647211467416987,4320
28896,0.4600566217856907,-0.004155520928927736,4321
28173,0.4600169155950209,0.04418551428888845,4322
26369,0.45994919418877855,0.04546858020039124,4323
21776,0.4598500061222295,0.035531907758121484,4324
27798,0.4598254207255208,0.011752441449124629,4325
22347,0.45982331556058137,0.04748524344271032,4326
29778,0.45973490249274723,0.03715828674751265,4327
20139,0.4596717345656028,0.017629360417415363,4328
24528,0.45960936829157456,0.01837464999866517,4329
29342,0.4595744381684398,0.15165615682070877,4330
25382,0.4594156468717221,0.031592655094098754,4331
29420,0.45941042110152874,0.013414650518040472,4332
20999,0.45938804476166756,0.004372123911397796,4333
27365,0.4593801168707125,0.03982047443265324,4334
27363,0.45937472746716523,0.007262157865143004,4335
29521,0.459373619049946,0.23502429440371608,4336
25685,0.4592891509388974,0.0034466076214987873,4337
21213,0.45926153705848294,0.23878961912320495,4338
22806,0.4592529147395196,-0.0012335403378324616,4339
25402,0.4591001017970032,0.04922422854726349,4340
21507,0.4590774312355842,0.018579212206729645,4341
23152,0.459016528712837,0.16192890931304554,4342
22784,0.45899508240292414,0.010989687376356527,4343
26680,0.4589173850791086,0.02261181750927338,4344
28500,0.4588782876826565,0.23645806725810703,4345
22680,0.45886323878039376,0.016822365828162378,4346
24904,0.4587899200004359,0.026626711650221513,4347
28554,0.4587238541128954,0.03216450729344944,4348
29516,0.458720899247133,-0.008934880144725321,4349
22279,0.45862912072686246,0.0010490590321347026,4350
25488,0.4585691465150947,0.13473633832364795,4351
27066,0.45852735162924435,0.06445678519154407,4352
29775,0.4584234747303663,0.043052628873436416,4353
22839,0.4584130741882698,0.19379120643814107,4354
26096,0.45840383072851193,-0.0036665207571179304,4355
24148,0.4583838840100978,-0.014943579096047266,4356
20372,0.4583555611113079,-0.0025011517439008646,4357
22612,0.45833241129200264,0.15908596411737724,4358
24986,0.4583280111786717,-0.010257647308372142,4359
25777,0.4583266636626209,0.007927053121002892,4360
25172,0.4583127447590649,0.014363415058559814,4361
20319,0.4581729672575118,-0.0024126305571237627,4362
21681,0.45816872914032714,0.015581902194924835,4363
20322,0.4581193963345237,0.03483512254882071,4364
29107,0.4580686544083356,0.039883027371343194,4365
21872,0.45805547357479287,0.008534309287867359,4366
29104,0.45804987618088533,0.005486941823900693,4367
22332,0.45801507819187004,0.016058412841622682,4368
24086,0.45800848774959574,0.13796857067146895,4369
24412,0.4579900466209505,-0.01108654783739893,4370
29754,0.4579725316226057,0.2431813549169448,4371
29371,0.45795843444950834,0.014402763848355926,4372
21967,0.45794964850507097,0.01161257414749417,4373
22798,0.45779731001412083,0.01204429195885015,4374
25931,0.4577925851965402,0.24347612359555695,4375
28004,0.45775997834151677,0.06752944297139107,4376
25587,0.45763235531282265,0.052340855057894264,4377
25270,0.457632194461255,0.02400514196368081,4378
29048,0.4576309428819407,0.007348098505753353,4379
28155,0.4576163160530803,0.06902147772646544,4380
21069,0.45760896364538783,0.010892909127963812,4381
25198,0.4576001861582387,0.04345005070801722,4382
22739,0.45758278746507786,0.03824572111297925,4383
27414,0.45752932809329466,0.0764991514754419,4384
21386,0.45750761952527885,-0.0017287780014724752,4385
20094,0.4573797185646575,0.0016810565738084593,4386
23933,0.4573607878777639,0.004602336680476049,4387
23764,0.4573400074149541,0.025540320725172982,4388
22653,0.45730496303581925,-0.006000452963159042,4389
21602,0.4572541328747384,0.04666140741370911,4390
25082,0.45719574417730463,0.0019904255162690454,4391
21726,0.4571889615493977,0.051586848974711996,4392
22691,0.45703104959158375,0.006897331325013634,4393
22290,0.4569562043489419,0.060111261571431984,4394
23278,0.45688930596839566,0.002772119741750234,4395
26409,0.45687721044423507,0.0006164502282632323,4396
29383,0.45683332268890864,0.012917908782927479,4397
28791,0.4568109305779679,0.011730901945757821,4398
23116,0.456765600409686,0.015807310477346126,4399
22299,0.45673851957050254,0.05238677678665149,4400
29479,0.4567241201685947,0.2225601640907892,4401
23405,0.4566963035830441,-0.015774819781510963,4402
27542,0.45665509022804995,0.022884453758550527,4403
23182,0.456587853158995,0.0077433927390001545,4404
25415,0.4565596579669833,0.008864749468884936,4405
25255,0.45651702241617154,0.0251476189749254,4406
28112,0.4564735639722999,0.011144548928480935,4407
24190,0.45645581757774323,0.0763197926778334,4408
26793,0.45643312911570694,0.002298523972319888,4409
22076,0.45642099867338704,-0.007114980192314602,4410
25618,0.45640061924919106,0.027713867910128864,4411
28711,0.45638913870748793,0.04233167695341461,4412
23023,0.4563042724030912,0.06514533211749846,4413
21619,0.45627745651577234,0.031471994172748985,4414
21415,0.4562614418582208,0.024615428422830432,4415
26688,0.45623770237738076,0.0615304544166127,4416
27636,0.45621564938908366,0.01902071320808485,4417
24637,0.4561611680874148,0.011349419721540688,4418
23065,0.4561305430627407,0.018080195275228528,4419
21685,0.45608923015391256,0.018949237605613622,4420
23548,0.45600847773086356,0.2286405279681916,4421
26476,0.4559830338831095,0.03688571639245386,4422
21823,0.4559588017688644,0.043057043711952625,4423
20912,0.4559442189961338,0.026447597769927,4424
20941,0.45589832058321467,0.008354866948517559,4425
29558,0.45589067189756094,-0.009600671133501326,4426
25838,0.45579459596329636,-0.003579365712143401,4427
22418,0.4557677191371027,0.012025530953271746,4428
26416,0.4556050406510139,0.03244027541160077,4429
23948,0.4556011579920208,0.04894816794096113,4430
28769,0.455554701265082,0.04935633607775464,4431
21011,0.45552110996250084,0.016707936130107404,4432
26298,0.4555180786306441,-0.009594660790174736,4433
21747,0.45551693948584027,0.009712402394439601,4434
25699,0.4554970186066797,-0.01651235252903771,4435
28915,0.4554818055368249,0.013320826857359469,4436
28413,0.4554390674154152,0.007251519642658633,4437
21484,0.45537698470807675,0.22828070952584298,4438
24763,0.45534969363481004,0.004708152380981989,4439
23091,0.4552552016606044,-0.017875376009712007,4440
28513,0.4551830141423981,0.007456452232814548,4441
26350,0.45518167898403306,0.059709996845794255,4442
27569,0.4551461012257818,0.03724050779576443,4443
25930,0.45509117493476237,-0.009374219726486221,4444
26310,0.4549970813612954,0.11858401468504493,4445
23918,0.45487724245271544,0.013921950608881517,4446
29902,0.4547152854517443,0.00198863346951067,4447
20408,0.454689264833043,0.028870312720665425,4448
25555,0.4546141786818934,0.002296986274118451,4449
22857,0.4545436892964603,0.022620903029345107,4450
22099,0.4545135916656226,0.030633027511320965,4451
29538,0.4544940565915604,0.010897528868114958,4452
28394,0.45443904656220413,0.04228793582481499,4453
23766,0.4543852519830941,0.026556500000317396,4454
21234,0.45438361999944404,0.011836933933061233,4455
23347,0.4543687776318821,0.031670260583540555,4456
21748,0.4543487521532457,0.015783373748608553,4457
24989,0.4543481575792628,-0.022847434223968288,4458
23538,0.45432811809808515,0.02652644793559289,4459
25344,0.4542531028749889,0.006829399106304812,4460
24662,0.45412322034296704,0.02034813280949954,4461
26560,0.4540561211468244,-0.005021742069551249,4462
27142,0.4540229751220131,0.03200658696791331,4463
25714,0.4538621223753305,0.0018501839999492398,4464
28388,0.4537806925219722,-0.02109023032798657,4465
24987,0.45376770643899494,0.06199204680222381,4466
27491,0.45373425042674104,0.012060019128721455,4467
28511,0.4537026879794298,0.01573011251139983,4468
27335,0.45369519059037033,0.018723500036842367,4469
21130,0.4536530490086744,0.010630287499251656,4470
21051,0.45359338277088457,0.015922417119683896,4471
27422,0.4535746505021747,0.21965925492846466,4472
24415,0.45340759014659127,0.004716342358048908,4473
27146,0.45335003507579297,0.00942312543062912,4474
29936,0.45334176010204147,-0.015217292096106672,4475
21808,0.4533229094784907,0.05932021061914938,4476
28966,0.4532725585670614,0.005529794865517357,4477
26258,0.45306623840467564,-0.027024890626998588,4478
29719,0.45303763462087504,0.016780972453967646,4479
25338,0.4529712460160816,0.021551495937632392,4480
23577,0.45295808438736496,-0.0011578419588748612,4481
20001,0.45294247036674035,0.0,4482
26972,0.45277872288487037,0.02844687003453833,4483
27392,0.45273479042407483,-0.011435136127841583,4484
24007,0.4525842412051241,0.03604643975124233,4485
22310,0.4525814481975773,0.004714790192410279,4486
29087,0.45251683891908545,0.01462783842399451,4487
21050,0.4524160826326035,0.011513329756519364,4488
23028,0.452386110371773,0.01517368001173014,4489
29004,0.4523845658203352,0.055806341845755336,4490
27100,0.4523780389570502,0.004166164293668173,4491
21138,0.4522739024597393,0.19872496019227676,4492
24818,0.45225048856812955,0.004358408542249448,4493
21254,0.4521951255286711,0.02206015739302386,4494
24087,0.4521490758058796,0.033059073594867316,4495
29259,0.4521319946706369,0.006476384238325306,4496
27817,0.45213125975844615,0.03008324918835098,4497
26773,0.4521256264991887,0.035143563697063396,4498
20479,0.4521167218942095,-0.0017650860086139142,4499
21998,0.45195434972513515,0.023006629094056374,4500
26335,0.4519513281703484,-0.0014203711654174889,4501
26402,0.4519112865927621,0.05457560281839857,4502
23871,0.451898139463327,0.017687242057283614,4503
20875,0.45188490903153195,0.045683040182205314,4504
20581,0.4518384272452745,0.1575826126345487,4505
25794,0.4517854062411053,0.002969459992411716,4506
24180,0.45177110925116915,0.020573397298396134,4507
22505,0.4517257030414873,-0.0010961002085344007,4508
24085,0.4516638844290358,0.006242652776980995,4509
28310,0.4516045514422125,0.008278898838739668,4510
25595,0.45151249429359236,0.037003594081733704,4511
28053,0.4514225959848474,0.03321259222143319,4512
21022,0.45141589751673405,0.039719790150873124,4513
23525,0.4513868883047133,0.011302298929616927,4514
25164,0.4513703139025508,0.0022089113469500044,4515
24117,0.4513538158627942,0.0399324576349907,4516
27734,0.45129947579424834,0.01749316737251705,4517
22796,0.4512578976091519,0.006882003458207886,4518
21728,0.4512523782854719,0.0828524871423949,4519
28736,0.4512070685172842,-0.012961366210184622,4520
27714,0.4511252795753779,0.01835395743417556,4521
29562,0.45110919890173096,0.0015654186152387894,4522
21679,0.4511068784513196,0.04781952369739245,4523
24048,0.4510756319578521,0.05103766450458752,4524
24456,0.4510426818383591,0.013128965100120404,4525
22604,0.4510157045243201,0.03916093694576728,4526
24668,0.4509923507670009,0.05529634454518545,4527
28421,0.4509740523257889,-0.016062914192785493,4528
21937,0.45089330285238094,0.02584097234264704,4529
25106,0.45085480372183756,0.016761199271189575,4530
24304,0.45083583926816984,0.02682551311217518,4531
20129,0.45081035687311677,0.006661165119171475,4532
21017,0.4507506027791955,0.054061647660400836,4533
23535,0.4507139324741666,0.024563675261950746,4534
26747,0.4506742980849646,0.001674810639211377,4535
20747,0.45066299866210624,-0.009915556171907314,4536
26783,0.45065801251077087,0.1797424540479865,4537
22959,0.4505753838214142,0.047962397723807226,4538
23468,0.45049377157708786,0.031190035547136563,4539
24673,0.4504117592786337,0.03642138203178891,4540
25052,0.4503902359656909,0.02584306356901217,4541
23736,0.450318788616877,0.018142871987951836,4542
23888,0.4502888399360797,0.019511131992818342,4543
20091,0.45018623644778794,0.09712392112899121,4544
23325,0.4501810548298534,-0.005307457298947549,4545
29001,0.450044649832038,-0.004530379612715907,4546
22642,0.4500107281654034,0.043224880904860874,4547
29893,0.449974489943619,0.014919995792617158,4548
29128,0.4499708499386068,0.14611844428326964,4549
25701,0.4499558617115993,0.022617953131701674,4550
28430,0.4499431271539255,0.06521080329890966,4551
26914,0.4498908532635037,-0.005117259261966767,4552
22844,0.44976635151852756,0.022549835258455053,4553
25962,0.4496749172786445,0.027664692140721814,4554
22072,0.44959881433101817,0.049854096253042046,4555
22583,0.4495802881987799,0.010288072411779259,4556
24003,0.4495131834294555,-0.009298708735886063,4557
23499,0.4494951885004915,0.10956074504947311,4558
28607,0.449489690263398,0.05116723426014613,4559
20772,0.4493981211402992,0.042289608398688505,4560
25704,0.44938308864721355,0.02969463209987938,4561
21925,0.44929305023279476,0.05553955912233938,4562
24972,0.4492545212855358,0.01634786961491258,4563
23523,0.44918715725345276,0.053123181429216126,4564
26068,0.449183055431382,-0.0072836580653284355,4565
26912,0.4491644503818145,0.018731165911538894,4566
25535,0.4491643364558298,0.03989394678335023,4567
23991,0.44916380992551236,0.035987351701504855,4568
22851,0.4491436516527214,0.0037768220095997784,4569
20952,0.44914259824205294,0.0447415316195382,4570
26285,0.44912352777472686,0.021266555480952187,4571
27192,0.449120798376557,0.014131056205955062,4572
21481,0.4490809036048196,0.002065711475986831,4573
25941,0.4490707388519582,0.008236105882274747,4574
28020,0.44906361785604026,0.12170021481856258,4575
20179,0.4490521665321968,0.14621473859897643,4576
21548,0.4489883140275495,0.03782055047007893,4577
29770,0.4489806382935544,0.029639597042731503,4578
21831,0.4489575952843232,0.00951588843151635,4579
25293,0.44888080221156296,-0.011516374072955526,4580
29828,0.44884853179206596,0.0022066171977865867,4581
23675,0.44882699199290776,0.17609486611123304,4582
24631,0.4487663901884711,0.0449149981975871,4583
23680,0.4487545191904219,0.0063363841367901075,4584
22990,0.44863785214228535,0.026846860890483604,4585
25865,0.44861284301973353,0.016667973027440164,4586
22730,0.44856675139383456,-0.007032327709392994,4587
26318,0.44854158426056606,-0.005344046479140385,4588
22225,0.4484272149764208,0.024154956160048424,4589
24669,0.4483724221482559,0.10344632256566044,4590
29814,0.4483198176800088,0.01533198624161114,4591
27242,0.4483175452226072,0.02952608411602936,4592
29611,0.4483049327397633,0.030051775764839306,4593
22701,0.4482269913295182,0.040060231700932314,4594
28705,0.44815989089151365,0.02074087099728522,4595
22041,0.44811085781266496,0.0412268439945736,4596
22581,0.44808961635585903,0.033373466723917944,4597
29163,0.4480679164898475,-0.0104427181784158,4598
22936,0.44794404392775944,0.04019284052277999,4599
23869,0.44794018378751643,0.017375796631100893,4600
25459,0.4479127231737948,0.016183271358941875,4601
28588,0.447911055142292,0.01778052978803024,4602
26825,0.4478723757225329,0.04288778106005969,4603
24143,0.4478588386933318,0.022943978232794426,4604
28849,0.44785060461477366,0.0026875257916330053,4605
29400,0.44775432418237804,-0.000816935215421255,4606
27902,0.4477376240481043,0.19717492567488104,4607
28552,0.44772051964685106,-0.00753668205547281,4608
23809,0.4477043345518227,0.17316886566145812,4609
26311,0.44763092850388747,0.05299011921575486,4610
25504,0.44759074264556553,0.008994162321798505,4611
28792,0.4475636086550938,0.05908906559671362,4612
23822,0.44747437967184284,-0.002997461642714472,4613
21691,0.4474340262601065,-0.012148555018256568,4614
22105,0.44741360038551853,0.023603132703037377,4615
20710,0.44733085499428527,-0.015992126216734015,4616
26573,0.44731512450968436,0.030413484843195837,4617
22829,0.4472928613762097,0.0032442130919022594,4618
27749,0.44725979710660246,0.01641514708587305,4619
20052,0.4472458044007749,0.050323658838779595,4620
28524,0.4472053413708761,0.010220360735045397,4621
20883,0.44705085902527225,0.007501897075365804,4622
24427,0.44704116141722405,0.01935065368490624,4623
29988,0.4469986154999876,-0.0024025932696508656,4624
21136,0.44699552780916,0.055448320612406565,4625
27570,0.4469476544877238,0.0030830303789068925,4626
25571,0.4469369722978546,0.003572836242262678,4627
24495,0.44693569539817335,0.046385537652811504,4628
26254,0.44690976585052594,-0.005328680348029746,4629
26260,0.4468780304697991,-0.0021481780238609693,4630
26829,0.4468665484778133,0.0076468751223826015,4631
24064,0.4467264194070852,0.008958595976544581,4632
23742,0.44671875682085815,0.004779407944074998,4633
23419,0.4467179253704814,0.028437074043599575,4634
26061,0.4467009523679679,0.07082081142484914,4635
28958,0.44669766896902,-0.0015839732812671925,4636
20923,0.4466877656036939,-0.005772556702661469,4637
22578,0.4466349059113221,0.023675704816350895,4638
20828,0.44658415865215734,-0.014827932403930044,4639
29502,0.44639569875461826,0.013804354966845234,4640
27865,0.44636602197058334,0.05453745708119978,4641
27175,0.44636018908467384,0.045241322868929734,4642
23589,0.4463167071714469,-0.007145587710252477,4643
28245,0.44630969233913065,0.011350407087993064,4644
23225,0.44627437192071195,0.024374630686491816,4645
23500,0.4461235006001905,0.07369141118869049,4646
20403,0.4461050196240259,0.005290648276053023,4647
20667,0.44607737743951403,0.21123572998484252,4648
29710,0.4460290853534513,0.004810544862466848,4649
29972,0.446007080485087,0.013845750014323532,4650
23518,0.4459597225993466,0.03985043124957527,4651
20452,0.4458993956050664,0.014957026320862155,4652
24358,0.44588454923309,0.0665574893325373,4653
20437,0.4458082296372501,0.012153537196632591,4654
28683,0.4457885250011184,0.02380972905898443,4655
29262,0.445742192456934,0.024942024325443846,4656
26263,0.4457151341964388,0.03750700159773074,4657
27157,0.4457019605407921,0.032785945781124426,4658
22392,0.4457007788238374,0.04185734588015061,4659
28331,0.4456321020333678,0.03439409877555605,4660
26208,0.44560111908593125,0.22414541004843871,4661
26077,0.44555718951376727,0.040547509508620794,4662
23880,0.4455508448457107,0.022625531530484133,4663
25964,0.4454319317671057,0.04754163369032649,4664
28964,0.4453894878924666,0.03015216099505308,4665
29713,0.4453867506772068,-0.005621972874100711,4666
24628,0.4453524383361414,-0.014442439573559951,4667
27805,0.4453492137120896,-0.017616116128638615,4668
24127,0.44534173497885043,0.008430163178594963,4669
20814,0.44522439324324137,0.18500452873383394,4670
22841,0.4452224900243013,0.007210278740745868,4671
28461,0.44517957970331423,0.028814008095222166,4672
29288,0.44517485225714354,0.00572983948293071,4673
25423,0.44517151918121617,0.007506236008259559,4674
22624,0.4451596074113556,0.016286436890724343,4675
25798,0.4450959758584654,0.017986294787234014,4676
22669,0.44504979154976815,0.04319151903509444,4677
24219,0.44504699299624667,0.04197817422488248,4678
20880,0.44503884445209557,0.21066941321271335,4679
24084,0.44495244254739125,0.07634049046087871,4680
22441,0.44494578768364,0.02834017664304156,4681
22352,0.4448693417306383,0.21892677836003793,4682
20513,0.44485103505263907,-0.003377056278252466,4683
27038,0.4448002499276765,0.012104654615810062,4684
27255,0.444782066300317,0.21639647734409592,4685
26303,0.4447378092275336,0.03529821845505887,4686
24960,0.44473191392311456,0.006739999461352786,4687
29801,0.44458078336625984,0.07616370461773819,4688
21715,0.44457532370180297,0.046740748932243004,4689
22321,0.44455160547846856,-0.0017769040400489877,4690
29468,0.4445226214334873,0.039219833330404685,4691
28298,0.44451146767158645,0.23840618692847346,4692
27134,0.44450776551458626,0.04159037737028898,4693
22201,0.4444592800261799,0.03378527282883986,4694
22549,0.44425468242742194,-0.0010193243660696627,4695
21371,0.4442284581429101,0.004205380904890477,4696
20698,0.4442274441588112,0.05810335579476805,4697
29293,0.4442035397553902,0.014622075380372968,4698
25412,0.4441921073378331,0.008748216439064704,4699
26277,0.44418248624613,0.0035683592329957547,4700
20822,0.44418200622617465,0.001591894175915265,4701
26732,0.4441215659838872,0.00897229604905464,4702
20313,0.4441133631766428,0.02383251011876142,4703
27008,0.44409143680463714,0.05004259880836964,4704
29273,0.4440674285264821,0.00668538226965304,4705
28153,0.444065004274876,0.025139631440776966,4706
25552,0.4438629755375723,0.007700800703749566,4707
26677,0.4437901144192289,0.03639846978286565,4708
25671,0.4436889614084634,0.010508681161026878,4709
28255,0.443611421557563,0.002595877229062127,4710
25658,0.44352630168722756,0.03234339669266728,4711
27374,0.4434964325333764,-0.007251589010573822,4712
23421,0.44347952005094127,0.028551332149406916,4713
22419,0.44346028712785335,0.0235530573235605,4714
28682,0.4434528853132067,0.008629097265981489,4715
28067,0.44344322253279467,-0.008717002438389243,4716
22625,0.44342612048753105,0.06733576167279315,4717
25676,0.4433877937043395,0.03257712779804561,4718
29916,0.4433241709684079,0.002776413950312251,4719
24423,0.4432809312808954,0.07465273448925208,4720
29348,0.4432618934957741,0.04605192866224461,4721
25561,0.4432616765554806,0.041878169108648666,4722
23083,0.44325866778322914,0.022940367932226813,4723
29147,0.44324487512887367,-0.012582371383918767,4724
24825,0.44323381887060326,0.0015545343033532277,4725
26795,0.4432328567142791,0.026098209496705327,4726
21425,0.4431842451677958,0.008347120923590023,4727
24527,0.4431751680739888,-0.020638463929665285,4728
20406,0.4431668339159302,-0.012926965665505497,4729
24618,0.44314798955502366,0.0,4730
28548,0.44309711715700484,0.04235310187884883,4731
29330,0.44303150056835733,0.029929687546252415,4732
21000,0.4430055775465479,0.014719218443223436,4733
24464,0.4429187960665414,0.03623351233519395,4734
28119,0.442874048006674,-0.007514673672399386,4735
22717,0.442829370759255,0.08221555757787358,4736
29306,0.44266982003736755,0.029613380641919373,4737
22832,0.44260935100747234,0.03169633758093776,4738
21865,0.4425830225824528,0.09798334433424538,4739
22872,0.44257385864014076,0.03630551877952265,4740
22687,0.44257149188139383,0.01260168107335724,4741
24553,0.4425577836057273,-0.0022457930441256435,4742
27099,0.4425176059102336,0.07028144340972503,4743
24328,0.4425097351428543,0.20012896597367014,4744
29120,0.4424519972904014,0.07013693761308387,4745
23847,0.4424485317357323,0.011572829049393829,4746
25626,0.44241186199924226,0.049412949663004024,4747
20847,0.44240854420787484,0.02998684219985026,4748
26895,0.4423980887901013,0.048075065433698605,4749
23451,0.4423802650411326,0.04678829006667967,4750
24068,0.4423685962480828,0.014837486687999779,4751
22021,0.44234401927822947,0.0035162262513147025,4752
24440,0.44234212505607107,-0.005342048109712838,4753
24514,0.4423159257298557,0.007225839716873073,4754
24246,0.44230475990244134,0.03903556885619708,4755
28820,0.4422870429757791,0.04951461690757897,4756
29183,0.44221888917311075,0.11476533891333468,4757
21593,0.44211934919526447,0.06412210664171919,4758
22678,0.4420883209382842,-0.005945711900693484,4759
28953,0.4420340050180046,0.020759517428758922,4760
21700,0.4420216079663717,0.041979723858172335,4761
27792,0.44199185917784106,0.013364960067127452,4762
29975,0.4418892090433577,0.010277130459055539,4763
21106,0.441818675170031,-0.002397116253768816,4764
27447,0.441807448363677,0.01816718090881314,4765
27574,0.4417954002171076,0.03649999017213895,4766
29249,0.4417128297673898,0.08587843874531426,4767
23778,0.44170568843932606,-0.01102161404676233,4768
21424,0.44169254194306673,0.11519728583554756,4769
23321,0.44168982888812797,0.04439686078467947,4770
22083,0.44165663236482955,0.02366694909394984,4771
23318,0.4415786026708054,0.01847719511028606,4772
27416,0.44157228506854407,0.003346812906136032,4773
24398,0.4415547434115379,0.034571591576293415,4774
20833,0.44154114414465556,0.018796211749899372,4775
20472,0.4415130041800606,0.015876509970975394,4776
25683,0.4414856463980643,-0.0008488143372107904,4777
26797,0.4414753747648458,0.010831801669806573,4778
24511,0.44145936747258635,0.026556512165132606,4779
24560,0.4414279187784603,-0.01763758057051107,4780
20259,0.44136220049258773,0.030438133717100135,4781
23485,0.44127511754923626,0.2085014394731985,4782
26336,0.44121365282913566,0.0702127883262173,4783
25205,0.44120099400016793,-0.00415257578719086,4784
26238,0.44118697490796643,-0.01383080762859229,4785
22622,0.44117244509462256,0.016586210003703528,4786
25998,0.4411586484513144,-0.01499339552413681,4787
26516,0.441097185285098,0.031904907271072314,4788
28030,0.4409251385729749,0.00707879982114773,4789
29328,0.4409017922102851,0.06234854589744909,4790
26594,0.4408941827129695,0.05165356180696967,4791
21064,0.44084770688912983,0.004144656224113918,4792
28517,0.44082176898046566,0.03530790256199484,4793
26850,0.44077750770275187,0.029843571291434667,4794
29490,0.44068644544462343,0.04752165009296172,4795
26083,0.440637179418487,0.0006656747102775085,4796
26132,0.4405902005985914,-0.005428264764024526,4797
20110,0.44056729165929165,-0.006812762932981109,4798
26391,0.440547424858108,0.003323298024631438,4799
28468,0.4405287640188979,-0.00992417120371325,4800
25173,0.4404656836393318,0.09598361316071136,4801
25202,0.44045907640753024,0.08466199114425399,4802
25497,0.4404365264938084,0.12522451778505211,4803
20309,0.4402984387287238,0.03981970465368939,4804
29499,0.4402552037167355,0.03509638012833827,4805
29542,0.4402381719899381,0.06266692104079019,4806
22530,0.4401858671626593,0.0179388605959786,4807
23925,0.4401724491070236,0.006469811380373891,4808
29789,0.4401682094131283,0.018122691393799795,4809
27589,0.44013535115446584,-0.005427795422790205,4810
27073,0.4401128928020768,0.04796713791970275,4811
26549,0.4401051928575148,0.00548342024298093,4812
28948,0.44008031377083856,0.006067090842400036,4813
20981,0.44005832748582924,-0.0064179982674527625,4814
24576,0.4399902652718492,0.056319758334525905,4815
20602,0.4399658768580533,0.029350123610953238,4816
26940,0.43992595961213676,0.027726385035242718,4817
29021,0.439902689816616,0.025561523311649237,4818
21228,0.4398720503750586,0.07718186775277774,4819
25880,0.43980737455770313,0.005054402349468745,4820
28124,0.43980146488492833,0.007342991866914339,4821
27328,0.43978343909854095,-0.004821519557873688,4822
25737,0.43976205874890584,0.009283270826045964,4823
23738,0.4397365865530653,-0.011012149283824102,4824
21285,0.4396329992871267,0.02573755387704052,4825
24671,0.439616603856108,0.048577499010211134,4826
20228,0.4395891746995545,0.0046869708478252115,4827
29794,0.43949243508316493,0.0035602324536855856,4828
26113,0.43946334789970765,0.034903378343757896,4829
28405,0.439440909097216,0.021413321486346004,4830
29574,0.43937790527136217,-0.01930791480037447,4831
25264,0.439373034120015,0.025750839516557822,4832
27260,0.439279726323018,0.029843352902159725,4833
28328,0.4392060968921397,0.038663532847638016,4834
21853,0.43908683510611574,0.04211102153764695,4835
26882,0.43896559057113455,-0.0002944280758331308,4836
23981,0.4388656189161073,0.15346996114221234,4837
21014,0.4388503916043849,-0.005080554701359208,4838
23783,0.43880459952153716,0.06025046815358037,4839
27113,0.43879044745673895,0.00479259789033426,4840
27308,0.4387583668167481,-0.007952215734372547,4841
21450,0.4387513485857615,0.00272795765401479,4842
25899,0.43874552254085547,0.011895728739424016,4843
20275,0.4387402724863932,0.039470646473763804,4844
20590,0.43872887143797323,0.1533591720766741,4845
22117,0.438717777897478,0.22111850872989275,4846
20502,0.43867638412415344,-0.001546499094981224,4847
21099,0.43861349379705583,-0.0023934657319761854,4848
20523,0.43853163764633235,0.22062011045391677,4849
23171,0.4385181199899002,-0.014954163489293515,4850
27302,0.4385026507190816,0.05767217552416587,4851
26026,0.43848472164357943,0.005396594658463039,4852
20349,0.43846719137106493,-0.002393294330088447,4853
24832,0.4384653753418128,0.0012270657009469943,4854
26274,0.438465204094061,0.056258390467882446,4855
22483,0.43840496459207,0.003801961230342543,4856
26442,0.4383192526846816,0.03734880385297312,4857
23609,0.4383025414094656,0.013365320329790098,4858
27938,0.438286872535556,0.03658407098137839,4859
25614,0.43825664342900034,0.019146442649334128,4860
29466,0.4382470361701939,0.0238021873811764,4861
23553,0.43824465112833,0.025474445094036458,4862
22285,0.43820325227615,0.04438110941180812,4863
22443,0.43818582130151307,-0.004324663586724953,4864
28961,0.4381487354738522,0.015470061478009112,4865
22454,0.4381291837206727,0.019947965440076765,4866
24239,0.4380525634370426,0.025112160742981227,4867
24119,0.437949088488816,0.01447603004772996,4868
21662,0.4379325936439177,-0.002392664474979711,4869
23637,0.43786171251340206,0.04641975586482111,4870
22907,0.4378590861305489,0.001273543378919051,4871
28250,0.4376868224330355,-0.01192075214995636,4872
26891,0.43768029737127495,0.02017054065998869,4873
29824,0.43763337318919476,0.0067788615908549454,4874
20225,0.4376155502213539,0.016018181138577336,4875
24247,0.4376118922980612,0.0019735927510215467,4876
24645,0.437537181812174,0.03209191009044143,4877
27658,0.43737311305253607,0.016796565899521,4878
22758,0.4373075729622599,0.0040826674664548035,4879
21379,0.43728788503249794,0.013717905642616157,4880
23333,0.4371816405989157,0.24118285080389035,4881
25790,0.4369843189570608,0.04860932564121784,4882
27799,0.4369607488978506,0.05163032569808468,4883
23661,0.4369269851182681,0.018837217093255365,4884
26957,0.4369223929257413,0.06446218412555571,4885
21375,0.43676168367183016,0.046204421397261275,4886
28875,0.4366509920767724,-0.006995813244829618,4887
22713,0.43661370253068055,0.008357904119593085,4888
24451,0.4365413297521559,0.033496460965767805,4889
27381,0.4364949004719984,0.05050831639264458,4890
28098,0.43648952037238864,0.05182308522210788,4891
21337,0.4364497283179611,0.011690828388672247,4892
28890,0.4363669549425548,0.016777520203035134,4893
25343,0.4363110760925867,0.028171577193020325,4894
24269,0.4362433771470976,0.053650404479658964,4895
28416,0.43623122423545757,0.046909284934823936,4896
27731,0.43620600143196764,0.0013548863026449087,4897
29612,0.4360807651341299,-0.00783898072291872,4898
26547,0.43606589105561516,0.0208943460644056,4899
22860,0.4360380572628937,0.006892811060588866,4900
22231,0.4359751230805195,-0.003470303451258483,4901
26751,0.43596822766218113,0.052005676870043926,4902
29687,0.43593064395236847,0.04940284839666664,4903
23943,0.43591864852771245,0.021389375267415467,4904
21654,0.4359160846156643,0.00957117341546454,4905
20911,0.43589287832100226,0.0045139691236268376,4906
28217,0.4357487135436515,0.04421431035269702,4907
23616,0.43557571905275244,0.22261568463454673,4908
26341,0.4355498066988759,0.015220527563677477,4909
27613,0.435508931460343,0.006465811182161052,4910
23486,0.43548719280494347,0.14207162872881796,4911
29318,0.4354611411000618,0.050414396095604386,4912
20101,0.43541384741507455,0.03163712431092858,4913
20819,0.4354084582295963,0.044925087307180145,4914
29932,0.4353157759360551,0.015440042461227488,4915
20283,0.43528923735516534,0.06250041136292789,4916
28762,0.4352426628096024,0.14146366601508814,4917
26289,0.4352275612839403,0.13550774062899734,4918
23463,0.43517559918103593,-0.007603219746143197,4919
23062,0.4351626559346716,0.06556312216448906,4920
27216,0.4350949478201167,0.07360842470174833,4921
21023,0.4350769231313015,0.054517486415999517,4922
21359,0.4350368220768643,0.03608062878791801,4923
21638,0.4350278767975583,0.03376819633175038,4924
25927,0.43502305731911944,0.03159270148350457,4925
29065,0.43500992886825407,0.007856915558050459,4926
21772,0.43484119533091065,0.056218490154444245,4927
25729,0.43472147797531463,0.019942957528652272,4928
28677,0.4346448557332058,-0.007387981060068105,4929
22495,0.4345914825834673,0.04055199041342861,4930
21628,0.4345757982249522,-0.004283612242331869,4931
25226,0.4345459243133947,0.009854230987248802,4932
21923,0.4345050915713085,0.03164591392395483,4933
27645,0.4345024923129275,0.029502709990662512,4934
28325,0.4344817724144927,0.013155197774979699,4935
20449,0.4344805391189741,0.03538655777765043,4936
23402,0.43444562569360673,0.05600451703043624,4937
26051,0.43443347734158055,0.09818322435590682,4938
26944,0.43442530434241117,0.05347113736393316,4939
22767,0.43441336899108607,0.08519832729442833,4940
29425,0.43433641497267234,0.044361263666418904,4941
25773,0.4343239180464757,0.06118436455565929,4942
29575,0.43430531051428384,0.03859705520075185,4943
24379,0.43429641126225316,0.02654296413898638,4944
27251,0.4342043959462925,0.032691097734671826,4945
26265,0.4341946622069982,0.023458277499428748,4946
21746,0.434194435896009,0.02135295818253863,4947
27617,0.43417234784346115,0.03914990182928946,4948
27021,0.4341497088516144,0.0065491264927889925,4949
23224,0.4341275414839528,0.0226278242943726,4950
25706,0.434098008908712,0.04885318338453443,4951
25668,0.4339057887726491,0.0248012078129628,4952
26864,0.4336658548307813,-0.004909206656245058,4953
28391,0.4335825451165519,0.011885764050917014,4954
29081,0.43336552030645314,0.008339203040537646,4955
26645,0.4333301185137907,-0.018287626993203965,4956
28134,0.4333170498603203,0.04216203047140582,4957
26503,0.4332984669345244,0.01599455032801772,4958
20424,0.4332964394957681,0.23196487002235044,4959
22377,0.43326155565851815,0.11796145429848426,4960
25002,0.433075067060163,0.027432348689325647,4961
29956,0.4330337709910002,0.03381769187669975,4962
23368,0.43302716051570034,0.17554238795718569,4963
24058,0.43298603176883554,0.008318510353778341,4964
20409,0.4328976099855195,0.06168362811202144,4965
22971,0.4328362266213605,0.02899635815008489,4966
23363,0.43273942404226795,0.074032761619658,4967
23539,0.43271649113045607,0.028395784155309522,4968
29914,0.43269966695508916,0.0382219902836613,4969
27129,0.43257991146922564,0.020645266852740707,4970
27624,0.4325323862447951,0.22193223824466637,4971
28823,0.4324085195944025,0.00878540082588547,4972
20200,0.4323816009791688,0.04615122290231538,4973
26029,0.43235705596793594,0.003163897753128253,4974
29856,0.4323305200714616,0.07843430866915557,4975
24572,0.43227912618438086,0.023483747344423045,4976
20230,0.4322401959985577,0.17672699090853017,4977
26974,0.4322297303064885,0.020627985996617693,4978
26142,0.43219143074560373,0.0032421910283816913,4979
20942,0.4321822043724539,-0.004548947408503756,4980
20839,0.4321696332351924,-0.003781372084296797,4981
27966,0.4321333715041256,-0.009584158783121355,4982
20066,0.4321294089400568,0.010654426703688824,4983
24093,0.43211484385824506,0.04621415738689705,4984
20188,0.43197516920735024,0.011302872525739138,4985
23036,0.4319501361338833,0.12657784350182882,4986
20531,0.43188867223538696,-0.002385156652992493,4987
24785,0.4318843906806678,0.02415681732332403,4988
25517,0.43185743951673883,0.0018063579854435963,4989
22945,0.43184625072510746,0.02247423641301738,4990
24978,0.431803400513655,0.010967555821600694,4991
27705,0.431731872409227,3.548986206847182e-05,4992
24600,0.4316869013060617,0.021240364300635806,4993
24558,0.43163393387449156,0.05974926869977759,4994
28408,0.43161976902002736,-0.03132169584787975,4995
27756,0.43159736823607625,0.03488815636704223,4996
24030,0.4315293871876373,0.03916204383865618,4997
27231,0.4314709895216272,0.09320528973553377,4998
20749,0.4313616556657556,0.006679427736853039,4999
25160,0.4313462865115534,0.02777793701324416,5000
21999,0.43132989872612576,0.03339341513445199,5001
23180,0.43124312444885854,0.014366249854005753,5002
20457,0.4312177327728508,0.04548068398118221,5003
26483,0.43121409212127176,-0.0023842745702744583,5004
23259,0.43119596704661933,0.028697254902997682,5005
26485,0.43119417747323946,0.01302207032914754,5006
28318,0.4311261357345213,0.028117634260621027,5007
24949,0.4311240441490125,0.2085019914200418,5008
21737,0.4310480503976566,0.005185992248377624,5009
22439,0.43103147301177186,0.03441362628723893,5010
20477,0.4310135763319789,0.009246961540760767,5011
23117,0.43094860382898537,0.010447425851200953,5012
23639,0.4309320543487378,0.0042953093092328865,5013
21529,0.43089960665871946,0.03923728249444952,5014
28603,0.43083898179109537,0.003543572308507603,5015
22208,0.43077860349042585,0.05477243689850053,5016
27037,0.43065032223052546,0.01438573183327052,5017
20540,0.4305784622193644,0.002540401859864483,5018
20515,0.4305371136638039,0.08882831382435719,5019
23056,0.4303720086748045,0.21007616990361405,5020
20238,0.4303507989860863,0.03793665349655029,5021
21873,0.43031004105391035,0.01983602709441612,5022
28952,0.4302630169139875,0.02764425745144683,5023
25534,0.4302507356568306,0.02960634394692474,5024
25847,0.4302464916040186,0.040985627539024905,5025
21876,0.43023454657845506,0.0043530092968634415,5026
25076,0.43016413656980457,0.005109450260776971,5027
24425,0.43012555215072107,0.20015974641852702,5028
29297,0.43006695283629937,0.02144194025576629,5029
28383,0.4299833900867036,0.1944525368767626,5030
21522,0.42994783059191,0.11195978605875007,5031
24833,0.4299425852980763,0.12037782220550819,5032
29969,0.42988622126946807,0.001437359349569567,5033
22925,0.42987403886322956,0.03713277342476812,5034
24327,0.42983042799978977,0.003306950847795642,5035
20891,0.42982844195770825,0.07554454216596501,5036
21702,0.42982349115398283,0.017550469543448022,5037
20713,0.4298150636468438,-0.006554879358204702,5038
24858,0.4297794511877376,0.04453033788599037,5039
29088,0.4297473572386145,0.02763946223903868,5040
25770,0.4297323899623361,0.01738849268273457,5041
28969,0.429697088278593,0.0473986494308134,5042
20853,0.42967820551429176,0.0534049559896736,5043
21422,0.4296570768436066,0.013969559276836518,5044
22647,0.42963150598249306,-0.007065262805396988,5045
24935,0.4294750656027356,0.0022843517283739345,5046
21556,0.42947032549178676,0.0586291500201373,5047
23271,0.42944575161660975,0.024410891363540188,5048
27761,0.42938772511522283,-0.031044595318590773,5049
20404,0.4293678279535378,0.021916009467660535,5050
25945,0.42929379114643046,-0.0032082285678261546,5051
24236,0.42922848915477524,0.016692272266979002,5052
28406,0.42922677451107916,0.1895221229878915,5053
26811,0.42920882859532805,0.0020732333696790173,5054
24970,0.4291962621092561,0.016615034134692175,5055
27663,0.42918486560487973,0.0034241917503711194,5056
22621,0.42913792875536433,0.03477619599202797,5057
22033,0.4291184932550713,0.019516315477932478,5058
26854,0.4291180901913454,0.007789459494974393,5059
28319,0.4291163882648841,0.006882409534168021,5060
21734,0.4290719122499985,0.04716838233957338,5061
28311,0.42904880784835864,0.07567381465667061,5062
28154,0.4289635486776444,0.019002736271376997,5063
28740,0.4289018649561838,0.0006084697479824541,5064
28550,0.42875553664887206,0.027815809244196577,5065
20232,0.4287084100344682,0.07639095863626849,5066
20547,0.42866954671717866,0.01892275870704324,5067
28975,0.4285333825873532,-0.006120151206974844,5068
27497,0.42849842461489074,0.03591324479769603,5069
29923,0.42847439249453784,0.07153667731536162,5070
27838,0.4284666241523426,0.09222239297035723,5071
21725,0.4284064318163838,0.033394072495905425,5072
22944,0.42839009682131063,-0.00736675277436899,5073
24279,0.42834569412987994,0.016999889379153588,5074
24284,0.42829332651998325,-0.0023803531505334208,5075
23239,0.4282027603326816,0.054586121257916786,5076
28282,0.4281826702516457,0.027597194507515577,5077
22102,0.42805078822063136,0.18977690259386357,5078
28945,0.4279583768689944,0.05974747027167693,5079
22586,0.42791642354209314,0.20916189537033877,5080
27317,0.42791155159506294,0.017781975185598098,5081
25395,0.4278835088258252,0.055178394772069594,5082
25238,0.4277823051280885,0.05694930698315631,5083
22217,0.42777559810123533,0.013101037466171972,5084
23037,0.4277611739148146,0.01385330332557555,5085
26736,0.42775556083567545,-0.002443058315717228,5086
25261,0.42772642825164303,0.030380415783698433,5087
28666,0.4277202278261125,0.028438579641536066,5088
25279,0.4276803494826825,0.03720765973104817,5089
24374,0.42767935842110705,0.03405285265349417,5090
29552,0.4275826340301993,-0.026433237942460386,5091
24252,0.42757247057069264,0.00092332538534734,5092
27649,0.4275100933293746,0.0297522513631997,5093
28631,0.4274173942486178,0.021487176053863133,5094
22030,0.4274089530558666,0.07996008867660809,5095
20209,0.4273074089491497,-0.0005717850486884335,5096
21875,0.42720005873014166,0.007733295867075718,5097
20973,0.42716717199383925,-0.0126608716550477,5098
25874,0.4271102784084567,0.01311791300281917,5099
22232,0.4270930751411721,0.21727283783050227,5100
21704,0.42706967273765123,0.01776870981596196,5101
29588,0.4270590689422312,0.027635883294299834,5102
28210,0.4270371733073483,0.046561326033595474,5103
22765,0.42702793749722884,0.013645630734433423,5104
29376,0.4270187579558597,-0.021517042888682947,5105
23857,0.42693923266974293,0.0013162689395347371,5106
25310,0.4269247608048998,0.006501357023711907,5107
24973,0.4269032603340564,0.012494233834981217,5108
21757,0.4268944870279521,-0.0035847835527170746,5109
27940,0.42684657237164697,0.002600517979840955,5110
27229,0.4268401846710511,0.21884059055354438,5111
26603,0.42683172512295614,0.012737553364902232,5112
29032,0.4267900083919002,0.15240145217323714,5113
23858,0.4267865239520809,0.2044805778512078,5114
29979,0.4267533650431064,0.022761875934606712,5115
25131,0.4266824279722799,0.05447249356863415,5116
29014,0.42651253769714514,0.1844278290656715,5117
27237,0.4264771268659896,0.13373755907289375,5118
26512,0.42642171558160147,0.029096881576281652,5119
24555,0.42639619195084383,0.007569191674340003,5120
26246,0.4263380796464811,0.03312242368214041,5121
25203,0.42623328170266017,-0.005059138789565321,5122
24168,0.4261698380262866,0.022812627176973743,5123
26085,0.426156596558573,0.0271714063615765,5124
26916,0.42614703409086874,0.026637683608418894,5125
29913,0.42612888363590384,0.0037891230201355097,5126
26664,0.4260863209988199,0.0193705278538997,5127
25584,0.4260810581053786,0.03036931298867157,5128
28718,0.426027866194864,0.02179846867513674,5129
26945,0.42599483616391615,0.08438920942505396,5130
29677,0.4259808867264175,0.20881049954969394,5131
27781,0.42596725510920186,0.045347041153235124,5132
26858,0.42596346410031,0.11024741495244095,5133
22627,0.4259329802787158,0.04506271539054385,5134
25148,0.4258084310013349,0.03073570780352841,5135
24408,0.4257764284598936,0.012724736657600821,5136
27632,0.425771208861908,0.033122579214030445,5137
26682,0.42572679804126257,0.005261644064328608,5138
20168,0.42566422637851525,0.038531003773982664,5139
27945,0.4256577774949976,0.028673698232366374,5140
26432,0.425614736922266,0.0752803732030024,5141
25233,0.4255423949284215,0.04568694780614391,5142
23586,0.425538159698454,0.15845786585652227,5143
28575,0.4254865415110092,0.033411112475151605,5144
23957,0.42542864302841527,0.0028051150991115215,5145
22301,0.4254281453570852,0.12788223912729946,5146
24735,0.4252862245173316,0.025765322618247877,5147
27388,0.4252763062944211,0.03157759807504695,5148
23139,0.42523533390145285,0.016297397839094452,5149
20527,0.42520345738216603,0.05128928927665566,5150
26543,0.4251394514679302,0.039901253321127816,5151
23215,0.4251334466765537,0.03408391847829961,5152
20004,0.4251290242882486,0.0057530894145375044,5153
21954,0.42511143625861064,-0.00028821275754870035,5154
25201,0.42507039333409824,0.11565886647987533,5155
25098,0.42491363757809925,0.015513993990785846,5156
29818,0.4249026823203609,-0.0008256233430620208,5157
29607,0.4248276560062842,0.04727554352498986,5158
25195,0.4247509256513606,0.016716107962753635,5159
25384,0.4246963254665036,0.0014062843689361948,5160
24261,0.42462448250542245,0.005584724621769344,5161
21259,0.42460104265226517,-0.005725148918952261,5162
29795,0.4245785242881539,0.010438185589859206,5163
21970,0.42456238892297643,-0.01053289480554609,5164
20317,0.4245606556526441,0.10003478444269304,5165
29974,0.4245517917893701,0.03899253629185878,5166
28886,0.4245027312277029,-0.004765949164712957,5167
21453,0.42439925291588915,0.024078659495950727,5168
28361,0.4243989695275462,0.012777022875329946,5169
26181,0.4243664604899492,0.022480385216528065,5170
23073,0.42427870900080944,0.01867186617085881,5171
22376,0.42426996813975637,0.006246082826933896,5172
24746,0.4242505865981538,0.022478531234233323,5173
28000,0.4242325699067142,0.044793177072869894,5174
24141,0.42422162458984514,0.019254988908054937,5175
20471,0.4242056606568626,0.0026082670741512937,5176
24051,0.4241511131079673,0.05574217222978184,5177
28780,0.4240828443586996,0.030560163998032686,5178
21526,0.42403750318887184,0.07854652479198126,5179
29142,0.4240187251757781,-0.0034173713877271306,5180
25902,0.42394412611548893,0.04873098194545428,5181
23633,0.42393767500601137,0.01821645212747325,5182
24434,0.4239159911124612,-0.0053140980556203865,5183
27760,0.4238156875811264,-0.0014451715718766245,5184
20932,0.423807927467032,0.04143532745576317,5185
27573,0.4237914815818451,0.06787773826344268,5186
21406,0.42372622838349583,0.08583985533134642,5187
20906,0.423705668440864,0.04297565421906102,5188
25210,0.42363205721479763,-0.0011085933093981093,5189
22138,0.4236122346258308,-0.009457147442994918,5190
26987,0.4235342679000745,0.03613486833300361,5191
22207,0.42350803834447714,0.049707516286214115,5192
25237,0.4234110666033373,0.21051656010805866,5193
26710,0.4233794039764357,0.022638598436065693,5194
28262,0.42333033564046507,0.04064567108780226,5195
26108,0.4232697689866586,0.058172496210528,5196
29179,0.4232666553031484,0.01649528972846004,5197
25191,0.42322117508269536,0.001566072621385306,5198
24006,0.42299062415120836,0.0569193966702734,5199
26399,0.4229496850472928,0.04541009300987453,5200
27863,0.4229455099439598,0.01995143854599929,5201
28418,0.4229231352828673,0.02834762627183013,5202
26036,0.42285688069809246,0.0071203090696060345,5203
22724,0.42279973865890363,-0.004000922594017409,5204
29274,0.4227996807800305,0.024240562283880385,5205
26902,0.4227756131646173,0.046158052360490365,5206
20963,0.42276421950304094,0.03691741690134742,5207
22143,0.42273962020884187,0.0012813572772575332,5208
26410,0.42268784258050407,-0.001439320677546152,5209
26357,0.42268667837073626,-0.03788760534422647,5210
22964,0.4226631510280942,0.05223040884426905,5211
29396,0.4226350168262478,0.015463827493595816,5212
24680,0.42262837659498564,-0.009372760377400702,5213
26965,0.4226247136455237,0.03221320010947337,5214
22715,0.4225849740744729,0.011670512327369265,5215
28130,0.42256194488363547,0.031518301708807595,5216
20508,0.42255305478081673,0.007881967784465371,5217
21900,0.42253543871990357,0.07230193832802606,5218
28061,0.42250000078911826,0.006939963344118727,5219
25722,0.4224972701550906,0.004748136022863669,5220
25431,0.4224721527626811,-0.017406647988430557,5221
22435,0.4223753712149134,0.03385740025899059,5222
29616,0.42229599456693684,0.13711839996492697,5223
23106,0.4222117731993467,0.030033647447007206,5224
23294,0.4221701780305719,0.028560236098929603,5225
22897,0.42216629674759093,-0.030740460668776226,5226
24577,0.4221423036892695,-0.015863165554006797,5227
28989,0.4221404733406788,0.10005526990661912,5228
25300,0.4220929242353628,-0.012855709257983405,5229
28082,0.42208183753670625,0.029172922387566302,5230
24171,0.42206729056433384,0.16778889319884832,5231
24080,0.42201289897278227,0.0021751847444794747,5232
26784,0.42199056541995156,0.00014511879003409334,5233
23122,0.4218422628067346,0.024923790748358987,5234
21897,0.42184196954783865,0.006999761283620509,5235
27435,0.42181824532964385,0.020166830325084317,5236
26604,0.4218134157969224,0.006999627422678123,5237
27982,0.42178264015952643,0.2326191196195086,5238
23520,0.42170885174029177,0.0025265947025470137,5239
23206,0.4216643958042835,0.021281000054242438,5240
22314,0.421643715820729,0.03015907983832672,5241
25608,0.42163705130142987,-0.002872053620512127,5242
20340,0.42160404523363654,0.046664757067432616,5243
20104,0.42158440686160226,0.004692481591832942,5244
20620,0.4215448079192237,0.1692178134760347,5245
28453,0.4215359462651701,0.01242233327176212,5246
27149,0.4215199950951833,0.11410288364752524,5247
29068,0.42146376709210337,0.031519199093702044,5248
21588,0.4213344665384743,0.031315477764864874,5249
25372,0.4213265306435869,0.021599337979028854,5250
25184,0.42129716046358345,0.02078041744885384,5251
28570,0.42126547890435456,0.006526629800129136,5252
24633,0.4212511102295609,0.015315038543538884,5253
24362,0.42123879623124183,0.03659368634862775,5254
28696,0.42121680014132734,0.02997349251526049,5255
24815,0.42121463419097815,0.015488208295412809,5256
28924,0.42118062759830793,0.04134778970262243,5257
28695,0.42113108832650026,0.09048098782014952,5258
28949,0.4210610549299715,0.18428068967159414,5259
21560,0.42097057511344993,0.009953655604306444,5260
22010,0.420933919972837,0.11391409270333924,5261
21887,0.42093076017915954,0.019697196540216177,5262
28844,0.4209244220901796,-0.007541320116052297,5263
27593,0.42090650254609685,-0.0014940522325412875,5264
20678,0.42085320832757167,0.006219703549336486,5265
29671,0.4208342834802972,0.028069580024893848,5266
28859,0.42081918097607074,-0.004146572525946024,5267
23228,0.42075341496532026,0.025402147850714096,5268
24994,0.4206463253857906,0.060872831285854745,5269
25496,0.4206109796276302,0.0038944302481230264,5270
22496,0.4206069503366079,0.009187462739253416,5271
25492,0.42054864515450746,0.008228613483881764,5272
22900,0.42050367663555865,0.015617931734972834,5273
27450,0.4205021323890144,0.01450810088554727,5274
22324,0.42044516113496705,-0.0013258007708536468,5275
25892,0.4204107442104408,0.022151706503563573,5276
22093,0.42040468398058645,0.0104283665351661,5277
22599,0.42037204970307296,0.006843752706177431,5278
22167,0.42031036968659824,-0.015579089002467739,5279
20879,0.42030598588095086,0.04815791128923547,5280
21553,0.4202917316292691,0.019693768375837417,5281
21298,0.42026230171028406,0.07387200604894395,5282
25056,0.4201900911348378,0.007580046862100398,5283
27101,0.4201710694138928,0.002144699521990978,5284
26124,0.4201520674277963,0.03338733043499187,5285
28712,0.42000809213155466,0.010340625124282965,5286
20754,0.420007336297557,0.07579936662912623,5287
23719,0.4200060212510221,0.05569464354159975,5288
22351,0.41998210955343007,0.006398562030528077,5289
27432,0.41989178729700183,0.0008452220222465723,5290
25765,0.41987938268946967,0.05163479923786268,5291
27369,0.4198756327596876,0.0014284550480156977,5292
22744,0.4198693496332761,0.007840398536070659,5293
28115,0.4198637217188198,0.023640601082327017,5294
25043,0.4198469221719331,0.04130248665956299,5295
26519,0.4197965311717092,0.032905111471599024,5296
23555,0.4197786295767738,-0.013739163584721159,5297
26257,0.41975889580957393,0.011759734269277067,5298
22611,0.41975136794538564,0.0038896539713109135,5299
21070,0.41965228954854866,0.015774418270304347,5300
27730,0.41961977934632827,0.07354994771985124,5301
20234,0.41958599292860393,0.22783285134220685,5302
24868,0.4195502346063554,0.04811490251626793,5303
21210,0.4195482259335157,0.012026805585337585,5304
21067,0.41952767804616675,0.00999934744730846,5305
22065,0.41951336193080696,0.01521284413564078,5306
22991,0.4194591046383194,0.015073322501930386,5307
26065,0.4194463104600214,0.1462885198821237,5308
20946,0.4193767114635876,0.03818211039005648,5309
24841,0.41927662896357704,0.09452050083143382,5310
26893,0.4191992567977595,-0.01157801118421714,5311
26867,0.419178613527474,0.032061735361843424,5312
21367,0.41915629607744526,0.029640648712003448,5313
28074,0.41906628907366056,0.020208595577965893,5314
25884,0.4190536406142182,0.04013481362109628,5315
22937,0.4190457277401577,0.032211761375636694,5316
26508,0.4189938792380122,0.015706038655470322,5317
24128,0.4189023990357135,0.013178513927229907,5318
25648,0.41888012439990524,0.07844249907284817,5319
21094,0.41886562225477336,0.04404139588627193,5320
20869,0.41868406915528983,0.0008116846212719575,5321
25959,0.4186616594486071,0.005385403529727828,5322
22150,0.4186064346924353,0.0421012620948073,5323
24479,0.41858265151427043,0.050126525591079385,5324
26172,0.4185234982530562,0.02008540532547637,5325
28765,0.41852099205938825,0.20489696427076892,5326
25878,0.4183981366078125,0.03198686761997571,5327
26655,0.4183711608609213,0.01603126310023556,5328
24218,0.4183245610354467,0.02092150264100101,5329
28432,0.4182939315958392,0.006905759099697706,5330
23026,0.4182701455328185,0.02455855931836537,5331
27843,0.41826399004569703,0.003896807517494605,5332
23111,0.41823048598649604,0.0413725476578079,5333
21546,0.4181354364751409,0.01072036315805569,5334
28621,0.41812390712924435,0.20946998145572732,5335
29831,0.41811629791053007,0.0053993116553909815,5336
28231,0.41808690977773105,0.036510062684317945,5337
28478,0.41807391342520916,0.02402184136699992,5338
25613,0.41806642900884905,0.022401556858571647,5339
25144,0.41804670501268093,0.007254603883699862,5340
24670,0.4180187670214466,0.024620911496907316,5341
29982,0.4179972248140551,0.046015369316994736,5342
24010,0.41798844816663816,0.009281951312082148,5343
29394,0.4179883230655652,0.06795494603457175,5344
28039,0.4179805334914928,0.15921935313890517,5345
21387,0.4179793553933911,0.005372383489037735,5346
23272,0.4179793398110518,0.0026639427031329155,5347
22853,0.4179655234389332,0.037761359296539565,5348
28813,0.41783789655857095,0.031024024251356974,5349
21249,0.4178369614826542,0.000895314252533641,5350
26204,0.417832584823917,0.03591011713052328,5351
21596,0.4178240362584786,0.16663661414370534,5352
23265,0.4176913676294012,0.21721245588990581,5353
22881,0.4176411708991483,0.031246150807143158,5354
29220,0.41758633537538264,0.035333852362204154,5355
28257,0.4175802132035515,0.0529481402688613,5356
23765,0.4175681241799452,0.15616962512610494,5357
29693,0.4175305016133027,-0.004975917964787191,5358
27537,0.4173739572666679,0.013372301680807164,5359
24776,0.4173175688585262,0.008086323001229079,5360
23517,0.41726716414973786,0.005856107837825475,5361
27935,0.41725384153131295,0.08134611035151429,5362
23348,0.41723226067640246,0.0008409772470185373,5363
29941,0.41717001156835104,-0.009295644002216774,5364
28348,0.4171698304922476,0.011762115925877337,5365
26806,0.4171445663547541,-0.002363857742801956,5366
25341,0.41711535239422287,-0.009699699055237376,5367
26490,0.4170161614155714,0.025259278142507224,5368
20346,0.416901516546663,0.04856736924398991,5369
20135,0.41681684779597955,-0.003325300621377758,5370
25723,0.4167703625243863,0.009041685515823017,5371
21835,0.416759475274654,0.03573842490704615,5372
21657,0.41674577424451537,0.05641494237757089,5373
24387,0.41674304706588344,0.025324106188165108,5374
20719,0.4167163322171672,0.004015369858699491,5375
26419,0.4165309842437544,0.1131827292809891,5376
28737,0.41652306344063134,0.02964339880704797,5377
25854,0.41650982745858434,0.014476001267776428,5378
24921,0.4164782250845179,0.025018969793839274,5379
22322,0.4164534250233297,0.08137132679549036,5380
28078,0.41643828369383373,-0.010347906229997816,5381
24070,0.41629005634375776,-0.01591251924035819,5382
23218,0.41625134916322765,0.011851536321859757,5383
28390,0.41622379583571234,0.02306243715194689,5384
21506,0.41621995386809546,0.18597755147728343,5385
22543,0.41620266626975194,-0.0005031982603432295,5386
22803,0.4161944472411207,0.011934255871264787,5387
21320,0.4161772939085461,0.025559136211529887,5388
27311,0.4161429998525629,0.021656601130883524,5389
28302,0.41611884133656674,0.024419953253306204,5390
25898,0.4160787460932475,0.012260829738472478,5391
29494,0.41601724356027836,0.018493185296518166,5392
24299,0.41600249102498765,0.028910369375634182,5393
25969,0.41598343323674136,0.023258868644115582,5394
29308,0.41596988239123617,0.014570183836496331,5395
26720,0.4159625079906372,-0.01684964841495923,5396
27987,0.4159605763119388,0.0714365946644317,5397
29699,0.4159406776674442,0.06582166641098441,5398
28612,0.4158859641315218,0.19409344845335008,5399
20543,0.4158335593739283,0.01263623311495965,5400
24061,0.41582999913268587,-0.004876048785948939,5401
28376,0.41581706495041093,-0.008476256074964661,5402
27287,0.415748211074978,0.03322591626664412,5403
28660,0.4157309372188257,0.007556234674782336,5404
21412,0.41562839318112127,0.017231864874283243,5405
26860,0.4155914478379972,0.04822804474527498,5406
27706,0.4155352137579879,0.14012154658426668,5407
24952,0.41553095614045077,0.01971238550487725,5408
21363,0.41546588632895864,0.0033823959392970115,5409
25647,0.41546207101649446,0.053584109776197875,5410
22174,0.4153932678669663,-0.015741044549321737,5411
23812,0.415363053211515,0.042302085655887445,5412
28345,0.4153116833487604,0.08148758441844017,5413
24892,0.41528788390163923,0.016262186217787578,5414
20251,0.41514420379195766,-0.002360641947783626,5415
20377,0.4151119118325893,0.04236693116214579,5416
24287,0.415081163046445,0.1605191417465482,5417
28543,0.4149996391487551,-0.003386165965065746,5418
29595,0.41491761008529243,0.10557701661674063,5419
25822,0.4149140150269475,0.007565557640139942,5420
21417,0.414899957852766,0.06244240743449059,5421
22996,0.4148339289356706,0.015949331193753025,5422
25350,0.4148259209433358,-0.004664452668258101,5423
26678,0.41480183375438856,-0.0027599601631637105,5424
28218,0.4147933958211408,0.20050971800603654,5425
21265,0.4146793488870501,0.04580702932740621,5426
22957,0.4146660449392201,0.00310328129224402,5427
23501,0.414664249562672,0.020982995392745396,5428
22444,0.4146486256473974,0.05461525062968503,5429
29459,0.4146392242900763,0.03350663025983602,5430
25920,0.4145333719223539,0.05896765801714282,5431
23209,0.4145121573061908,-0.005062139178597047,5432
23450,0.4144888526172988,0.030592059141252126,5433
26342,0.4143869769701288,0.020166095681727503,5434
25174,0.4143689481583362,0.00016309755538024273,5435
22169,0.414312970747657,-0.013516043336820827,5436
29197,0.4143076665576979,0.05680483024607108,5437
28707,0.41430296523282156,0.025639378820837777,5438
22509,0.41422116532864356,0.023257059638586375,5439
26530,0.41414036234957224,-0.022429417553234632,5440
23636,0.41404077790640015,0.056930367063666276,5441
24194,0.4139838963777758,0.027934777951176715,5442
28562,0.4139629462955845,0.047786888679704764,5443
27295,0.41395071236905856,0.024982646625452576,5444
23640,0.4139135106838575,0.12973675007515245,5445
22824,0.4138404899857389,0.05478951189632114,5446
27673,0.4138220665494748,0.009415425487085682,5447
26641,0.4137770020704312,0.01879906087285549,5448
26985,0.4137492975109636,0.05212032370100328,5449
23015,0.41372488083946035,0.08482329888033768,5450
26514,0.4137000104098479,0.18276556682560138,5451
27062,0.4136461265026493,0.008063997810336287,5452
22515,0.41361019662985105,0.013102147688146881,5453
29790,0.41356126104262586,0.00905498088099993,5454
24849,0.41348533668294274,0.04164349886594054,5455
22106,0.4134792531530421,0.0318417456634566,5456
26631,0.41346496006034955,-0.0010853909375810322,5457
22397,0.4134356540792663,0.14571476129730637,5458
26813,0.41336038654257257,0.048774306530239675,5459
24392,0.4133109094062253,0.05437528443779749,5460
25123,0.4132880070459792,0.03675470778101442,5461
26983,0.41326529566082637,0.00813211820855192,5462
26832,0.41326518529351924,0.023380771684615442,5463
27776,0.41323773329433827,0.024612107207276135,5464
28939,0.41323266682458065,0.007017077171089181,5465
21182,0.4131873178988044,0.0265579371326507,5466
23418,0.4130627090009378,0.026453436074010128,5467
27549,0.4130552199669684,0.05647011711315292,5468
25625,0.4129852759396187,0.0024328378379500637,5469
20495,0.41296246794979313,-0.018445242599568923,5470
24225,0.4129249593203084,-0.012807627923006881,5471
24149,0.41286816374096813,-0.0017103910407102463,5472
26167,0.4128300506454881,0.0410545520592277,5473
23983,0.4127902499243083,0.02213760073569676,5474
27278,0.41276550849492555,0.03004241770049243,5475
22176,0.41274531662472486,0.00792896020813083,5476
26716,0.4127353177395974,0.01899782981472492,5477
23087,0.41270708360495345,0.09802034336638643,5478
23369,0.41251684377471576,0.03562998321556049,5479
23288,0.4124945659538527,0.05860635414777654,5480
22473,0.4124594081639077,-0.004101052476364275,5481
22731,0.41243160719099914,0.19273527368400822,5482
20015,0.41241883406004165,0.005699579536537769,5483
20395,0.41238946375462593,0.015373974605928764,5484
26322,0.4123810280157377,-0.003378298323779949,5485
23389,0.41236251172108557,0.01606184787199849,5486
20988,0.4123611167351215,0.046232817818859684,5487
20907,0.4122529201895336,0.02754932001957633,5488
27488,0.4122498738978973,-0.008464596457746276,5489
24042,0.4121511551745476,0.04461523203024015,5490
20809,0.4121037626653867,0.020275833830793677,5491
29752,0.41204860683703387,0.006454141054143214,5492
21877,0.4120266419799009,0.019964206878508972,5493
25802,0.41199498505035287,0.028596082896356012,5494
28452,0.41196718485273975,0.012599065607959425,5495
23930,0.4119175520228539,0.026446332827820163,5496
26374,0.4119015014413507,0.01909613223239326,5497
21401,0.4118335056513044,-0.013698570008211675,5498
23513,0.4118213051444164,0.0007644359245817522,5499
23331,0.4117793541114342,0.024350706530102406,5500
24019,0.4117561334738226,0.01066029762462195,5501
27903,0.41171412698844284,0.03794735430783408,5502
25007,0.41167801264311304,0.009636897957624957,5503
21710,0.41164638834639594,0.020053293046049026,5504
25320,0.41162186413379526,0.05761569440372005,5505
22039,0.4116148005926933,-0.011625572973695986,5506
22233,0.4115399056237103,0.020266555399842845,5507
22163,0.4115154124089246,0.08164113049203309,5508
20156,0.41150244881437653,0.157191000564326,5509
21938,0.41150193017225395,0.03864893073325387,5510
28899,0.4114934967749651,0.1331555636741426,5511
25326,0.41147996404516884,0.05548538856313279,5512
21896,0.4114550807616272,0.013785249227986573,5513
23860,0.4113837567531125,0.20042179128354853,5514
21139,0.4113789448783476,0.024600741697930584,5515
21495,0.41136929557299995,0.1046828993453569,5516
20579,0.41135754795801943,0.04402215411524957,5517
23286,0.41128620688146084,0.13137204336608743,5518
23200,0.4112849414659501,0.010895921207038806,5519
23361,0.4112402061050935,-0.02222373357129126,5520
21089,0.41121214768302655,0.017591444242179177,5521
29615,0.4112031603313721,0.006413487225293002,5522
28991,0.411127844598016,0.04009003570706354,5523
26363,0.41110094420184956,0.011813398351373683,5524
25050,0.4110782837227649,0.03654052534970598,5525
27143,0.4110382939129057,-0.004626879539317952,5526
26971,0.4110115948598135,0.014575131741442926,5527
23312,0.4109978310776341,0.06230609893384342,5528
28555,0.4109480295822177,0.01981027939384672,5529
28697,0.410890645364331,0.01973085159479676,5530
22968,0.41088099108577897,0.031278487238170005,5531
26276,0.4108735514738415,0.004484879317579682,5532
22160,0.41075958888129277,-0.006509215056603956,5533
20940,0.41075449266473885,0.019926381871697485,5534
29760,0.41073906860784387,0.03707001575250579,5535
20316,0.4106991668476485,0.06663667542776303,5536
25146,0.41068200090460655,-0.00271730953315924,5537
28669,0.4106258261415194,0.028536268771412132,5538
22026,0.4105555467221135,0.050867928766095194,5539
28825,0.41055444209395003,0.0545796652745702,5540
23478,0.41053541184759623,0.00971258884589793,5541
23074,0.410421508546786,0.17055555518539206,5542
20430,0.41037036381487507,0.15456297365352822,5543
27459,0.4103349785283005,0.015215799778607986,5544
24214,0.41027405109462967,0.1924733284063698,5545
23090,0.41021042127725893,0.014849249494662042,5546
20327,0.4102067069446849,0.017840186888198717,5547
27716,0.41018340955267346,0.013968488671361468,5548
22082,0.41018226135372204,0.0042176855736704155,5549
23148,0.41018026774917005,0.0037141302242999497,5550
20044,0.41015085513022287,0.02133303048725893,5551
26820,0.41013838408371284,0.018665242118386882,5552
27307,0.41011806206662393,0.0025398459581879584,5553
20760,0.4100777259669472,0.01258431225495149,5554
20530,0.41003045235652036,-0.01592005570932664,5555
21487,0.4100232671643272,0.01596135061513887,5556
20475,0.4100156606663479,0.10175749075873486,5557
29161,0.4099910016926544,0.008625335049463001,5558
25305,0.4099470524869524,0.003460638335401167,5559
23707,0.4099342985958403,0.23078538532424017,5560
28522,0.4099173326310627,0.03921433831714366,5561
29772,0.40984673710776814,0.0014037637775725642,5562
26003,0.40976389533778235,0.11372741818832477,5563
24700,0.40976173604302996,0.02477475281637459,5564
22595,0.4097501103195043,-0.0006109710740219709,5565
26601,0.40967382241102973,0.019931718014652378,5566
28866,0.4096690309826221,0.007870441614096946,5567
27787,0.409659283106115,-0.010325794061107396,5568
22052,0.4095994680355787,-0.010676555125148257,5569
25895,0.40957931452551577,0.0046829903395066985,5570
24255,0.40957269493496373,0.06759383130626917,5571
28504,0.40956568865397475,0.027111821401177627,5572
20079,0.4095533248288888,0.002104290355467442,5573
29798,0.4095306208722665,0.036273290443278816,5574
28062,0.409480634588849,0.020611155164000305,5575
21189,0.4094691212829801,0.05198574643195053,5576
20011,0.4094541682810772,0.007955807884922061,5577
24054,0.4094401507372999,0.03806831174004127,5578
29051,0.40940368627860413,0.04786359865385781,5579
27466,0.4093833879861028,0.22212722720508868,5580
23042,0.4093784612469342,0.019038008690310415,5581
20249,0.40937404659554993,0.06853609404099337,5582
22216,0.4093652605271073,0.037922890826662226,5583
24480,0.40929328370893675,-0.0016311183701807619,5584
20027,0.4092287628343213,0.03582061192342184,5585
29414,0.4092019772662241,0.0221224787663713,5586
20917,0.4091926663831023,0.03310358169831029,5587
21915,0.4091470157095786,0.07892567134272271,5588
20397,0.40910944134067423,0.106799880557023,5589
27070,0.40907924842211757,0.10981123321269315,5590
25120,0.4090733532960682,0.006748380390520448,5591
27797,0.40902945639458754,0.018988848439843664,5592
25376,0.4090278794522624,-0.004635279664728376,5593
21742,0.40900915736109106,0.03766382079733965,5594
22555,0.4089466050353687,-0.002169473925914933,5595
29762,0.40890581922279706,-0.005259187649428898,5596
24285,0.4088683457854527,0.18729488887836712,5597
27773,0.4087580011793929,0.027561653530599584,5598
27942,0.4087374209169306,0.18079151090626297,5599
26778,0.4086334176733123,0.025963614823434622,5600
28160,0.40854535243438816,0.05452289581328473,5601
29493,0.40853239760001303,0.13223069644828161,5602
28752,0.40852618633708043,0.02734985977003801,5603
20686,0.408495945481842,0.09409887166837416,5604
24563,0.40849516325337165,-0.021672684672496945,5605
27227,0.4084594434645645,0.03365360742643031,5606
27720,0.40845197964436325,0.11573109726736192,5607
27899,0.4083957547230446,0.028015727013797287,5608
24359,0.4083883510292458,0.014596184533560708,5609
27359,0.40837508568690656,0.054201069837274796,5610
27560,0.40834627394332124,0.03772230622767758,5611
21097,0.4082762066987944,0.04118026617264814,5612
26248,0.40820352671753823,-0.002348879708371998,5613
28105,0.4081696383146676,0.009817055293547483,5614
21006,0.40807876078777056,0.030947600664623598,5615
28990,0.4080532372448002,0.021384923554509494,5616
21344,0.40795889696193427,0.04221743153764418,5617
20846,0.4079510413405025,0.019682490157241328,5618
22735,0.40788363286771256,0.04101688923759794,5619
22783,0.4078122838135944,0.18742930668517538,5620
23994,0.40780572435790546,0.040867146179498215,5621
23820,0.4077874662137104,0.1365942980843627,5622
25374,0.40766987212983896,0.031715126960827844,5623
29355,0.40766697054523915,0.044538914554555664,5624
25630,0.4074626840842778,0.043671491836845655,5625
27483,0.4074170688921652,0.04951078757508165,5626
29791,0.4073351468227713,0.029633618014179963,5627
25163,0.40731322721330016,-0.005157422218363739,5628
25904,0.40728963276393065,0.030431123940267868,5629
27523,0.4072650761197522,0.14405454254931727,5630
25913,0.4072437756306916,0.05107067632251,5631
21419,0.40720432873523815,-0.0021666327960933596,5632
27784,0.40716540866654305,-0.002347039754213631,5633
26473,0.4071248246459409,0.007912604821300406,5634
24047,0.40711089455847993,0.05310301123921385,5635
28212,0.4070949961986731,0.07693875309169779,5636
21303,0.40708614514461755,0.12308773683989205,5637
20426,0.40705404555537894,0.028102090529496804,5638
26195,0.40702719174127694,-0.017026966765890106,5639
20473,0.40697658075531656,0.07399179272789352,5640
23660,0.4069565054552864,0.03631329380883491,5641
29412,0.4069488744089833,0.14589296474495422,5642
20639,0.4069281398308724,0.04702522788152891,5643
29375,0.4068403344878226,0.02211025110407283,5644
26078,0.4068324564235727,0.059560372747172186,5645
27553,0.4067974994757798,0.013675874336827376,5646
27077,0.4067442588113159,0.05639811807331013,5647
27123,0.40673487254855173,0.005327533430793618,5648
22177,0.40673007162116587,0.030959120619933833,5649
26926,0.4066563174089709,0.040362389818409394,5650
22930,0.4066424268562166,0.0024165305414476923,5651
26176,0.4066234650595063,0.0625168521471271,5652
27998,0.406617817848762,0.003337557600463059,5653
21171,0.406574059664419,0.05842789885477845,5654
26006,0.40649101627817763,0.17225435451113172,5655
23250,0.4064844777866885,0.05339970998519189,5656
21030,0.4063261410835996,0.03301820976560271,5657
20838,0.4062346436376092,0.010250792838200184,5658
22768,0.40617458749033497,0.04968718865914673,5659
23212,0.4061725210557555,0.02822486192574153,5660
24562,0.40615730608168016,-0.017515740826609283,5661
25215,0.40607462932279637,0.0009869124979522415,5662
24665,0.40603157875903945,0.026956440769062284,5663
28419,0.40602785438704864,0.009778657552079018,5664
28207,0.4059200291406315,0.011751242574732979,5665
22685,0.4058941955344582,0.06186159839439681,5666
28024,0.40580363075814885,0.004104539341173663,5667
23149,0.4057998273562245,0.029569953536447424,5668
29398,0.40568010853945113,0.22339423619553628,5669
23896,0.4056712728665838,0.029191349417755863,5670
24262,0.4056253239295697,0.023973801791741356,5671
23114,0.40551656106886974,0.024442197470380234,5672
29882,0.4054473951607211,0.028946765920060125,5673
25075,0.40542112601188257,0.15186412032472774,5674
22899,0.40539761877656694,0.0058710959477553115,5675
27215,0.4053959938685178,0.00534179471037266,5676
23776,0.40536869723513413,-0.006760884382947585,5677
27571,0.4053570775733957,-0.012714731611539964,5678
23922,0.4053173980249987,0.07308848027307896,5679
20606,0.4053131601311874,0.009836298131077004,5680
28523,0.40529909724374497,0.08190892161953589,5681
23043,0.4052864782964304,0.02016014634800295,5682
24744,0.40527848506114145,0.058123607112820885,5683
29651,0.40525949578772114,-0.011147405889020856,5684
25542,0.40516551106603593,0.10128606707410304,5685
20006,0.40512373289337816,0.007774989402550503,5686
21421,0.4051059518086121,0.17305679026649384,5687
21416,0.40509137303851556,0.023770473395663072,5688
27430,0.40508253726572,0.05261923142347924,5689
21677,0.4050475723399498,0.01979551417336134,5690
23329,0.40501814953552373,0.0057719350958427285,5691
20765,0.40499366435699674,0.018563192110164495,5692
23795,0.40496780035422136,-0.012144125171844766,5693
28790,0.4049617897391343,0.04474956386848933,5694
24556,0.4049046662656772,0.038905053532954426,5695
28654,0.40484707902112665,0.12688295825588464,5696
25903,0.4048055855408192,0.029583057368418875,5697
29023,0.4047739915303026,0.05773334285917325,5698
21966,0.404750268284189,-0.000946993562688625,5699
25757,0.4047446268081442,0.02422920458532629,5700
29532,0.40470895489850445,-0.0019905630930321383,5701
20169,0.40468023012392834,0.11886733384877107,5702
20114,0.4045984202241722,0.020096040690338435,5703
28103,0.40459500666984916,0.11420745178692487,5704
28011,0.4045727185776864,-0.002405773286825119,5705
20413,0.4045591969402887,0.03660075074949187,5706
28608,0.40452864821073187,0.012752495058010738,5707
29150,0.4045269384598331,0.18474627890586753,5708
22451,0.4044671008481971,0.023901994802195292,5709
29223,0.4044665799128824,0.002022569917129957,5710
24886,0.40437846134104133,0.19464480327512965,5711
25510,0.4043754857872701,0.14213531801021478,5712
27666,0.4043474033187949,0.026826952696876516,5713
24741,0.40431959541075474,0.002199140164703961,5714
23674,0.40428203060455364,0.027404287605545585,5715
22047,0.4042782053195386,0.007406007306668738,5716
28715,0.4042769120861329,0.012786223757036086,5717
26817,0.40427329750759206,0.11833473406071165,5718
21197,0.40425452506442444,0.030274828312332858,5719
21009,0.4042386203977245,0.01850807219021333,5720
27385,0.40412834192105906,-0.01634106126200091,5721
27252,0.40411872287752365,-0.007867119849816973,5722
28249,0.4041004367592266,0.022632251579677076,5723
26630,0.4040703073477628,0.001015715941190154,5724
25073,0.40401566871235095,0.00575749877442161,5725
24953,0.40393916220119663,0.0185674368838048,5726
26366,0.4038833847545664,0.03087867255262322,5727
24826,0.40374235071819026,-0.0010524834269665106,5728
26712,0.4037309954905145,0.014449800592568451,5729
29500,0.4037179951904779,0.06999457580366564,5730
23244,0.4036873519143814,0.0006236473958329825,5731
27263,0.4036398777469413,-0.009777822814526105,5732
25009,0.4035789725472216,0.0924046400729121,5733
24569,0.4035529329332413,0.1173654661699518,5734
29802,0.4034769197918849,0.0339000192116109,5735
29996,0.4034765862830673,0.06543472126322769,5736
25313,0.4034198622483163,-0.0025739348088450464,5737
23213,0.4034086492346702,0.005662525162414445,5738
22342,0.403312265073216,0.014618011194245106,5739
21745,0.40330681121076667,0.04774755265551561,5740
24743,0.40329789252709736,0.04823569666623084,5741
24918,0.4032828946370232,0.04802398053226009,5742
26301,0.40326217783805013,0.025201342359097767,5743
21400,0.4032041081831718,0.03368712040680122,5744
20321,0.4031845040373805,0.02077775475937399,5745
29579,0.40308986876608094,0.17163415190458325,5746
28863,0.4030788149976292,0.11128971931958237,5747
26152,0.4030695988156126,0.029980000895954206,5748
22568,0.40306358772789175,-0.01540129537144147,5749
25446,0.40300674045447377,0.2222084854775559,5750
20732,0.4029913510341719,0.15489038975542088,5751
29282,0.40296237458659195,0.047594874237142315,5752
25702,0.40287019373951544,0.0040329382453175855,5753
22683,0.4028153417576648,0.024206812017659896,5754
26465,0.4028010780109457,0.0065533427410942036,5755
23989,0.40279229107602543,0.0022631520168429065,5756
25967,0.40278478342357665,0.03822819427908608,5757
23550,0.4027591737444391,0.019257494418224774,5758
22918,0.40275330525457187,0.051828761190391315,5759
28251,0.40273604179803635,-0.012077471337590073,5760
27058,0.4027205475181031,0.17993145764597343,5761
28906,0.4026731822892017,0.023555307125431135,5762
27440,0.402667555379239,0.01151015857449017,5763
24802,0.4026076080696496,0.010827196144564677,5764
23909,0.40260143707782714,0.013459679679642844,5765
29511,0.4025657553952732,0.005224240640844036,5766
22373,0.40242638882876147,0.16856048028886564,5767
20933,0.40242287607667726,0.1320185785879323,5768
20269,0.40237478892822975,0.0017302410709845728,5769
20347,0.4023078541654702,0.01315444038487057,5770
24475,0.4022788144490468,0.03840405791211954,5771
20099,0.4021277027017115,0.02304866489865326,5772
27187,0.4021156065741153,0.016356302185986993,5773
21620,0.40207058769115267,0.037189237253409946,5774
22716,0.40206870436201253,0.037757619471351866,5775
24603,0.40199694018297816,0.07018554917257053,5776
23963,0.40199016719305675,0.01836512191871459,5777
20203,0.40190462372476954,-0.0069308564566158415,5778
20741,0.40189338818486964,0.030329333300665173,5779
27793,0.40178171988609124,0.003709482025331834,5780
27200,0.4017576762624975,-0.0023304803919958483,5781
22703,0.4017415352714046,0.008478145699696793,5782
22725,0.40173422620898064,0.005651455706053021,5783
22802,0.40168149890280735,0.018427488823412053,5784
21983,0.401674271681811,0.01647341554315923,5785
23089,0.4016461203316421,0.04212219299503511,5786
29784,0.40163640352990776,0.010076394829675261,5787
26332,0.4015867541955017,-0.0013271956548503994,5788
21768,0.40151573932580203,-0.019697060287553636,5789
27150,0.401494460464952,0.015727117300519455,5790
21901,0.4014738254173852,0.03966629887843365,5791
28580,0.4014678671425786,0.07206950861600697,5792
25749,0.4014628695836876,0.03709242483949782,5793
24658,0.40145843358463085,0.025760249386261924,5794
20025,0.4014500514035855,0.011492644908915106,5795
23827,0.40137807822720883,0.03907338084310863,5796
27740,0.40136474528723964,0.01405397704976069,5797
28556,0.4013646882759936,0.017524556676945857,5798
23619,0.40132576626476585,0.02648857178271702,5799
28223,0.4012791481201511,0.0006943225411850107,5800
24711,0.4011482812719316,0.019308230791375225,5801
23396,0.40113253456337605,0.007671152706884177,5802
24281,0.4011311885465225,0.03411279187879168,5803
26922,0.4011138197439826,0.051406658016173834,5804
29332,0.4010864256752781,0.013066531756105115,5805
20903,0.4010300138726535,0.045633622877367386,5806
27855,0.4010234715894623,0.02487904282013098,5807
29557,0.4009920038463716,0.00807873437009482,5808
25637,0.4009299066951797,0.025585105799234897,5809
26383,0.4009195675431836,0.020082026734906278,5810
24075,0.4008776041033254,0.0032462144185260167,5811
29661,0.40080767256418215,-0.0179441853355074,5812
21719,0.4007725319189582,0.08130128771760498,5813
22960,0.4007658657233686,0.02331623143928141,5814
26440,0.40059119655336767,0.03695311398216944,5815
24034,0.4005609771759041,0.028790699735431913,5816
25077,0.4005404990356539,0.06804686912492303,5817
22265,0.40053858809516935,0.061410557401817445,5818
26362,0.4004808165471308,0.016189617190814076,5819
23172,0.40046762785312057,0.12743682891075775,5820
21299,0.40041457552877424,-0.016845752627646038,5821
21444,0.400305677553496,0.02056349045035122,5822
23080,0.4002016126643623,0.0021350504560408434,5823
20896,0.40018223642829187,0.0055418774115120195,5824
29460,0.400179644783061,-0.01387788204310858,5825
20789,0.4001698155506813,0.008486261206448964,5826
20574,0.40014653184482524,0.01421080057092533,5827
25086,0.4000622867599761,0.04055290690284896,5828
20488,0.4000474724303821,0.1370287360363941,5829
20967,0.4000458994792614,0.006795136357927556,5830
26390,0.39996904483532125,0.004242446227738006,5831
23262,0.3999667670605113,0.20564729741296467,5832
25442,0.3998505860690568,0.02970549846928472,5833
26097,0.39983665178088174,-0.001533453279994046,5834
26654,0.3997996894594666,0.03402852625441399,5835
21012,0.39976049699310034,0.006778097573477582,5836
26159,0.39975232975687436,0.021139340135174878,5837
23493,0.39974016705289644,0.007710576184056073,5838
20752,0.39968726475775307,0.009160232555706083,5839
20648,0.39967384659866934,0.1611059252901625,5840
20446,0.39966747417351145,0.05914905033082607,5841
20682,0.3996658211016377,0.05346959985188543,5842
22573,0.3996578820976112,0.005641483588164631,5843
29188,0.39962456382147243,0.019287876210919985,5844
26355,0.39960852967104266,0.038252428427771434,5845
26837,0.39954075600712385,0.02214911716341711,5846
20491,0.39952740891532823,0.1794196229641803,5847
29939,0.3994958768286565,0.19555455244451841,5848
22461,0.39949437451834824,0.010876061114419466,5849
28362,0.3994805469093425,0.017513899560423374,5850
28120,0.3994629511849241,0.017659028260820775,5851
28317,0.3993624568869682,0.027297609974710813,5852
24433,0.39934982253303086,0.011023087177435165,5853
23648,0.399283247786066,-0.003900637647267502,5854
20969,0.3992277650998287,0.06333053140522915,5855
28264,0.39920932480312193,-0.030634600693766112,5856
26665,0.39915592960216406,0.042989791860755355,5857
25301,0.3991144580386061,0.014749550642842502,5858
26015,0.39893984227815577,0.010339247259100182,5859
25330,0.3988779668023401,0.03234216881290969,5860
20646,0.39885315273703675,0.013932976123813612,5861
27988,0.39879908002993225,-0.009586180582479564,5862
25864,0.3986805812092649,0.0007311439668561959,5863
25407,0.3986656198181709,0.012275766160372847,5864
20388,0.3986215193939058,0.026851151905714354,5865
22544,0.39859045173335106,0.008545264565983146,5866
20785,0.3985842229942714,0.05898439672404027,5867
26438,0.3985756315346239,0.0439870623072503,5868
21932,0.39856313525065695,0.0014055868743344524,5869
28770,0.3985605158729286,0.13238318810781702,5870
22343,0.39855278694829765,0.0557306301618668,5871
28692,0.3984912264981735,0.1803992063370055,5872
26286,0.39839190221717735,-0.0076628159299207965,5873
27959,0.39837594135921295,0.06366027765392707,5874
28358,0.39834591385840973,0.015211481947805472,5875
24167,0.39833732911693415,0.006220699215334524,5876
24154,0.39832587130011604,0.014259049329827633,5877
27694,0.39828592717835903,0.05666190644828373,5878
26087,0.39825747260990185,0.01142379398426957,5879
27499,0.398193702201319,0.01831579629717256,5880
25211,0.39816130083398216,0.01270931611334658,5881
27997,0.3980636151021817,-0.0033427974841276353,5882
26235,0.3980611236798366,-0.01382622354224039,5883
21352,0.39805897698510256,0.0066000725395417015,5884
24134,0.39798266600921034,0.02398910492985251,5885
28211,0.397952354513697,0.014353598634664233,5886
26157,0.39792666730432613,0.06066890046638035,5887
26903,0.3978912119639612,0.024715089819232705,5888
24782,0.3978260437234198,0.00018758133993729276,5889
27090,0.3977945916785191,0.01868815258392209,5890
23382,0.39775257934173314,0.08426705491635139,5891
28296,0.3977475489380007,0.02361055438121218,5892
21536,0.3977196064925056,0.16286927487574668,5893
24272,0.39769356947596113,-0.008954698706501119,5894
22183,0.3976652787566552,0.05076138797176344,5895
29855,0.3976348623506295,0.0167486789439113,5896
28474,0.39762481315519105,0.009910048980176778,5897
29434,0.3975850100250843,0.03692228347804938,5898
25556,0.3975715027078487,0.01575337837475216,5899
25986,0.39755148700837784,-0.018658621084001736,5900
27329,0.39749016947129306,0.03658368237908616,5901
20704,0.397422234549004,0.15823274033164392,5902
20711,0.3974063306399637,0.021180780528483323,5903
20039,0.39739036804676336,0.0018890360627923375,5904
23077,0.3973340303943492,0.019995602590048567,5905
25385,0.39730237504066795,0.04154608091202877,5906
27075,0.397293462919786,0.02561552676152179,5907
24980,0.3972902849136727,-0.0026492688142081833,5908
22814,0.39725724762994213,0.01810102902354377,5909
20218,0.39720551912032454,0.04165079695258833,5910
24710,0.3972021309604374,0.008136189234303592,5911
28108,0.39717373679959694,0.026313193946262692,5912
20231,0.39710667452701887,0.14296361727048507,5913
22553,0.39710494420733344,0.08452641696345586,5914
24331,0.3970991656844707,0.04044040643430574,5915
22155,0.3970352246908846,0.012424313805656673,5916
22038,0.3970317776136392,0.057111874043798416,5917
20909,0.397026414566962,0.03119258281025794,5918
29877,0.3970197532586963,0.03332568769635774,5919
22302,0.3970137629261687,0.01244475736015499,5920
20663,0.39697851953193597,0.00220212107184109,5921
25059,0.396966429567096,0.01808341096031596,5922
24530,0.3969549352010255,0.013091823182618145,5923
26270,0.39691848194855667,0.04435962458003351,5924
24354,0.3968305009020587,0.025887484673699,5925
24723,0.39680796167006976,0.17430049482756124,5926
24648,0.3967487094197609,0.11069775261601977,5927
21935,0.39672394247764725,0.0026450463434237736,5928
23780,0.3967008127054674,-0.0023273197616939245,5929
28690,0.3966961902642376,0.16308230070643498,5930
24231,0.39668728856336577,0.19765374149240145,5931
27082,0.396657137038963,0.042924879151517104,5932
22666,0.39658994279555143,0.040419183733092556,5933
28334,0.39656869556823526,0.020491494408140687,5934
24367,0.3965426141912118,0.04706339766179196,5935
21629,0.3965149325078864,0.004046345348939051,5936
25999,0.3964862759359564,0.047143151950745976,5937
27981,0.396391061817519,0.0021845544919751325,5938
25628,0.3963486367374372,0.16949426186531316,5939
28856,0.39630420499759855,0.05830103153486932,5940
20202,0.3962870579986847,0.12087891522430999,5941
29874,0.396188371797438,-0.007634035159599983,5942
20369,0.39618732447130306,0.073615050082258,5943
29141,0.3961667968625564,0.03770930165526004,5944
24104,0.3960449288645081,0.033297913278025504,5945
27368,0.39601069626032676,0.06171156261970262,5946
24491,0.39579809489164053,0.009372706496238226,5947
22127,0.39577852147005993,0.016641308506128993,5948
28297,0.3957403903827655,0.08430470610824481,5949
24301,0.3956962141479332,0.1991652547814337,5950
27410,0.3956847789303782,0.011875418524525061,5951
28984,0.3956118893072059,0.1961881682297271,5952
28880,0.39559222009388323,-0.023221649435887837,5953
25171,0.39550050329166064,0.006197433501966443,5954
23275,0.39549016507825496,0.047849529059634854,5955
25543,0.3954768776889503,0.005183065713960877,5956
26498,0.3954613100522452,0.011565457964792525,5957
27584,0.3954518785280647,-0.004383780499590317,5958
29114,0.39533273869708335,0.052879592617249116,5959
29551,0.3953315520759213,0.028275584154181854,5960
24146,0.39530379331434484,0.13820686399445847,5961
27788,0.39529061826230055,0.011784859597532282,5962
24286,0.3952874823792996,0.012450466956210438,5963
24468,0.39526372125233106,0.06392539404233866,5964
24305,0.39524529810166376,0.03925186302715156,5965
27835,0.3951931437452266,0.20121590314298915,5966
28837,0.395172462231248,0.015698449889815558,5967
24057,0.39512437623235114,0.010624914085461956,5968
24435,0.3950721717949243,-0.0014571250693404258,5969
29445,0.39503983260431347,0.032867666109739124,5970
28181,0.3948935438122726,-0.0028370430759204757,5971
26746,0.39489224329202843,0.04479469770268829,5972
29894,0.39483918654451255,0.04243224102759546,5973
24371,0.39483888486556196,0.1980362039515015,5974
25358,0.39477748890048947,0.042203140892099755,5975
26417,0.39477075864283856,-0.017601592058886673,5976
26583,0.3947660563551987,0.010471552911079318,5977
21132,0.3947645218346898,0.06860673190667482,5978
29443,0.3947313319774279,0.029544356713633757,5979
23306,0.39467572721941746,0.17377031471489304,5980
21946,0.3946544358532644,0.03435056489265742,5981
22792,0.394555088625743,0.041390969438096004,5982
29543,0.3945297415720123,0.05764451810499388,5983
22450,0.39452477074574155,0.0037007482490671872,5984
24872,0.39449821866301626,0.017880823394350542,5985
20672,0.3944299296678906,-0.028258250571600863,5986
26946,0.3944085435701248,0.036723118105780606,5987
27979,0.39436928462525545,0.016295812922013153,5988
25579,0.39429188484852024,-0.01053663046161224,5989
27861,0.39428585094773616,0.002067481753135869,5990
25178,0.39425184160169335,0.17829797336161257,5991
29843,0.39424356031725055,0.04678346497021035,5992
23204,0.39421311350389987,0.04224330479852684,5993
25750,0.39414816516760637,0.005257319717303921,5994
27923,0.3940976433971137,0.042773535758706294,5995
20921,0.3940577131154356,0.0021528143554105927,5996
25295,0.39402491189859123,0.04021773969120873,5997
21740,0.3939504542533468,0.0676425774370546,5998
27161,0.3939497772927121,0.041770836815914536,5999
24649,0.3939396131331357,0.01254780827446339,6000
24001,0.39387785601754666,0.00871001646683267,6001
20382,0.39378762467863015,0.03880386238865863,6002
24924,0.3936952545133068,0.21377188747566944,6003
24554,0.3936855346304608,0.05675094879726811,6004
21354,0.393598494280818,0.04944275837812756,6005
24376,0.3935928785849787,0.0068445742756274575,6006
26186,0.39353514244393323,0.04714228728788711,6007
22365,0.39352357143086986,0.02501511534633205,6008
29109,0.39350299698393254,0.07851424477719565,6009
28279,0.39346539841314704,0.05649783391313162,6010
22763,0.39332382729197246,0.01727624901998731,6011
26053,0.39331512893681586,0.021045486721087803,6012
28599,0.39328578407125464,-0.015418688140050762,6013
28057,0.3932508549453004,-0.0038809773620770427,6014
29491,0.3932466718085479,0.03457504680026774,6015
24266,0.39306816659083377,0.019933700865472914,6016
28144,0.39305628013692223,0.020512131102717546,6017
20393,0.39304498774485225,0.010076179323182333,6018
22476,0.39298907160581625,0.017501854036075293,6019
23406,0.39298851530286966,0.05823235237109309,6020
20445,0.3929782396914802,0.07634170451646038,6021
26918,0.39273967166843676,-0.016988011692652294,6022
23834,0.3927011249379374,0.041026045054575966,6023
26943,0.39268537397773867,-0.011980277978255516,6024
28700,0.39267393469403966,0.039479568392667974,6025
28349,0.39265498029154994,0.0341354571823273,6026
21753,0.39259983265765386,0.029285629276032565,6027
28116,0.39258524514468546,0.01978054222983333,6028
28932,0.392562632201036,0.1252844757055233,6029
29389,0.3925387781570229,0.06104592189868008,6030
21042,0.392532848805861,0.011019901061300408,6031
28968,0.39252377858449944,0.01902168351955652,6032
23269,0.3924648455321796,0.0009936501812971565,6033
27277,0.3923484123639067,0.010279020977627007,6034
24165,0.3923256533620661,-0.00581810119887205,6035
26229,0.3923230182842782,0.0522773103069854,6036
27634,0.39230307150252863,0.08587803374615488,6037
21310,0.39229733832691577,0.029971097869880725,6038
28236,0.392288236071753,-0.006811813154688429,6039
23861,0.3922560010173798,-0.0023810749970529232,6040
27053,0.39219679641265254,0.02145345520864772,6041
29520,0.3920254967897773,-0.00388501617560022,6042
25591,0.3920227592721042,0.19430462896498793,6043
27815,0.3918679115235105,0.056544340013121586,6044
26060,0.3917744779801957,0.03973462381892695,6045
24750,0.39175838758799997,0.056433645078460604,6046
26102,0.3917558549816068,0.10875671988403512,6047
25383,0.3917407897794394,0.03454990555315485,6048
20827,0.39173251148739885,0.062284949110620214,6049
21766,0.3916360339766173,0.056033240304966925,6050
25938,0.391576421665844,0.18778247450236452,6051
26917,0.39155230290317544,0.0,6052
21961,0.3915311502295192,0.010184823368167173,6053
26267,0.39148716396619515,0.0072217299948436064,6054
28019,0.39146148522061447,0.04996019098765525,6055
26394,0.3914268121100072,0.13049058592422103,6056
21403,0.3913517064718108,0.16862256917520269,6057
24083,0.3913193985999732,0.012379824703268982,6058
28309,0.39127123026320254,0.0040549030785305695,6059
26859,0.3912494351515389,0.033825052076709106,6060
28832,0.3911892594290179,0.034914804288945445,6061
25494,0.3911841002624976,-0.007219537026854017,6062
29373,0.3911336718412013,0.014988129158513497,6063
29827,0.39112436993254157,0.005598381249776463,6064
21240,0.3911207068949182,-0.0015764901556985511,6065
20863,0.3910913759066665,0.0036563253961250375,6066
27870,0.39106618070201243,0.02616346385362356,6067
27011,0.3910266025412325,0.1974912792779864,6068
23021,0.3910075258414475,0.019501403605360013,6069
20990,0.39094802239562226,0.12390912530348103,6070
24053,0.3907512494978947,0.11704518031390032,6071
24111,0.3907021540625701,0.028546192447577334,6072
24722,0.3905543207216766,0.03738010288712612,6073
26874,0.3905118633382045,0.023743195215220225,6074
27298,0.3904747037178931,0.018550583566927015,6075
20871,0.39042851553144436,0.037531778931628845,6076
29672,0.39040204591719335,0.013767112347477406,6077
26959,0.3903929915241781,0.11632249054134514,6078
29621,0.39038763879019195,-0.022963970190405913,6079
28303,0.39034619712787577,0.0014023696574724798,6080
21060,0.3903154372384776,0.06675781715945567,6081
24732,0.39028918756159525,0.0004982960809277737,6082
27568,0.39028810684192594,0.028286763105314805,6083
28568,0.39020209779390347,0.017657415970246504,6084
25228,0.39016245647345166,0.015731722463291742,6085
26187,0.3901293790340718,0.14450569444176087,6086
27342,0.3901028298956732,0.014408407011082536,6087
21250,0.3900798214537544,0.014440335966047435,6088
24442,0.39002956307265857,0.0043079858534575965,6089
25239,0.38996588109142927,0.026621867331004523,6090
29883,0.3899635612642105,0.025379571681270474,6091
29165,0.38993181065504867,0.002227009432745064,6092
25170,0.38983583396997656,0.05373385714919515,6093
28221,0.3897758951182201,0.0867440925632314,6094
22345,0.38976847535522224,-0.012491530807496376,6095
23703,0.38968718724678625,0.21942869428902784,6096
29246,0.389595970212736,-0.0016953236789952753,6097
26451,0.3894817149247822,-0.006404710835588356,6098
27548,0.38948049019356695,0.03179944611556218,6099
28602,0.3894755696764502,0.004291126943319734,6100
21241,0.38945914809110443,0.010448720870380346,6101
21650,0.3894540077340396,0.009731505729114631,6102
21226,0.38944929189103245,0.032516075140143874,6103
22563,0.38941974281319,0.02830016401392066,6104
28294,0.3893437966866731,0.04811834835918022,6105
28272,0.3893288398621747,0.030595799872256857,6106
24094,0.3893097962285355,0.04722020714604119,6107
24835,0.38909862259169903,0.006579713356236749,6108
24519,0.3890676655663202,0.011573378201753803,6109
23594,0.3890315656653552,-0.0023115124181180557,6110
29761,0.3889483684720553,0.024701087324053794,6111
28301,0.38888798767726906,0.16021868841870687,6112
22323,0.38887563333177033,-0.007683585015943295,6113
28100,0.38884938051229173,0.1937642203801251,6114
25690,0.3887441495059683,0.010377599505038415,6115
25078,0.3887118356037222,0.025516734066686975,6116
20617,0.3886821604837813,0.006697838647221066,6117
27326,0.38865823795808163,-0.016433032551184723,6118
25779,0.388623429454087,0.05662736556281023,6119
27853,0.3885733502717888,-0.004671249440350134,6120
25432,0.3885662126950483,0.05785324778979295,6121
27581,0.3885547579401266,-0.00579847021790364,6122
20996,0.3883297804917466,0.016846020366712733,6123
28498,0.38832532576520246,0.010013338511160041,6124
23708,0.38828125171648664,0.004398965046687242,6125
20770,0.38826592805234517,0.05362364447486517,6126
21142,0.38822520999345,-0.0009238056270942097,6127
29325,0.3881351939828492,0.14216992092903324,6128
21382,0.3881045422616845,0.005020448867830707,6129
27426,0.38799331507530516,0.01791928278220456,6130
25129,0.387992963721278,0.02089779742608222,6131
20057,0.3879908330033725,0.024538445300618605,6132
25598,0.38793789429237424,0.014941930268350723,6133
26830,0.38793428094860355,0.002379605278223673,6134
24544,0.38784219266044256,0.12261532009508064,6135
24235,0.3877488773608339,-0.03494255474324559,6136
27366,0.387744153968331,0.005464873485277633,6137
21414,0.387725523529305,-0.012613344192697884,6138
20668,0.3877233728124937,0.01109357218053797,6139
25924,0.3876939437980847,0.017215358907692435,6140
23596,0.38768294827875444,0.036361924222014785,6141
24951,0.38766936037844946,0.05072323733321571,6142
21804,0.38765661762461956,0.040033239670712484,6143
28725,0.3874704387462541,-0.028443249745172206,6144
24774,0.387379050836789,-0.010908360622606084,6145
22491,0.3873768138019332,0.19893802200800065,6146
22098,0.3873557238791657,0.07142559544180388,6147
26050,0.38732678318735353,0.009596387272623963,6148
29232,0.38732336409817547,0.12799296879433852,6149
22637,0.3872250959427179,0.02446035736413471,6150
28674,0.38702231139911786,0.007224751650831196,6151
29265,0.38700089381683156,0.17516762258222562,6152
25974,0.3868587145429942,0.17306696402873506,6153
22994,0.3868329420523322,0.19487698242097815,6154
24771,0.3868162303335883,0.04042541656450016,6155
27315,0.38676903646020083,0.03203254504090919,6156
25137,0.386765708445646,0.054825270246848246,6157
29149,0.3866196848494277,-0.002203721729400143,6158
27682,0.3866152069818584,0.13188713677958036,6159
27535,0.38660389401602036,0.022713607903744215,6160
28033,0.3865904835422605,0.03788661485990186,6161
28457,0.38658172593119106,-0.0011031454299541554,6162
20190,0.3865704794661819,0.007277473408976665,6163
23730,0.3865689215503978,0.13829553552179208,6164
21870,0.38653353990655454,-0.017479487847343322,6165
29835,0.3863427924204211,0.18167683641560728,6166
28741,0.38624515787415326,0.05704278675591645,6167
20623,0.3861448719896083,-0.004439050001711631,6168
22601,0.3861393308394364,0.11436395637381491,6169
28675,0.3860821937421706,0.054985451857058776,6170
27044,0.38604367677052914,-0.0033463320832385346,6171
29281,0.38600910087578916,-0.03455581642884892,6172
27352,0.385929303922072,0.04253079179329117,6173
26622,0.3859136865709222,0.18211100395156454,6174
21342,0.3859100527960452,-0.018475528754375248,6175
28739,0.3858494319814637,0.015326843477111385,6176
26834,0.38582705017206226,0.07529826904754522,6177
21521,0.3858187429386785,0.03617287999889901,6178
20038,0.3857725944236352,0.023153102625935618,6179
20642,0.3857383967523019,0.0043532075561426575,6180
22883,0.385737284626954,0.1671778910491146,6181
29291,0.38572723622910043,0.0030282857763384574,6182
24021,0.38570903868852807,-0.012956952353996243,6183
28957,0.38563873502966556,0.028265709226536484,6184
21441,0.3855872823089059,0.03333069993232346,6185
27178,0.385584995268121,0.073064620378888,6186
21763,0.38557666736712176,-0.01253040067261424,6187
26538,0.3855502418642572,0.19469610822990388,6188
26121,0.3855413888258182,0.032449869555493505,6189
26099,0.38552979427033474,0.06290099969113377,6190
24335,0.3855094231873809,0.12656248423440963,6191
24140,0.3855066310384799,0.08109147186031929,6192
27684,0.38549344471306124,0.0013631480686689956,6193
20286,0.3853862924680644,0.025141163011099366,6194
25041,0.38535675301276406,0.007385291325575916,6195
25443,0.3853346496117604,0.16974409277281707,6196
28680,0.3852752939118508,0.00024846191422617236,6197
25814,0.38526516604077043,-0.005129820880579006,6198
28914,0.3852642177384602,0.014527329964821145,6199
20652,0.385259755563166,0.18637585771673715,6200
24517,0.38523610423622057,0.028158553670515063,6201
23088,0.38518059939598087,0.020888118016889,6202
20306,0.3850979706944699,0.019231771376027107,6203
27156,0.38485248128592503,0.016092724465685437,6204
23813,0.38483904485764336,0.041729946473638424,6205
21635,0.3848204519698509,0.0308892868035483,6206
27907,0.3847981337724001,0.007995442584329326,6207
29200,0.38477257785940566,0.05041956115616514,6208
28525,0.3847480980936856,0.04629579116268523,6209
24659,0.38472948112586625,0.10801618883007225,6210
24481,0.3846821442989748,0.17804059404695938,6211
23692,0.38467537714539357,0.03462689951100251,6212
26261,0.3846052057949137,0.16357654595715504,6213
28128,0.38456480540554505,0.015127813296678005,6214
20937,0.3844693760498755,0.18541095351897935,6215
26033,0.38441946663991383,0.036353172759649055,6216
26291,0.38440920297715414,0.036576213164591864,6217
26395,0.3844082833618134,0.05321729034520728,6218
29959,0.38440675950038056,0.004976015002899847,6219
26462,0.38426768049660065,-0.02931579095177289,6220
28583,0.3841656798697671,0.02472677037411486,6221
23667,0.3841595226014807,0.1341211287551346,6222
28035,0.3841421681836249,-0.02300145984617985,6223
25159,0.3841417610568821,0.004808269482301453,6224
27598,0.3841113053604993,0.12214284792272712,6225
23161,0.3840730612839789,0.058715290254846675,6226
25257,0.38406700537699306,0.023518737230107833,6227
23949,0.3840165271984174,0.02337461348642228,6228
28999,0.3840001298835521,0.02301821711589569,6229
23203,0.38398372196145836,0.01641120548909697,6230
20775,0.38397722618596736,-0.029706684771683645,6231
21333,0.3839577350566492,0.003678879727181672,6232
21894,0.3839429700081174,0.013956859238109687,6233
24917,0.38393217895372644,0.032514945430413444,6234
26981,0.3839075823440079,0.023047607295395844,6235
26294,0.38388909280730327,-0.021938132458579895,6236
23356,0.3838680982195483,0.028713592216679573,6237
26071,0.38380483796917303,0.027362827394802614,6238
24758,0.3837896098122963,0.07157805618842555,6239
20510,0.38363402193401747,-0.003945802289031686,6240
27984,0.38359763278133224,0.05028764348437842,6241
25035,0.3835912586323086,0.0871476088370679,6242
27898,0.3835565139097823,0.026361637275759853,6243
23655,0.3835383612274423,-0.009553553451794261,6244
20521,0.38346076664874534,-0.0018287305476538673,6245
20731,0.38344632869964046,0.03652795464561953,6246
20545,0.3833684981685394,0.04785944977571038,6247
25891,0.3833046705652424,0.02733017730681586,6248
21789,0.3832930881600052,0.033029275940532066,6249
27390,0.3832601532840082,0.0456000211053485,6250
25096,0.38323263603736085,0.01780569580078889,6251
29675,0.38306851920336266,0.15646384128216922,6252
23775,0.38305550643152514,0.03533601542190268,6253
28439,0.38304301282792164,0.0015196427189677064,6254
20552,0.3829511758409761,0.07000059400425623,6255
29805,0.38282239548320035,0.15641076194370684,6256
26771,0.38270560499467327,0.02277885334531571,6257
22795,0.3826808997483799,0.17132125666180936,6258
26118,0.38263635589361383,0.004489476468817477,6259
28410,0.38258894708592744,0.1250170054161469,6260
21028,0.38256629063571557,0.003658773037895635,6261
22747,0.3825243214649362,0.037540646103459474,6262
24192,0.3824925629010114,0.06402388203728437,6263
23072,0.3824873077850494,0.014377386610602061,6264
27668,0.382483637736437,0.2014912235021913,6265
28001,0.38244323475458475,0.09508954576431056,6266
24862,0.38243967214731717,-0.025291165017132466,6267
23509,0.38238010400846245,0.007964355395031264,6268
20142,0.3823008547806062,0.053074083023770424,6269
23053,0.3822874727563705,0.006323306499305459,6270
25022,0.38227253929963967,-0.015306685402639797,6271
27408,0.3822270625547407,0.047947660158263794,6272
27822,0.38222359048601445,-0.005635168608079055,6273
27275,0.38218555590837733,0.01594300587543729,6274
24045,0.3821753744663237,0.024575128975065696,6275
23911,0.3821302458033731,0.12592804979398553,6276
22970,0.3820812511033984,0.20015253048322265,6277
28073,0.3820420632451931,0.022270688597473554,6278
27035,0.3820000065632927,0.12964567146123146,6279
22434,0.38189867402832933,0.01962391709050154,6280
21561,0.38189377586885737,-0.017406239468436724,6281
22224,0.38188761771184415,0.023973367060740713,6282
28881,0.38186915309272945,0.16643804087977077,6283
22997,0.38183895811756047,0.020014267336045943,6284
28135,0.381806848803557,0.029992299368762354,6285
29565,0.3817928635704695,0.20792076541778598,6286
23480,0.38176197868847817,0.18161975386944482,6287
27530,0.3817419271699179,0.0006958301278058299,6288
27403,0.3817335431259082,0.17548698662079798,6289
24997,0.3816858341153254,0.006328237195987962,6290
28627,0.381664583490043,-0.0010431528270203327,6291
26602,0.38157483990934915,-0.026735070880142653,6292
29046,0.3815438991150167,-0.0008970800670856649,6293
27412,0.3814271661791474,0.056887696080139494,6294
22354,0.38141554431715446,0.0797707813525026,6295
21827,0.3814001814181388,0.009131339770188485,6296
23433,0.3813154662417927,0.036697099436946545,6297
26734,0.3812675873526584,0.01411828495512979,6298
22635,0.3812278341960024,0.010297167830899179,6299
28467,0.3811733689123562,0.04564039974348649,6300
27407,0.3811519296060215,0.07016451687398823,6301
22665,0.38112959424891846,-0.011873508093465768,6302
29900,0.38108877026840793,0.00688957445814109,6303
24050,0.3810641942068352,0.2041985628331368,6304
27370,0.3809069676541498,0.0313660306040181,6305
28536,0.38089784816082745,0.21466110578452946,6306
22188,0.3808741328668251,0.009187110844724511,6307
23879,0.3808027766281578,0.03900255245835682,6308
26093,0.38076711424379733,0.07685356249560626,6309
24226,0.3807250641611644,0.2222151118925178,6310
27712,0.3806829122779489,0.03092362597472542,6311
24783,0.38067379138083823,-0.005847851186074227,6312
21503,0.38063023209755853,0.04579416812000536,6313
25807,0.3805069763838866,0.014541417333828466,6314
27325,0.3804647999710065,-0.005483396198594781,6315
28773,0.3804530080629037,0.0038919986616297586,6316
22000,0.3803461329467053,0.03532133232443546,6317
26687,0.38026404216509774,-0.004509348080548148,6318
23436,0.3802431380339005,-0.008863987001074158,6319
25914,0.38016572954685274,0.007519689198941748,6320
24413,0.3801340224411756,0.000961381055848809,6321
20206,0.38011471772164535,0.061372428753376784,6322
21021,0.38006901391940684,0.11798409214304995,6323
28871,0.38006269052337976,0.019115989697961078,6324
23401,0.38006044486064505,0.15124579566437568,6325
22660,0.3800064679670123,0.17771878898939497,6326
24339,0.37998279166834537,-0.011888310570875471,6327
29863,0.3799538435168443,0.09289922292392638,6328
20500,0.3799407539095174,0.16739620764979407,6329
27986,0.37980385199177213,0.10359096498206632,6330
28150,0.37980170484122955,-0.002114765477067626,6331
25947,0.3797866335489564,0.01835901567269782,6332
29309,0.37978027413259113,0.04987204062553424,6333
23460,0.3797521062134009,0.022418091959316044,6334
27250,0.3797388549781243,0.03510911654534765,6335
24515,0.3797279193504777,-0.001510124883119801,6336
21384,0.3797183999522058,0.00395051836665905,6337
21440,0.3796043950719755,0.03749535698824591,6338
22465,0.379535954985565,-0.012008383663238864,6339
23127,0.3794945513773303,0.03744584526842021,6340
22256,0.3794883749453603,-0.005901935172051065,6341
29724,0.3794246380709229,0.012209401958406418,6342
20224,0.37941240435493434,0.031377600301216724,6343
27137,0.3793658400157494,-0.004219042287661123,6344
25413,0.37936395276994006,0.04865820827792766,6345
20615,0.37928026739536475,0.05193604883395264,6346
26139,0.3792304575922637,-0.013784106182198608,6347
24320,0.37906390450395766,0.02234014461954653,6348
21686,0.37899874394570493,0.004060064576330624,6349
26467,0.3789968045709847,0.01735144387123222,6350
23897,0.3789915101522302,0.007816752242643277,6351
20301,0.3789793802773138,0.005940462579075156,6352
29964,0.3789530871443214,0.13002818163613444,6353
25438,0.37894450809707375,0.1326787130744548,6354
27638,0.37886217990895843,-0.008262575657196625,6355
20293,0.37884983633289737,0.1088529126075774,6356
22977,0.3788232921503142,0.14932045667044747,6357
29451,0.3788037993911568,0.0020773554994664156,6358
24831,0.37874713045970404,0.03469576305834687,6359
25258,0.3787157993160164,0.18922484974663617,6360
24609,0.37866046090127436,0.05945715631132359,6361
22479,0.3786095314321498,0.08186658347924847,6362
25708,0.37859605148658176,0.04656601249717529,6363
28397,0.37855818682361564,-0.02633421268265107,6364
21430,0.3785496597118177,0.09851375872145746,6365
22823,0.3785244572420971,0.021976280322684838,6366
25166,0.37849010947035955,0.20148825261140343,6367
28448,0.37843003340930276,0.03984223290740241,6368
25484,0.37836432667441555,-0.014037320724651858,6369
29343,0.3783499844186959,0.059884972120373026,6370
20637,0.37826632253669923,0.0015091632405616062,6371
27391,0.3781896622220924,0.1997231973411501,6372
22358,0.37810407550047187,0.15570882239080666,6373
26143,0.3780481298622895,0.027926788225901222,6374
22084,0.3780448498748675,-0.013322518481734436,6375
20618,0.37797924922768594,0.047502295288029794,6376
24347,0.37795380701097014,0.17583435428953262,6377
23690,0.3779122190473784,-0.002348484124651995,6378
23400,0.3778994750388874,-0.0032806963359418573,6379
24446,0.37788408092092163,0.005471633806652387,6380
27121,0.3777650609915167,0.047261044358873905,6381
29981,0.3777202013965039,0.014731363208320192,6382
22780,0.37769411320632307,0.010132015142994388,6383
28965,0.3776391387537362,0.0035073461484584345,6384
20323,0.3775949890400422,0.0016727023064216362,6385
27463,0.3775133987863273,0.013574901700568243,6386
27163,0.37749799611477153,-0.010435356345534164,6387
27170,0.3774969230080913,0.044183140954402345,6388
28010,0.3774922776799896,-0.0031927010201970862,6389
20802,0.3774893918429053,-0.0032973889481321406,6390
29561,0.3774810764855112,0.15999447759341806,6391
26242,0.37744927233108305,0.0026198962393523817,6392
21345,0.3774459644666992,0.21871568165707897,6393
20385,0.37743778387015153,0.04854207574328928,6394
25916,0.3773438712745216,0.18702716055926444,6395
26352,0.37733780017166724,0.15444060624462225,6396
20900,0.3772345736201263,0.029424303825619058,6397
29995,0.37722991096192904,-0.0005407852763649745,6398
27683,0.3771696979378844,-0.0018941497320721368,6399
28443,0.37715118631649386,0.016066170438783445,6400
22246,0.37711570575355535,0.18586750460909374,6401
24411,0.3770118065701335,0.023985696812961643,6402
24871,0.37697483016417244,0.043105769166803476,6403
22661,0.376920829846683,0.01357209297990919,6404
20855,0.3767985305196992,0.036959417082429113,6405
27159,0.376764964814357,0.03466699842373827,6406
26668,0.37675721479211643,0.16549259108442196,6407
20991,0.3766470636963859,0.0038416816608046744,6408
23859,0.37661411887840324,0.02577791015722719,6409
26545,0.37655937344133855,0.18312629504274716,6410
22162,0.3765359022477855,0.004497391730539924,6411
21176,0.37648350941593905,0.000863876816543041,6412
22559,0.3764740848457959,0.12566007011231783,6413
21504,0.37646253527652346,0.028997995408309385,6414
24282,0.376443753412854,0.004041516729735017,6415
20029,0.3764235909421335,0.06104126423047451,6416
29986,0.3764095297455621,0.11828881142817538,6417
24582,0.37640165271496384,0.011348855164848737,6418
22760,0.37635759178446104,0.010244988191723092,6419
20078,0.37632510474650327,-0.013306349334657963,6420
23146,0.37623467599787525,0.008029048817637385,6421
28196,0.37618543558465156,-0.009542926619111769,6422
28027,0.3761836662601648,-0.005764292310938335,6423
28036,0.37618124303274164,0.041966085944198206,6424
25042,0.3761731805750323,0.014812309007920743,6425
27900,0.376163738747308,0.16340418248326893,6426
25046,0.37615547657631715,0.041800244443030765,6427
21288,0.37604941888575616,-0.010151529462061104,6428
27733,0.37601642886531583,0.021254644117703614,6429
27739,0.3760029631752126,0.008268905650468894,6430
21183,0.37599181021464007,-0.014635453810032062,6431
24529,0.37596064760820336,-0.006853335574505959,6432
24453,0.37593781946777866,0.027286099932444685,6433
20647,0.3759215400055139,0.005368836417335432,6434
26249,0.3759079945774896,0.17598493066211887,6435
28591,0.3757627990020253,0.028144540669061635,6436
27583,0.3757220272979012,0.16899451162495105,6437
22469,0.37565828142810564,0.01993117783239512,6438
21574,0.37565215640653643,-0.0017707099152063366,6439
20312,0.375594169598092,0.15773115938252055,6440
29053,0.37556990177999333,0.15192813251683565,6441
27109,0.3755329697145277,0.02659699585922959,6442
21276,0.3755111756385942,0.022320764199823095,6443
23007,0.37544784456697655,0.010878782589042013,6444
25751,0.37542315806112925,0.027340598488115875,6445
20650,0.37539441278670116,0.11208172293645757,6446
21532,0.3753814377466762,-0.019784708342405533,6447
27173,0.3753492410258718,0.000637602493826106,6448
28904,0.3753028877001908,0.14820649682337744,6449
22462,0.3752838591773561,0.05790145156111809,6450
20178,0.3752298300555723,0.16702720217323755,6451
21608,0.37521719276095544,0.03191498808706278,6452
23763,0.3751498461729483,0.032605865768478626,6453
22946,0.37496910943792156,0.009992136543907792,6454
21247,0.37494293091770664,0.021734352615732977,6455
23996,0.37488903538564416,-0.02607211459540526,6456
21188,0.3748691406163113,0.002139186578399843,6457
26841,0.37481470181823945,0.09724442551726559,6458
27220,0.3746720131284311,0.12596814595104125,6459
23855,0.37466013899862965,0.03854249806170429,6460
27473,0.3746317046646015,0.02059445268166249,6461
25739,0.3745729898255728,0.0409164727303466,6462
20216,0.3745384831664737,0.024712677289198348,6463
29277,0.3745269799554162,0.20670180384560968,6464
26568,0.3745160345305286,0.003297295879276241,6465
22746,0.37449839347101666,-0.026339010682417063,6466
28834,0.37447681535861266,0.012184993514282594,6467
21167,0.37431596765023833,0.02705016965378343,6468
27437,0.3743077387367741,-0.0005916898661841308,6469
25674,0.374281211028485,0.05129317091034585,6470
26839,0.3742809920910069,0.04085153471815117,6471
22282,0.37417554115013446,0.019535432815391274,6472
23988,0.37417351239556135,0.18774337943915648,6473
27456,0.3740782127372721,0.026553669702210958,6474
26009,0.37403793685437775,0.012148859384591704,6475
21678,0.3739411045062443,-0.008433011416399294,6476
29160,0.37392390814807963,0.04309145980460777,6477
23267,0.3738990095750998,0.17370380503581415,6478
20723,0.37386757749144434,0.03135987003698637,6479
28729,0.37384264318733357,-0.005059190093128163,6480
22896,0.37383654888623563,0.024151431578388116,6481
27503,0.3737912639670418,-0.015668199045437425,6482
23628,0.3737650312916749,0.019322848359663747,6483
25862,0.3737434507123624,0.12159556246616038,6484
22300,0.37373765202207687,0.04994479118654582,6485
27232,0.3737031028790661,0.059704653931010265,6486
20300,0.3737012575910382,0.102828721797944,6487
29029,0.37368555199751874,0.07081240011840795,6488
21368,0.3736626661235707,0.1473160930444608,6489
24727,0.3736368996777597,-0.0011192647669953093,6490
21851,0.3736102299106467,-0.013359234780437934,6491
28668,0.3735867979173651,0.009851771929443531,6492
21266,0.3735641060942856,0.015287976272666093,6493
24761,0.37356015946089005,0.00867498394021704,6494
22682,0.3735381646355025,-0.027866306908817973,6495
28872,0.3735186939267937,0.18506551099961965,6496
21161,0.37351194646647656,0.10038619423966066,6497
24653,0.3734824359249436,0.03460907330625873,6498
22788,0.3734142174459461,-0.018364702043798364,6499
20042,0.373406845579201,0.07125481052378924,6500
27678,0.3733880609769443,0.09140794575738703,6501
21445,0.37338748710716113,0.025567014488667827,6502
29413,0.3732793983795187,0.0761994343150269,6503
21134,0.37325995473729173,0.003408858096312306,6504
28195,0.3732230798706967,0.057310712370457595,6505
22035,0.37320422724293406,0.017996576240770057,6506
25821,0.37318306317106753,0.01257229680910893,6507
22272,0.3731606699836186,0.0014498859321507296,6508
23924,0.3731187834506633,0.0036224904934647473,6509
24752,0.37304056804419194,0.09638023063785767,6510
28665,0.3730076225406497,-0.002588251962861998,6511
29296,0.37300421089019936,0.010867267918713397,6512
20657,0.3729926913208541,0.011450401562133283,6513
25509,0.3728632715436528,0.0008852406564439641,6514
21269,0.3728555004314323,-0.003485879790554647,6515
23797,0.3728456406729207,0.03353487930679533,6516
25241,0.37259025128794765,0.17107005060922786,6517
28147,0.372529926453314,0.059398073719394984,6518
27700,0.37245972148073336,0.14149571243565426,6519
25143,0.3724086146352458,0.015076585218255889,6520
26054,0.37238447894194376,-0.014644863465347768,6521
26888,0.37235642435450805,0.20019754491697825,6522
25558,0.372346439782951,0.003605233266413821,6523
29512,0.3723352795410394,-0.009826408760579275,6524
25646,0.3723276725123654,0.03910883240477797,6525
27906,0.3722835858774837,0.03595670256748451,6526
26429,0.37226244305264455,0.14630547636486424,6527
22383,0.3722107794029914,0.18860853255447468,6528
28438,0.3721512605681324,0.08694156014656207,6529
24091,0.3721303068012904,0.01586883894558805,6530
25397,0.37212871278061166,0.008476019811466284,6531
25603,0.3720641857657793,0.004777140547399472,6532
20469,0.3719660677158224,0.04055852757697331,6533
27126,0.37193280960041214,0.044111731319229575,6534
23173,0.37191793096259235,0.026455950685184415,6535
22368,0.3718462922144851,0.04673661703270582,6536
23792,0.3718410043444763,0.026873246686099583,6537
27274,0.3717797697128036,0.08679140465404123,6538
23281,0.3716480719607473,0.014045182574876025,6539
24718,0.3715413570941644,-0.011921932220677223,6540
27203,0.37150435161184475,0.18313997720786251,6541
20127,0.3714529447574282,0.06267164787623375,6542
20787,0.37144550409256866,0.010878154967939757,6543
26865,0.37137708956544063,0.06638115823208263,6544
27886,0.3712179719792419,0.001393600148009877,6545
27340,0.37116577848481175,0.003311064011834286,6546
24024,0.3711318772391013,-0.009485428691835385,6547
25753,0.37108812446731765,0.1768622030795399,6548
24775,0.3710846690392489,0.008894089888457468,6549
23711,0.37107817989919467,0.07470003444354095,6550
20571,0.3710594970005383,0.0741370563103384,6551
20836,0.37098356496869517,0.15913677594396322,6552
20049,0.3709808168730811,0.2062514153852168,6553
22336,0.37095421620207397,0.02626934609313586,6554
24698,0.3709033115287132,0.023879259389448848,6555
25037,0.37085820009843357,0.027270759446465564,6556
27744,0.3708520178524206,0.01698061323192307,6557
21712,0.3708478135518801,0.009122260140257299,6558
21694,0.3708422318969914,0.17431700314755302,6559
24523,0.3707884102277464,0.007227170567897512,6560
26636,0.37078760032707736,0.004158644814710399,6561
28335,0.37075636772660714,0.03139386106055647,6562
29864,0.37067668021344996,0.021830223294715012,6563
24342,0.37065567086641327,0.047266111329773874,6564
26739,0.3704649812976162,0.0019224837863016653,6565
22270,0.37046334590216756,0.04732167660182024,6566
22856,0.37043803931639074,0.005479764733085091,6567
20795,0.3704378987812173,0.15450658704017672,6568
29317,0.37037701490104413,0.010035606890938298,6569
27083,0.3703490653654815,0.010919948802857515,6570
23815,0.37028752807326637,0.013039582266828609,6571
27588,0.3702607547770073,-0.020782506929675537,6572
23488,0.37022985625914406,0.04639259126809464,6573
26293,0.37022216074781134,0.017142256981870885,6574
22610,0.37013616643622527,0.08378328557522224,6575
24894,0.37011080712245786,0.023016927439855395,6576
26962,0.37010502902349635,0.05435550796651323,6577
22252,0.37009943843562415,0.060349347934776754,6578
28616,0.37009937988670105,0.014846426546471558,6579
29953,0.37006166437636345,0.02479252121364034,6580
28723,0.36992994453484096,-0.015282818769904005,6581
26571,0.3697695292810862,-0.03789747685791334,6582
22657,0.3697641385487956,0.03892282939289643,6583
28755,0.3697539135546304,-0.005552578657941398,6584
24088,0.3697302117346459,0.007051401433915194,6585
20092,0.36968463345210817,0.021096680249078736,6586
23706,0.36966114992119414,0.15506547411145694,6587
20945,0.36963091054875813,-0.0014939959069096287,6588
26100,0.36954819980031717,0.06754934877903496,6589
24502,0.3695413466449319,0.07913456857828971,6590
21911,0.36953150768318466,0.012732928259456155,6591
27768,0.36950056918229723,0.01975988146689972,6592
22940,0.3694771360119417,0.021091383879681846,6593
23394,0.36944761146057126,0.15112573601885626,6594
25189,0.36943357447116276,0.20716936385760917,6595
21786,0.3694089052033851,-0.014508520629472277,6596
20560,0.3693402356386564,0.006198896173573054,6597
22614,0.36929981937228257,-0.009323659553396091,6598
29859,0.36927936435917874,0.012195585672733822,6599
26040,0.3692774165937012,-0.002265516282121016,6600
26024,0.36925825172538984,0.03644890819414437,6601
24259,0.3691828035432568,0.007732196074294817,6602
26561,0.36914101479503825,-0.006529351409970463,6603
24185,0.3690933074073844,0.01920514130962281,6604
29119,0.3690576834978,0.017257175300825045,6605
23975,0.3690348145252318,0.03781056221483026,6606
27644,0.36902499881292694,0.019670539693232347,6607
20123,0.36898297662298607,0.07912332070066952,6608
24574,0.36896759210387603,0.14887833516561932,6609
22597,0.3689386521004316,0.023153150456449223,6610
28749,0.3689367883748601,0.02769947262135164,6611
25519,0.36887557108465485,0.006865010052425846,6612
28182,0.368833630243982,0.04502323209056025,6613
23993,0.36881884008853916,0.010475562696288576,6614
23178,0.36880288210165324,0.11532248791381439,6615
27502,0.36878244602691884,0.022649727830397648,6616
27253,0.3687801267132635,0.006057936216330162,6617
27975,0.36869010610969094,0.19405262334898435,6618
26156,0.3686807016420986,0.14130659555149747,6619
20931,0.36861050019397856,0.021488095116879713,6620
29280,0.3685120983753816,0.034519026043101475,6621
23531,0.3684537876543456,0.04203254219614233,6622
29299,0.3683997010747023,-0.036061363391819645,6623
27918,0.36830240296149547,0.025405532909087092,6624
20360,0.36824650782795626,-0.017172076457892316,6625
27836,0.36821096359230016,-0.0006199268736584718,6626
26459,0.36815732922707584,0.0933714580295979,6627
22399,0.3681276061319591,0.012515135070548244,6628
28323,0.368116070883643,0.0360335467423909,6629
22181,0.36810780719278746,-0.012841009902096356,6630
29509,0.3681041450461981,-0.006813174785970266,6631
29061,0.3680894669405062,0.03037972106100756,6632
26905,0.3680839106613792,0.16523782279404547,6633
28276,0.3680830572470298,-0.004748752146528978,6634
26401,0.36802097055522937,-0.00011524805991935949,6635
25771,0.36801685066888207,-0.023666298272979724,6636
22249,0.3680037130829635,0.1703081314961341,6637
20929,0.3679724926389048,-0.011665166241585367,6638
24102,0.3679346840593198,0.15696040701502217,6639
28629,0.3679056968082895,0.1113650529319255,6640
24589,0.3678991753412607,0.039267421604115726,6641
26397,0.36782956969511366,0.011806165523346068,6642
21061,0.36779400070026663,0.1651122961717092,6643
26221,0.3677590280575437,0.028656887786854157,6644
26435,0.3677536603730238,0.060686135909630234,6645
21332,0.3677376177486756,0.056798584524565654,6646
20276,0.3677153615994462,-0.005022273285686496,6647
24780,0.36768803917246107,0.023759715506448176,6648
24372,0.367671807763588,0.00820483961259555,6649
22307,0.3676608752907785,0.03034301761128294,6650
24821,0.3676478485649134,-0.008941875250882081,6651
26527,0.3676024366355636,0.16442581294419992,6652
28076,0.3675810044004152,0.010915230952469102,6653
25881,0.36756774717467794,0.027524641445562936,6654
27190,0.3675036210684147,0.14448938773408093,6655
20303,0.36747915634202805,-0.009226452391101758,6656
26738,0.3674036742920558,0.003355547494859279,6657
22497,0.36736504934882347,0.16478904231376937,6658
26792,0.3673082157834826,0.005697724482876199,6659
28620,0.36724929363022324,0.01335806085221769,6660
28435,0.36715040004673777,0.05912786049869223,6661
29368,0.3670797960627363,0.008846620212581091,6662
25747,0.3670162884820237,0.00026848036800214414,6663
28425,0.36699043215967914,0.07662729992295653,6664
21497,0.3669526978572079,0.007712087761093556,6665
21127,0.36691859222192946,0.051137981902741825,6666
27894,0.3668686416446011,0.051031317746022875,6667
20870,0.3668650095770807,0.0686887313060045,6668
29806,0.3668623707345113,0.0,6669
22894,0.36680232232779786,0.039360960905898135,6670
25596,0.3667559797280445,0.043973292413781895,6671
25602,0.3667147406319235,0.005923846780930109,6672
23208,0.36669415233669744,0.008583643935102803,6673
22504,0.3666240214612643,0.037825977027864055,6674
23471,0.36658471369647944,0.00826673952024809,6675
25876,0.3665455310047722,0.02199700616361444,6676
26596,0.3664495115857054,0.04510697350015508,6677
27213,0.36644821841770747,0.004410923801407618,6678
22071,0.3664361651081663,0.011046921223994755,6679
23481,0.36642702740576266,0.1641761386386788,6680
23588,0.3664070549803745,0.010350089030450926,6681
24370,0.36631187445191205,0.15825683594468545,6682
21513,0.36627283502840674,-0.011881447184059146,6683
20957,0.3661623811446956,0.006481545519811283,6684
23165,0.3661524333815872,0.16787786247145053,6685
21427,0.3661487514763927,-0.030686957453237795,6686
23292,0.3660948519532916,-0.01409341688772131,6687
27656,0.3660581195114626,0.03209345382982931,6688
25803,0.3660560637626091,0.006060522586230521,6689
22309,0.36604832347050376,0.053845071497106045,6690
28132,0.3660420188620611,0.1899414614637783,6691
28041,0.36601532325005515,0.006946898029151771,6692
25304,0.36600079950956993,-0.015427452933191643,6693
25404,0.3659751200561576,-0.018979440149647753,6694
26028,0.36596162991244885,0.04331206025413292,6695
25180,0.36595493467055146,0.013746509844120791,6696
20401,0.365947310804265,0.015452397890163838,6697
27353,0.3659108027919294,0.021077871681687177,6698
23261,0.3659075180010257,0.18666912978450528,6699
22855,0.3658667495078796,0.11520366253189002,6700
22545,0.36581216793689425,0.015629639746847446,6701
21566,0.36581160103996585,0.031972487369207825,6702
24525,0.3657987796805276,0.008972074545754216,6703
21038,0.3657075512722163,0.012039008703396525,6704
20140,0.3657035922952689,0.05182621444275376,6705
28676,0.365693146161967,0.04170032388479039,6706
20343,0.36554262304433227,-0.018153911398868183,6707
25067,0.3655000012210441,0.01602023270265035,6708
20111,0.3654826602324334,-0.002316910316727927,6709
25585,0.36546514929220714,0.1479142485038269,6710
22372,0.36543832839210355,-0.028364428332205593,6711
21129,0.36539077926786995,-0.010289424257642843,6712
29637,0.36535685381910304,0.05541541266233402,6713
20544,0.3653305660750459,0.010092646531044358,6714
20854,0.3652960672915743,-0.018589201094086183,6715
23753,0.36527244105645806,0.019273209622318987,6716
25922,0.3652588097786092,0.16089019635476803,6717
29857,0.3650305095462398,-0.004732414381159511,6718
26896,0.36498108501308907,0.19746315232689726,6719
23720,0.3649750138287516,0.018362097346668937,6720
21154,0.364926277282382,0.04641735530259028,6721
26955,0.3649253744392672,0.0042560096607532905,6722
22492,0.36490587178725703,-0.016116534462526422,6723
22250,0.3648129280143513,0.1455232801049709,6724
22892,0.36480844369675686,0.12850715154057882,6725
27273,0.36478077442941786,0.02313520239700745,6726
20102,0.3647422813117602,0.03950524142114281,6727
23096,0.36455601636856766,0.01779908098148114,6728
29951,0.3645019595843632,-0.027841718625532808,6729
22464,0.36443039277072087,0.04246086780013025,6730
23444,0.3643471849917345,0.10386576379272988,6731
25409,0.36421772396682517,0.14691021822950093,6732
24248,0.3642042049976734,0.016907321437607037,6733
22190,0.36411463298713076,0.005388219316016352,6734
27557,0.3641030232213736,0.09519906282992763,6735
24679,0.364096735970209,-0.0027708111988511974,6736
24689,0.36402522165282586,0.15658569932103766,6737
25499,0.3640204207798332,0.1444753688620067,6738
28572,0.36399222883848825,-0.00569967706626251,6739
29747,0.36399101521461125,0.04264003004593492,6740
29363,0.36396931581711917,0.004479761592356413,6741
22983,0.3639072435491283,-0.02316491159589379,6742
26696,0.36389828494835114,0.024628579981023857,6743
26569,0.3638539894572902,0.05083084210571165,6744
22672,0.3638463327637895,-0.008910768264310032,6745
21438,0.36383508853909935,0.03796385917875672,6746
26376,0.3638295553775436,0.03032036068857752,6747
21115,0.36381956963139994,-0.004965007139185962,6748
28422,0.3637777061331859,0.06271793554563032,6749
20901,0.36377394154948284,-0.004537946412955851,6750
26731,0.36377016976379367,0.0028772156387325554,6751
27777,0.36374866429100217,0.16112758944474473,6752
23777,0.3636413279883502,0.005930782709061666,6753
20783,0.3636171724242915,-0.0006866317760576002,6754
20427,0.36356672527409284,0.0044013356580148155,6755
28865,0.3635653985146847,0.028102065334495108,6756
29660,0.363557202096627,0.11942775438259029,6757
28757,0.363506153077551,-0.002492727870232858,6758
25738,0.36347602642812765,0.13185670183882672,6759
22489,0.36346706214128355,0.061212406674257425,6760
20961,0.3634394251562523,0.09770538766952164,6761
23473,0.3634338904071329,0.13010296927395296,6762
21627,0.3633456990562488,0.016627843647492813,6763
23492,0.363317279898178,0.14292475916391223,6764
20826,0.36329130962143025,0.21568700170292385,6765
23722,0.3632767102451759,-0.016439139208464737,6766
21318,0.36323742633903844,0.009606940204491654,6767
27709,0.36311910027956606,0.06395530907247027,6768
29226,0.36304955803299704,0.04034218884873708,6769
26305,0.36303683542311094,0.020279455426270798,6770
21186,0.3629755901525457,0.186011633607377,6771
23614,0.3629522108999292,0.03535772726545516,6772
20514,0.3627348996331416,0.02302716156377027,6773
29605,0.3626924972577162,0.06660840302514187,6774
24321,0.362683077024652,0.0011499291881161278,6775
26791,0.362680261432847,-0.009025066174984775,6776
23010,0.3626210611188744,0.020795509312455163,6777
21224,0.36259281430970935,0.006621938632293156,6778
20010,0.3625636424315781,0.04483822151932054,6779
25366,0.3625363145556087,-0.00741339945971925,6780
24779,0.36253576719250685,0.10041472567875426,6781
29734,0.36252943708925106,0.002979128394557329,6782
24518,0.3624832646340818,-0.002247937900943353,6783
24690,0.36247933752943035,-0.0014817797385192621,6784
28471,0.36241612366064757,0.04186909579015269,6785
29422,0.3624072655773569,-0.01990151732116996,6786
21101,0.362375081902536,-0.00975611152645861,6787
20489,0.36234328587792536,0.15378144625598245,6788
20367,0.36225379382735157,0.014316305737644086,6789
24788,0.3622376098707377,0.053661333226568575,6790
28537,0.3622051399107793,-0.000394465228867491,6791
25589,0.3621814115673913,-0.011827054566672879,6792
29788,0.36217114336861966,-0.01201918774943872,6793
23431,0.3621362002733772,0.026854783485047107,6794
24169,0.36212994757814054,-0.01994736144952919,6795
21016,0.36210562150373526,0.035061135514095565,6796
28885,0.36210557107011365,0.029841300991660935,6797
21456,0.3621046724794639,0.10666878769253335,6798
21730,0.3620906442874234,0.017238317546115545,6799
21172,0.3620720629642523,0.013339737935613771,6800
27094,0.36206605102896416,-0.006925760363401312,6801
29392,0.3620494620415952,0.011663686730647382,6802
20580,0.3620219561749119,-0.029258705795198348,6803
22754,0.36189005966116167,-0.001743621465739642,6804
24216,0.3618594186622917,0.01849323139503739,6805
20211,0.36176488133995005,0.0037052177612005854,6806
20383,0.3617462804261505,0.0006613263814879144,6807
23086,0.361681634974577,0.01063083885395244,6808
23935,0.3616575525302981,5.53657895496773e-06,6809
23990,0.3616369971531577,0.014805949256953332,6810
28559,0.36161983272462805,0.17689971557199263,6811
21764,0.36158037553880135,0.015787352403000776,6812
27346,0.361482131609885,-0.012890291017978506,6813
29178,0.3614575999495968,-0.0023495957226047914,6814
22852,0.3614265811449196,-0.005141894314314777,6815
23241,0.36142625121909433,0.0177289235510934,6816
22596,0.36140227577359224,0.00233352496812389,6817
24181,0.3613681021428677,0.02165890489369482,6818
26449,0.361363642771222,0.0945953911883537,6819
27469,0.36132101000763805,0.016721484598032466,6820
22234,0.3613121518820047,-0.0021202031610719207,6821
28923,0.36130866195637334,0.03540895583255904,6822
20564,0.36123535730193346,-0.011814230184364893,6823
27316,0.36122351547549025,-0.0014795667521016465,6824
25979,0.36122231657150605,0.05703270201673122,6825
24152,0.36115887678931363,-0.02294086756555208,6826
23794,0.3611519214256797,-0.00782820100681203,6827
22956,0.3611011824448508,-0.0035503669387499937,6828
27171,0.3610918630684701,0.14368602690279988,6829
24890,0.36097518486090274,0.020712064314398704,6830
25611,0.36095072003812717,0.15237632583579172,6831
20037,0.36092183768047215,0.17083625376283584,6832
25741,0.3609142760640431,0.11812581397862973,6833
24222,0.3608944921433736,0.03987440394777797,6834
20193,0.3608066707650209,0.008007882072886774,6835
27198,0.36079521366798595,0.07635386885107864,6836
27794,0.3607865081588349,0.05134321409909198,6837
20359,0.360747115918844,0.0026444375057789182,6838
26846,0.3606999050238272,-0.017879336004788415,6839
24756,0.36063884978831334,0.15864176844041786,6840
20485,0.3606384515378401,0.003328659383510013,6841
24650,0.3606118238864277,0.11168799553654424,6842
29716,0.3605868419071815,0.009560432445919143,6843
26408,0.3605624947091735,0.02856771786622614,6844
23183,0.36052648207094323,0.02555677837023107,6845
28829,0.3604692378197083,-0.0029168189474868544,6846
28804,0.3604058198782248,0.023595982342635047,6847
22999,0.36033532196026774,0.0023389430717511983,6848
25483,0.36032157201324233,-0.00018651178195011608,6849
27614,0.3603084325780642,-0.003562977444823312,6850
27111,0.3602987461894089,-0.01611006691617345,6851
27791,0.3602877108041473,-0.02063995257900597,6852
21825,0.3601954342563235,0.0011748739447790535,6853
28576,0.36017103167077336,-0.0007610487293008839,6854
27610,0.3601269179040749,0.004102429980230582,6855
26385,0.36001526132986716,0.01211967999695468,6856
25267,0.35996109779213287,0.17017165991948754,6857
24914,0.3599446331343579,-0.0005039710886504123,6858
28644,0.35994322412676844,0.029387951068136853,6859
20649,0.35993626853757804,0.1690374915714646,6860
27772,0.359875044889786,0.14487363224254007,6861
23156,0.35986419104491074,-0.00776758208004058,6862
24897,0.35985167819661523,-0.0077878721890256575,6863
29643,0.3598108911030264,0.04643321084382429,6864
25436,0.35970238102752317,0.0036319777803276443,6865
26951,0.3596980969364872,-0.015889407267149214,6866
29228,0.35968609317438593,0.01705387384603102,6867
29427,0.359570638153981,-0.018374174318683933,6868
20959,0.3595479477847533,0.04713974880482674,6869
25754,0.35951346574592963,0.0013376372564657402,6870
24444,0.3594914825920209,0.012147563069898837,6871
24144,0.359478364726564,0.02814928753441165,6872
20622,0.3594044690828591,0.16339527966161738,6873
28935,0.3593462908211278,0.019302317433409044,6874
20640,0.35929926058667677,0.084286385364023,6875
24177,0.35929744751752196,0.021958440773078236,6876
22466,0.35921289929129285,0.03340705467106514,6877
29556,0.35910868111928057,0.006196134064187286,6878
22850,0.35910527349997,0.1805596873408139,6879
27029,0.3590756218576928,0.12422511097079006,6880
29593,0.35907471655929246,-0.005279544361066146,6881
27321,0.3590612246616557,0.049635124000284137,6882
23747,0.35902213982271536,-0.011126001191953228,6883
20090,0.35899703203885625,-0.007610551061986659,6884
27633,0.35893655222618853,-0.0014060973671630173,6885
23108,0.3589154350126752,0.04072901026781267,6886
24568,0.35889628704618043,0.030208057208430783,6887
21052,0.3588718064637671,0.025052781629917475,6888
22801,0.35885605585522395,0.03181322883515658,6889
25359,0.35884437565673294,0.02295778554695349,6890
29471,0.3586073850634742,0.05968200420197872,6891
26329,0.3585980190605701,0.02397530464344716,6892
25518,0.35857595137316844,-0.003480269102939526,6893
24646,0.3585400584943214,-0.009105589347153553,6894
25797,0.35852803828586205,0.005448944493896879,6895
23689,0.35831951862368067,0.061624472000482655,6896
27905,0.3583130843115576,0.011909266774095262,6897
22490,0.3582769886065277,0.0209280961861254,6898
25724,0.3582458162131782,-0.013867028571392992,6899
22346,0.3582308657759695,0.006951601431253229,6900
20726,0.3581895270607557,0.15343434635014397,6901
24537,0.35816727015836586,-0.012944340897790008,6902
28510,0.3581392068458886,0.07169209749227673,6903
22774,0.3581337054364494,0.0010596030615342422,6904
24880,0.35812883875822776,0.0678678240943546,6905
27737,0.35812357745045087,0.04018877417430622,6906
20210,0.3580661385435432,0.019926293349231017,6907
27655,0.3580477206101395,-0.012023371287953055,6908
26427,0.3580298131636617,0.04251924662395601,6909
20056,0.35796531920191654,0.03807507936211174,6910
22245,0.357953406252949,0.03219404666761261,6911
20100,0.3579350447828077,0.17124833143957893,6912
26849,0.3578679529840755,0.02910062569603805,6913
20915,0.35781856474662477,0.0542538155456147,6914
20287,0.35780641743524527,0.026396256802811657,6915
24125,0.3578039946321621,-0.01456062828557475,6916
21204,0.3577857742622564,0.02515269674441928,6917
21283,0.3577608360826496,0.01513791643899659,6918
23198,0.35769552970844637,0.034329466620440174,6919
28012,0.35769203818700934,0.15958142277516799,6920
29157,0.35768129703487983,0.05836105261965824,6921
20030,0.3576423119625986,-0.0022237570247380933,6922
22379,0.3576097521675982,0.020982821759462866,6923
20119,0.35759319142123386,0.03704270395232989,6924
29901,0.35757166431548415,0.051099811291997754,6925
20292,0.3575217589298516,0.010028421678936139,6926
24824,0.35751318098405743,0.052357719776795875,6927
29359,0.3574331361947357,0.020924477444401846,6928
21832,0.3573536646712262,0.12839857191694384,6929
21471,0.35728812106608193,0.16982727818643154,6930
27552,0.3572074802991242,0.01354213175957375,6931
27885,0.35715303688911815,0.10570257056615517,6932
27147,0.35714587088579625,0.1206580292111703,6933
29302,0.35711008600160454,-0.018147398131016457,6934
26554,0.35705762683622766,0.03285345324368688,6935
20481,0.35704861006021316,0.1291268718179466,6936
23258,0.3570448554542908,0.007455621215312458,6937
23339,0.35703114128552166,0.027296111222053,6938
21505,0.35703000464473184,-0.0022331773801156918,6939
20701,0.35696937420524466,0.12937199591147733,6940
29990,0.35695257940498004,0.025428336399710427,6941
27279,0.3569447074714274,0.023532888595263257,6942
26580,0.3569100579409582,-0.004594711834619181,6943
25970,0.356862786376041,0.022560505742003578,6944
26089,0.35679322830480337,0.09451506131670695,6945
24221,0.356755411139071,0.045173119901892655,6946
25066,0.35674598852457756,0.02550909752435876,6947
25567,0.3567382668360073,0.02241197108994436,6948
25776,0.35673347686679835,0.01772515409955605,6949
22066,0.3566624122964406,0.05291869095064489,6950
21211,0.35651099187754004,0.034510606437036295,6951
24309,0.35649888300317784,0.015031752578761826,6952
29568,0.3564720263297874,0.10940398491821973,6953
29617,0.356426133224219,0.018657819492731764,6954
26032,0.3563918953442465,-0.011747118347828434,6955
23951,0.35628102583289856,0.074508306063299,6956
25791,0.3562770727698161,0.016895281179309662,6957
29849,0.3562460328787831,0.0013345941910354875,6958
22044,0.3562241334171225,-6.19631334459747e-05,6959
24567,0.35621564108269593,0.04659158213853298,6960
25207,0.35618020437080994,0.010120987937100756,6961
22318,0.3561496669476468,0.01793888094035412,6962
21721,0.3561412907114122,-0.002230716890071427,6963
20428,0.35613221211409696,0.00027812706914459584,6964
28151,0.3561266047361722,0.11024480655059543,6965
27375,0.35611958658653103,0.043165849596902006,6966
27600,0.35606230597905314,-0.005059122803115046,6967
26574,0.35602429691536286,0.04415741135214346,6968
24692,0.35595381384729524,0.026634906318975304,6969
27916,0.3558759341837985,-0.005087280746960465,6970
20402,0.35586564294344086,0.07376066681789328,6971
27395,0.3558497200953952,0.02696085345140775,6972
25745,0.3558396222089194,0.17928240338931742,6973
24477,0.3557843135015054,0.19734101843500226,6974
20371,0.3556285031415054,-0.014740889060659512,6975
29954,0.3555698581165485,-0.02485750765722078,6976
22457,0.3555099339396441,0.007691188835096507,6977
29513,0.3554347259475325,0.04248151283498347,6978
28409,0.3554223516574304,0.07184869804020033,6979
23585,0.35532720567888754,0.002018917029916245,6980
26661,0.35521641526407216,0.024220995747526397,6981
25273,0.35520130244352927,0.021606897754638366,6982
21515,0.3551507984952445,0.17008831096653423,6983
25479,0.3551176052729671,0.0022704504759589184,6984
25654,0.3550739380052605,0.0,6985
26389,0.3550588604833624,0.028178911779510152,6986
25083,0.3550404222689858,0.14985427947815966,6987
20628,0.35500695403858695,0.05919565363276469,6988
20315,0.35498872830509703,0.02317185490876922,6989
25526,0.35498853166303235,-0.004675968262171204,6990
22830,0.3548993083024937,-0.007797161024894084,6991
25937,0.3548725714444144,-0.029009115227758342,6992
21525,0.3548414709974702,0.009233927253041285,6993
29555,0.35480921086265443,0.0247080921583403,6994
25470,0.35475443501416193,-0.0027630814368415635,6995
21184,0.3547430371638254,0.14863200451676373,6996
26997,0.35469526988951067,0.06686576872896366,6997
22393,0.35464713493230576,-0.016839296732912012,6998
26313,0.3545494617118704,0.0015443603048412857,6999
21334,0.3545364502155567,0.03156688217848225,7000
29989,0.35450821858352705,8.187493114647504e-05,7001
24155,0.3545077291826346,0.0968787824916631,7002
29517,0.35446540149473643,0.0019498957716811427,7003
24220,0.3544518198396938,-0.010765091726919862,7004
25944,0.3544207225594044,0.08407187477485867,7005
22513,0.3543734690401544,0.003528485529681158,7006
25092,0.35433185157539093,0.009384248807200346,7007
24701,0.3542084926856878,0.027679222118267177,7008
20777,0.35409016887901307,0.15497437313427276,7009
27060,0.35405850093406016,0.03307242862380988,7010
20966,0.35397993501327785,0.004031335880876841,7011
29153,0.3539455378888526,0.18519149476888516,7012
28484,0.3539352179782698,0.008592201802120947,7013
27001,0.3539210636258546,0.15910163916949624,7014
29646,0.3539064389027609,-0.020537954175790296,7015
26763,0.35388259375896214,0.009974775306614947,7016
22772,0.35385805802241566,0.03450461533708815,7017
25021,0.3538376358628304,-0.007316679795494607,7018
24310,0.3538299742666088,0.051503360476743365,7019
29224,0.353725122500152,0.12176185830454234,7020
20229,0.35348115660325213,0.036139933229374144,7021
27944,0.35343822421199333,0.0025669720391639506,7022
22416,0.3533992447622099,0.01749422568556147,7023
27604,0.35337619026631806,0.02927942612813761,7024
24864,0.3533442330413971,0.04058367403065882,7025
24643,0.353264827103065,-0.02875966497186333,7026
21792,0.3532624365750239,0.014824142454541611,7027
25291,0.35318639696796006,0.023260175026582564,7028
29154,0.35316189789440466,0.0018013777119015306,7029
21168,0.3531224303526398,0.15991215985450066,7030
29896,0.35306081029176634,0.12086450243159169,7031
22920,0.3530314753810116,0.030732911529350093,7032
23666,0.3529905882906161,0.06955881104146211,7033
28189,0.3529785037192547,0.00536409789138631,7034
27616,0.35290005802825375,0.0029434386857944417,7035
29039,0.35281755472144966,-0.015380447913218076,7036
24399,0.3527612429261979,0.0106967986981083,7037
27477,0.3527386087594368,0.039239862529190095,7038
21340,0.35268996493435806,-0.002281181832705037,7039
24686,0.35268813895638373,0.00034940882042810983,7040
21631,0.35263953791961816,0.034766627784968085,7041
28951,0.35262443577036057,0.026941594407347336,7042
28380,0.3525519207415923,0.031041426942674533,7043
24352,0.3525393269699323,0.012133231865794625,7044
27603,0.3525296415535348,0.04681913105712093,7045
23801,0.35247385560574973,0.025167007872127167,7046
23856,0.3524543567836268,0.17083967044532594,7047
20462,0.35243956612302935,0.1194955216070632,7048
22186,0.3522521096592682,-0.020764673783373933,7049
22904,0.35218876050511466,0.005927176839954917,7050
27763,0.35216554738462014,0.014129025294020103,7051
20013,0.35213889410078575,0.15909991618752475,7052
20182,0.35212909297596867,0.06689828230618422,7053
22115,0.35210093755880484,0.01927492873944253,7054
20146,0.3520620206002166,0.0407695358621904,7055
23830,0.35205913689235036,0.015659010926676487,7056
21461,0.3520307532219636,0.01645982160468734,7057
21088,0.3520065208978833,0.08506488722764738,7058
24356,0.35200399347792577,0.007025413931448898,7059
28338,0.3519416521048474,-0.017692784946183704,7060
24767,0.35188880630413116,0.028693226456608323,7061
28587,0.35188224353512254,-0.013182100222094706,7062
27093,0.3518713718994421,0.038875641775798775,7063
21739,0.35183790948041965,0.021597337068405165,7064
27802,0.3517325221835605,0.028597456554647127,7065
29474,0.3517206081190695,0.028397441591043182,7066
28007,0.3516934386235263,0.06162546777939948,7067
27182,0.35159276595596645,0.11992279392078911,7068
28288,0.35145760765609096,0.021158907099168178,7069
29655,0.35143986885277007,0.13771824683203981,7070
27351,0.35142125610554836,0.04552696775778503,7071
23647,0.3513828065352402,0.0017911094653920712,7072
24657,0.35135566228747006,0.07571711325948693,7073
28167,0.35126947985147944,0.0067293126038084905,7074
28531,0.35119999640088684,0.06462012761008562,7075
21771,0.35117069296517633,0.027175477228969735,7076
25081,0.35114768124775875,0.12440465671534931,7077
24768,0.35110847988950583,0.15112428253254515,7078
28449,0.35088604060298667,0.1483232493591506,7079
26073,0.35080313318413303,0.013907164153563134,7080
25789,0.350780235378656,0.03915834402810936,7081
23806,0.3507656560543278,0.120622781130169,7082
24696,0.3507118234448685,0.0006943796108916378,7083
26153,0.3507006204404233,0.026779367811753718,7084
26930,0.3506698768621803,-0.007469627765473996,7085
28694,0.3505663869924634,0.0020744783571676195,7086
28671,0.3505301567698538,0.11353989980872647,7087
25230,0.3504984853890187,0.004404181199811785,7088
27871,0.3504027321977468,0.16458480081055518,7089
26165,0.35039115853017583,-0.014921872170548522,7090
23697,0.3503761719157853,0.0070847435643268675,7091
22838,0.350295277862745,0.0044809615271305114,7092
23779,0.3502005097523222,0.1715079761470532,7093
24072,0.35016788340579497,0.041414215763761864,7094
25135,0.3500814577433918,0.0025925978844084097,7095
28651,0.3500575060611525,-5.145510292403621e-05,7096
22484,0.35004697813568525,-0.0023189920162104416,7097
21125,0.3499895863879589,0.058384190468841524,7098
29836,0.3499666509683246,0.010507834395688753,7099
25197,0.3498449937730179,-0.03400267195693912,7100
23031,0.3497837374204174,-0.012722995249287938,7101
24915,0.3497640786550464,0.1442853727778541,7102
22889,0.3497257465531839,0.03569379661173122,7103
21435,0.3497215503692936,0.024462114061981843,7104
28411,0.349708202019296,0.03770497963028263,7105
23701,0.3496476737315873,0.02535918589880848,7106
22915,0.3495720087965236,0.044000248687321886,7107
20476,0.34955893837214175,-0.0109312613939338,7108
21969,0.3495557614869879,0.10774345518447292,7109
22064,0.3495062114659276,0.015691201905741026,7110
25978,0.3494990362005773,-0.005696421310642352,7111
24798,0.34947144186406426,0.13803114469553987,7112
28099,0.34939001710171197,0.01928758361242172,7113
20043,0.3492439415406209,-0.020372830828246813,7114
28528,0.3492349967289807,0.012822605331592074,7115
25023,0.3492157524179017,0.07730290800431183,7116
23342,0.3491551508985447,0.050735212771391536,7117
28237,0.3490295527632768,0.12926106159422218,7118
22594,0.34896161828564043,-0.0034469158376631004,7119
22689,0.34892755266199726,-0.01595850094802298,7120
25260,0.34888875161724475,0.02811009708395462,7121
20432,0.3488761592849263,0.0008331060072939156,7122
24196,0.3488517190053961,5.1862319866813333e-05,7123
26214,0.348608638191587,0.056583792235495145,7124
22593,0.3484215373408602,0.002867978999038401,7125
20905,0.34841875519123716,0.019744971404692058,7126
20268,0.34841107367346014,-0.002280947651017995,7127
23883,0.34839509143317554,-0.013349862243005994,7128
28327,0.3483150822210979,-0.0037900551719439735,7129
28285,0.34828449447248716,0.03839419699822538,7130
26337,0.34822756877025296,0.03120128740335698,7131
28847,0.348222897052788,-0.012629395586640335,7132
22845,0.348141585093992,0.013911619080487492,7133
29613,0.34813029161349807,-0.01768282129071802,7134
23115,0.34809310514351427,0.011766611342106714,7135
25473,0.348003636964756,0.04760158653514912,7136
29722,0.3479992467637074,0.00349888350114963,7137
26691,0.3479343959045932,0.18323406235315154,7138
29708,0.3476946736627607,0.031495738022530306,7139
24174,0.3476240889242934,-0.013559490975157351,7140
26105,0.34755266238738713,0.16132420421617882,7141
23798,0.3474866422876042,0.08477765036775192,7142
24355,0.3473219114423288,-0.01557024158344339,7143
24099,0.3472729144505105,-0.024063025027189877,7144
20236,0.3472455796203424,0.02299718388551769,7145
29015,0.3472366755161569,0.014331673192724381,7146
25328,0.3472036267118853,0.07046414649775024,7147
29247,0.34718402488338446,0.0013937297978407481,7148
20654,0.34718266712399326,0.20044464429570266,7149
24016,0.3471678909677301,0.03198220355092962,7150
23937,0.34709970525359296,-0.008415855082213597,7151
23725,0.3470829050713137,0.12204146535091459,7152
25474,0.3470605415700943,0.10106504525949817,7153
25324,0.34703732971809503,0.020953985797482644,7154
25640,0.3470350191495275,-0.020694805464173294,7155
24819,0.3469655994582144,0.09525716269413359,7156
26101,0.34694017308792474,0.14651756152554066,7157
29872,0.3469202520490118,0.02884735249358028,7158
27022,0.3469114370578575,0.13925252586308612,7159
20782,0.3468802099652315,0.00608365796557625,7160
29705,0.3468744275064466,0.0026348608946560326,7161
25386,0.3468577036422451,0.06396918146690361,7162
23559,0.34676210787787387,0.02864867402704363,7163
28342,0.3467254940019718,0.015469142166046945,7164
24823,0.3467252469412076,0.026099592389646264,7165
29138,0.3467145931638609,-0.00035386697001660306,7166
20455,0.3466976563420804,0.011374648895783823,7167
25214,0.34663330668798126,0.024832070765512415,7168
28698,0.34660810302604605,0.16753129905586217,7169
26627,0.3466049538371174,0.14523709615771158,7170
20629,0.3465902189906623,0.023100815887861337,7171
27585,0.34657506698356494,0.016652139777484753,7172
26863,0.346573438899359,-0.011900414827248629,7173
24786,0.346572618157508,0.114030262163201,7174
26973,0.34654731734828037,0.04619697794950778,7175
29213,0.3465043608558089,0.01959513260557061,7176
27828,0.346435624138441,0.013988089502876333,7177
24726,0.34639237360618585,0.02297485617710071,7178
25860,0.3463364747657858,0.0245666959923041,7179
24040,0.34633310457558086,0.03551978166455083,7180
21810,0.34629311467706586,-0.01308882245885784,7181
24547,0.3462173695390118,-0.002513279023299342,7182
20877,0.3462165390573925,-0.03997255199040983,7183
23956,0.3462114636909382,0.010314819325776159,7184
20245,0.3461996698003219,0.049494322781370115,7185
28355,0.3461722791972771,0.011897072768292272,7186
22430,0.3461608353709451,-0.001780966895423064,7187
21644,0.3461143031112189,-0.03582449880561844,7188
26757,0.34607678922486634,0.03911804685434761,7189
29219,0.3460625672137277,0.09295216906406162,7190
23928,0.34589841686603057,-0.003645051224185847,7191
24258,0.3458844197918921,0.00348878664762714,7192
27193,0.3458793151930701,0.002193069130688341,7193
25185,0.34580805121243646,0.16735311715863677,7194
28204,0.3458048888446695,-0.007693239891085779,7195
20405,0.345799520079012,0.0006525486530906122,7196
25780,0.34579479963141935,0.02236814843081575,7197
26667,0.34574599505511205,0.014543305838458864,7198
22755,0.3456459916425712,0.051388008790656026,7199
29037,0.3456069146251843,-0.024944356633256115,7200
24428,0.34554934185944836,0.04209294168745892,7201
28131,0.3455224736770236,0.13411121139029245,7202
28118,0.34548171579134285,-0.013950795510982605,7203
27626,0.345478041794014,-0.0008253953165223704,7204
26334,0.34541879579260704,0.01275834166661527,7205
29421,0.3454152025116413,0.041158162580767266,7206
27396,0.3453997369273312,-0.004053989047176021,7207
25710,0.3453940702185391,0.023165505028713562,7208
27770,0.3453769913207042,0.05967673581140742,7209
23868,0.3453385268647523,0.007000284430784098,7210
22001,0.3452876897029651,0.003889278375135974,7211
26730,0.34518834300793344,0.02987016800387482,7212
22220,0.3451404045155525,0.021264152676620962,7213
21943,0.3451329625301903,0.027698804910526842,7214
24614,0.3450764297002471,0.005411484023730095,7215
26856,0.3450411803868382,-0.002198686842544373,7216
21741,0.34492633158587366,0.04002538977065723,7217
26000,0.34491485164704666,-0.0104338187845196,7218
21591,0.34484878797053814,0.020408901994475703,7219
25917,0.34482622723346085,-0.03467023158164534,7220
21908,0.34480016212521714,0.00591673621145844,7221
26162,0.3447758342629483,0.005481077536556356,7222
21518,0.3447343811530484,-0.06184818893814453,7223
23899,0.34465298080806783,0.024584603389474324,7224
29351,0.34460211620780473,0.020590667436999,7225
29041,0.3445790230040274,0.02617288554294117,7226
28592,0.3445781658369953,0.0034961625923704553,7227
29861,0.3445189881867289,0.024416760015222305,7228
29674,0.3444289274871555,-0.0009477479460222038,7229
28595,0.34436263690356456,0.13541403652916809,7230
25451,0.3442944156199379,0.012455187912333854,7231
22707,0.34428954721939964,0.008501188645365754,7232
29528,0.3442728048607479,0.007134214816979234,7233
22521,0.3442515244235296,0.009386061030923765,7234
22815,0.34421542642256037,-0.007994937369807165,7235
21610,0.34414617785441237,0.026612529278521424,7236
29072,0.34412727933754933,-0.004414637194563031,7237
25177,0.3440463005321561,-0.015656616435234694,7238
20220,0.34401988508851383,0.0013295234738521233,7239
21486,0.3439874169094498,0.016749259428673835,7240
27527,0.3439343410674872,0.022234301448294025,7241
29127,0.3438937854231858,0.03445609075628392,7242
22182,0.3438843492012873,0.06105443171128494,7243
22091,0.3438778631493866,0.13167798928431731,7244
21727,0.3438659817798643,-0.010215344789203051,7245
24773,0.3438460904366121,-0.0022545644392167885,7246
28137,0.3438174261003946,-0.005085592336339206,7247
27759,0.3437995644331834,0.017820215946626194,7248
25298,0.34374246344962367,0.027193240477659586,7249
26652,0.34368711260402285,0.05898814246581069,7250
28960,0.34367043720348367,0.029775783192528438,7251
23255,0.3436612158765233,0.014505617115036284,7252
21256,0.34363849195817464,0.0011569483918611456,7253
21170,0.34361537036950535,0.03348499725736298,7254
29737,0.3435586403198787,0.014727827012777917,7255
27117,0.3435568629001569,0.02935623163785117,7256
22055,0.34355188994557045,0.015484888299878152,7257
20563,0.34353704756102066,-0.01016800236628157,7258
27155,0.3434735931389248,0.10805081357711147,7259
26504,0.343458045750333,0.022911601092677314,7260
22718,0.34336100874541475,-0.017963187160664917,7261
20125,0.3432255990464475,0.1490341367018867,7262
27652,0.34319961627855367,0.025129990325028828,7263
27515,0.343148187606514,-0.02877275637747534,7264
25398,0.3431018870411807,0.1157585040947832,7265
29645,0.34307953712257805,0.04987028424698953,7266
21057,0.3430262732132884,0.051628439438800966,7267
27715,0.3430131893136523,0.01568294584913421,7268
22732,0.3430111349318775,0.011161977902453935,7269
25467,0.3429411592541539,-0.015064508661752352,7270
25433,0.3429167605350471,0.02158048747912794,7271
28635,0.3428577288885752,0.044798552422132265,7272
22654,0.3428373940247137,0.01733843020023823,7273
27631,0.34278079843221015,0.045391191763599736,7274
26034,0.342755881079416,0.017988746974851144,7275
27438,0.3427285551047275,-0.012319097362267217,7276
29049,0.3427113022842666,-0.019116221591197025,7277
21758,0.3427088025856938,0.010424100322988628,7278
23646,0.342708640985513,0.0053147293144270025,7279
21684,0.34266109039091014,0.10416528366084662,7280
24678,0.342540150258542,0.00040785750497129847,7281
27545,0.3425386245995778,0.09569116631408056,7282
25311,0.3425338596102018,0.0689466141423572,7283
20451,0.34244219272122395,-0.03819689499651324,7284
21541,0.34242758617630387,0.03205580962559168,7285
29208,0.34241099409742204,0.12231133701667901,7286
23495,0.3423622022888979,0.005924518331526962,7287
24478,0.3423250326104429,0.05421099003770158,7288
20320,0.34231365730731494,-0.02045086089726017,7289
28492,0.3423080316937506,-0.0015532326727043522,7290
24407,0.3422992302665742,0.05766016929032469,7291
26035,0.3422801008392002,0.17988100285355596,7292
22600,0.34226736316730644,0.01166955036470163,7293
25307,0.3422455386496795,0.035881946985444835,7294
28689,0.34224489856869744,0.03511873289449524,7295
24184,0.34222025327225664,0.00275265434034333,7296
21084,0.34217836922325884,-0.03292676036953551,7297
23297,0.3421385534151653,0.013329636334602213,7298
22100,0.3419571870129498,0.0003810643048021145,7299
24245,0.34194247282546686,0.10904223139466784,7300
24005,0.34192542206305504,0.003415053179462779,7301
28205,0.34187549716899385,0.10340270959459122,7302
29598,0.3418577497524354,0.14510510354378275,7303
24120,0.3417975925839358,0.037695345685250126,7304
28157,0.34175324704382576,0.0393504347899194,7305
23126,0.3417248505833759,-0.007426121709725619,7306
25834,0.34165672793844026,0.05107675922082194,7307
29659,0.3416289225089468,-0.0033108952741053854,7308
26567,0.3415822884343123,-9.892294529517676e-05,7309
25955,0.3414806774422953,0.1634079271236862,7310
20281,0.34147456267317855,0.0637515181709496,7311
20192,0.3414530525403143,-0.014695555816724493,7312
29144,0.3414161877136186,0.003677034069561602,7313
20597,0.34139642419236194,0.02529874250872116,7314
23408,0.34136004568892275,0.005753679649430077,7315
24488,0.341354109053739,0.007165902613059105,7316
29899,0.34134881197574135,0.04695791985828629,7317
25351,0.3413035733402219,0.029977243657953012,7318
22871,0.34129336112464254,0.006623889589329746,7319
20219,0.3412424595220395,0.024743431479500366,7320
25093,0.3411462132166263,0.043114144266055865,7321
21317,0.3411165411868043,0.11384440282010208,7322
27767,0.34110346748161624,0.0008808178956573043,7323
27949,0.34109335462435947,0.06034374030125672,7324
23076,0.3410536718663453,-0.027990117797574654,7325
29929,0.3410502315867386,0.012036747990668728,7326
23887,0.3410389460063142,0.1032964556965991,7327
22135,0.3409856427287906,0.14032501811206133,7328
27014,0.3409678139531303,0.14624676767619182,7329
29514,0.3409634401286757,0.036219737041286726,7330
29711,0.3409421783091555,0.1247692461802419,7331
24601,0.3409220278608093,0.03249191648916466,7332
21891,0.34087627966601863,0.0062086905632557365,7333
20047,0.3407668338451419,0.05696496728812894,7334
29022,0.3407605133647767,-0.02819472892520103,7335
24874,0.3406915511604419,0.09387653925914538,7336
26721,0.3406155714490149,0.12747463913027335,7337
27025,0.3405987758622234,-0.01724881351204166,7338
25286,0.34058664470969513,0.049249338524445574,7339
23201,0.34058503999874573,0.01768538708088241,7340
21194,0.340574330591909,0.007152910382245137,7341
29191,0.3405526572879388,0.014378198775216122,7342
24485,0.34036532581793166,0.15721099869310753,7343
24605,0.3402914541042398,0.12833846449962874,7344
22858,0.3401789226820462,0.002674559266734655,7345
26018,0.3401653759437254,-0.013042454674529191,7346
29395,0.3400873610065474,0.01818680690828378,7347
26511,0.3400289188843328,0.10487334376162755,7348
23175,0.3399516242027352,0.10679271233217394,7349
20703,0.3398803055757248,-0.00344283099496151,7350
27846,0.3397937727728215,0.011627292297032021,7351
24928,0.33972026398123173,0.006125742815653312,7352
27105,0.3396813857985425,0.02360564928111175,7353
22649,0.3395113961399147,-0.02846760862615355,7354
27259,0.3395016409203891,0.001768081133652677,7355
26861,0.3395009288878564,0.04309303508020368,7356
24930,0.33946269138633,0.02612812720931873,7357
26148,0.33944544403467747,0.025727950545735734,7358
27640,0.33935396753776004,0.09536078071852983,7359
22088,0.3392637059089013,-0.010345003503386352,7360
27290,0.3392181566512373,0.03536742622608846,7361
27354,0.3391348287827815,-0.004588544682205098,7362
22849,0.33907574597596446,0.001766995837050811,7363
28090,0.3389639685498807,-0.010847670098042106,7364
27479,0.33891805534893016,-0.006740060857373165,7365
25705,0.33879796758800695,-0.0046795824397842245,7366
22283,0.338782575471327,-0.011168157445083982,7367
29608,0.3387527244207253,-0.002983754605762723,7368
29735,0.33871521126396553,0.0017194770585687857,7369
28518,0.33870797832080096,0.0009217366703741514,7370
20126,0.3386565134172993,0.17085025873271756,7371
24015,0.3386545705245336,0.006520179205583232,7372
27841,0.3386339957213347,-0.020095089562038038,7373
20716,0.3386307342247462,0.014391453406291776,7374
29489,0.3385728639828456,-0.0005055411966320977,7375
22702,0.33856039815663147,0.019694349843310643,7376
25732,0.3384329899332713,-0.014089731883227374,7377
23285,0.33839704364296813,0.024874776799672205,7378
23916,0.3383067323125956,0.06553542548763364,7379
23014,0.33810054725362343,0.008511907143514796,7380
21617,0.3381004840847101,-0.002384090664865113,7381
22807,0.33807357470040034,0.011597537464467733,7382
23862,0.33803967584232186,0.16609161102187828,7383
20744,0.3379905836009731,0.015725879760095096,7384
23649,0.33791009301681957,0.17369822518803257,7385
20884,0.3378881297898414,0.0118997537308424,7386
29336,0.33787324972417715,0.026991808456763633,7387
29768,0.33785951146894166,-0.03555493721981656,7388
26178,0.33782292855525115,0.04456736476855461,7389
25222,0.3377777922792163,0.04130033156981322,7390
23341,0.3377570047945421,-0.018929320241471037,7391
29999,0.3375768358662148,0.005111520194785668,7392
26189,0.3375632647933108,-0.0163756179893777,7393
25124,0.3375507766180389,0.1620961063061186,7394
22057,0.33754360800964384,0.010024466791352049,7395
21826,0.3375267880284573,0.09512662998674301,7396
20002,0.3374810329953596,0.005249517196261766,7397
23743,0.33743496017256497,-0.004427605357820497,7398
22949,0.3374290756765571,0.03064221885005397,7399
21599,0.33742465771229196,0.11816460922974209,7400
22631,0.3374195287740344,0.07831472813200119,7401
25074,0.33739452569521394,0.033573504937817855,7402
23002,0.3373837304713936,0.008343549017827856,7403
20868,0.3373489223712701,0.00346017925103953,7404
21362,0.3373403808169646,0.019784559823443515,7405
26323,0.3373254357430565,0.14336661529304381,7406
20363,0.3373222616795517,0.005722688458183411,7407
20324,0.3372426190351461,0.12025766768501053,7408
21442,0.3372374218314824,-0.0014334091402738447,7409
21177,0.3372144250787246,0.026869126338483207,7410
20518,0.3371175769298182,-0.006008970651051271,7411
20173,0.33710687197053674,0.030310558002426546,7412
27541,0.3370950810379524,-0.0007287597939906187,7413
23004,0.337072736112312,0.15209258751168075,7414
22179,0.33700496366484534,0.03166439152514977,7415
24548,0.33695789924842656,0.033069628853342525,7416
20364,0.33694733327261134,0.134566626052749,7417
20407,0.3368286226292917,0.015929440620682633,7418
23462,0.33680024997682817,0.17504416938285522,7419
25060,0.3367996486461243,0.0010374889957322497,7420
28658,0.33678950000220864,-0.003134053427294392,7421
20308,0.33674293013132045,0.11933014756592225,7422
26713,0.3365411975693755,0.0028804321108327757,7423
28174,0.336532048755223,0.015483126971452488,7424
23054,0.3365299119834656,0.017500799919561105,7425
29718,0.3364980341243441,-0.00248366100279529,7426
27550,0.33649280814694366,0.12336155658248005,7427
22846,0.33635837704263,0.09050554215957357,7428
20134,0.3363499559876071,0.02037899847179614,7429
20638,0.33634775331086203,0.03029379954001732,7430
27040,0.3363308997924476,0.12441196144968511,7431
25610,0.3362544363321513,0.02461413729658113,7432
23335,0.3362390414868871,0.017112740931997827,7433
22159,0.336149978129941,0.06775959481576121,7434
26043,0.3360931750436636,0.011736315040061729,7435
21921,0.3360303971672391,-0.012933020202478218,7436
20516,0.33599801292549497,0.013874981269806186,7437
29133,0.3359630419246437,0.02975853620027097,7438
20610,0.3359288210790951,0.014254283257661093,7439
26404,0.33589864826627996,-0.019886547353261008,7440
27686,0.33586587905000326,-0.01755965599722248,7441
22868,0.33581005861156055,0.01757988881685474,7442
27558,0.33570262428157804,0.03853914356527616,7443
27050,0.3355614762302669,0.02318522092817943,7444
29214,0.3355313766830822,0.0172436099287821,7445
23103,0.3355012390459973,0.026381020250793252,7446
28977,0.3354935385756391,0.013792293403655731,7447
25565,0.3354915935111147,0.02564171467847326,7448
26619,0.3353526778744377,0.007597852457769727,7449
29112,0.33532567692747484,0.0013209433478767463,7450
21107,0.33531738323246496,-0.0015822362862322747,7451
23901,0.33531542062688074,0.010351413304691859,7452
28203,0.3353113375473001,0.020116012194990873,7453
28920,0.3352882605150221,-0.0014411152434279928,7454
24755,0.3352143200842541,0.17581300661014043,7455
24288,0.33515829602729075,0.12836581548695067,7456
29635,0.3351300616155423,0.0027318629984898757,7457
28139,0.33511370785951805,0.10230646735411641,7458
25857,0.3350665916687137,0.14354346488578756,7459
21025,0.3350612072643488,0.1195691710640919,7460
26407,0.33498909499614404,0.02734588348455458,7461
23606,0.3349400514670664,0.04160515381975194,7462
20558,0.3349122935780587,0.032204275673995086,7463
29432,0.33490202732552454,6.6135274164325075e-06,7464
21846,0.33485191058639846,0.09529552857074206,7465
26758,0.3347610303112365,0.03790235258177915,7466
22202,0.3347406288306091,-0.01141729639273198,7467
24641,0.3347345598912193,0.11248815158465644,7468
23848,0.3347312290682146,-0.013450652261860818,7469
23790,0.3347197670054154,0.0031413752773555292,7470
26681,0.33462712760476393,-0.012222226012799542,7471
28639,0.3345487812944783,0.021855479531558197,7472
20792,0.3345373790966247,0.10631726814529571,7473
24685,0.33452520755152126,0.03293489376828984,7474
24573,0.3345026609611258,0.0180758270702579,7475
29600,0.3344611232956386,-0.03227927489806648,7476
21960,0.3344234637862006,-0.018468616182149955,7477
28049,0.33440787078748957,0.0157393699914688,7478
20949,0.3343639218558524,0.0424778242265062,7479
29606,0.3343246340055054,0.04055264837244771,7480
27350,0.33429388337680654,0.022456336582176772,7481
27978,0.3342864604948201,-0.001991818371080978,7482
23253,0.3342843133763787,0.039147121401225116,7483
25425,0.3342767077869864,-0.0021653285717651016,7484
22684,0.3342260802228715,0.005224029285680554,7485
29447,0.33418427964435254,0.03972060978444297,7486
23006,0.3340770988225423,-0.008816420970194805,7487
26961,0.3340457641784231,0.02508748790127846,7488
22298,0.3339305922009062,0.15567458713155313,7489
26714,0.3339122018776623,-0.006242210335574039,7490
21082,0.33383839965699913,0.014208275375259927,7491
22778,0.3338188595405122,0.16652024528105255,7492
22812,0.3337922901217442,-0.02000227148622169,7493
22221,0.33375339538448234,0.043958418434702384,7494
21096,0.3337265706616774,0.15062665245559662,7495
24191,0.33372578099614275,-0.012732487151492167,7496
24878,0.33367540230004844,0.0026833278923306114,7497
26523,0.3336626952898198,0.12198110239028237,7498
24800,0.3335786050273694,0.0020437854724105198,7499
20414,0.3335103450151464,0.08896265081422056,7500
22467,0.3334267135457344,0.09687813223336447,7501
26457,0.33335764305838467,0.013044654239262543,7502
23392,0.333334850712905,0.026347309873453795,7503
28202,0.33333093810029035,-0.013809612176758301,7504
26935,0.3332391435262898,0.008625619296237452,7505
26384,0.33318271101053454,0.08516333553891689,7506
28436,0.3331803524938762,0.0010688256613366476,7507
20889,0.3330725280493229,0.0080323661207371,7508
21498,0.3330688056287705,0.025773688012007523,7509
27291,0.33302792183167124,-0.017760755199943135,7510
22242,0.33295634115552514,0.04320717995458251,7511
23458,0.33295349586298195,-0.0069357612789472944,7512
24869,0.3328599216923917,0.17204270127842605,7513
28750,0.3328270896301273,0.008422709769757897,7514
23135,0.3327619036113404,-0.011384719708155133,7515
21076,0.33275144852905797,0.028822498704805022,7516
27455,0.33263324107966613,0.022869878597368443,7517
24188,0.3325883089527027,-0.011990649089754835,7518
27332,0.3325572839080162,0.02985241779603609,7519
22002,0.33253354826133935,0.02228265093685522,7520
24164,0.3324676133925834,0.006913932525633049,7521
25619,0.33242825348735194,0.05678604454251157,7522
27685,0.332380289606426,0.01458998400757111,7523
20662,0.3323493017669621,0.008774757431374736,7524
21343,0.33233670048372876,0.04749413806847247,7525
29783,0.3322924138067384,0.0013621120067213166,7526
26815,0.33224753158175807,-0.0210484282564542,7527
29013,0.3322225232796504,0.006106621079053853,7528
23121,0.33214944079454883,0.10196020320587115,7529
29819,0.3321456731651694,0.02137078399896336,7530
27119,0.3321385956969078,-0.008564323706544974,7531
29527,0.3321089276709784,0.03513321606120773,7532
21355,0.33206582049804806,0.13103301497762226,7533
26140,0.33200998119331887,0.11257511768161266,7534
20964,0.3320056193490876,-0.03885461513020666,7535
21346,0.3319529345837452,0.018315218872985317,7536
25029,0.3319377287517747,0.027269160785684365,7537
22704,0.33190874493276196,0.035396733982256345,7538
24941,0.33185675857740443,0.10551821253657362,7539
25179,0.3317957386245875,0.015127360921095123,7540
29847,0.331739063499378,-0.03149334853845204,7541
22288,0.3314841072567615,0.12039826013613927,7542
23967,0.3314159048526921,0.006463828272328331,7543
22438,0.33139172758690555,-0.007425666154039223,7544
23961,0.3313680929360692,0.05765973750750458,7545
22650,0.3313616723447834,0.14094600045066452,7546
21950,0.33131395821293164,0.13792388193667912,7547
21151,0.33129967569522517,0.03976289486335005,7548
22709,0.3312830416197842,0.013609718482342936,7549
22848,0.3312674639303682,0.027774295262564808,7550
22517,0.3312072254324086,-0.01214944992205913,7551
20575,0.33114702449770633,0.03220956640787315,7552
23445,0.3311359008495832,-0.003341328778625363,7553
22432,0.3311349975368926,0.015570469628463146,7554
20605,0.33112483974012225,-0.0021551330471967223,7555
24838,0.3310902522857554,0.002864836126555359,7556
24494,0.3310532581926817,0.019744547757085784,7557
28267,0.3310262108721914,-0.00766104320576938,7558
20282,0.33100831824121085,0.13474950206222364,7559
21309,0.33087776603952923,0.05502806868010901,7560
28805,0.33086214250693724,0.01871896122867045,7561
28558,0.3307262490144301,0.015438010775499944,7562
24863,0.33071393787684983,0.11843671861074076,7563
20955,0.33062214107271115,-0.017476348285573984,7564
23600,0.3306131436102322,0.06391677980674249,7565
29492,0.3305447563291936,0.01853110738270114,7566
25877,0.3305252305948431,-0.010181556074323639,7567
20953,0.3304667285581063,0.04646155386527234,7568
26161,0.3303899608675042,0.00841221629575667,7569
21054,0.33035079397061595,0.14789894353853483,7570
20331,0.3303265252026755,-0.0014187380787359927,7571
25317,0.33030330194331736,0.15812379276403812,7572
25498,0.3302599119918763,0.16705199116568084,7573
21098,0.33019367958031515,0.11085468950522279,7574
26501,0.3301099733355372,0.1158926541483836,7575
20589,0.3300965643583541,0.015552092512541082,7576
25525,0.3300654352913216,-0.015355420279636378,7577
24249,0.33002040484248724,-0.019927054948205125,7578
28450,0.3300027789978007,-0.00021783658501622893,7579
27318,0.3299839083409895,0.051625305452766,7580
29364,0.3299368597651399,-0.04177403775332844,7581
25339,0.329926190491525,0.03291314483053831,7582
23051,0.32988136229210085,0.01592338722873088,7583
25355,0.3298254905327847,0.057774493093234736,7584
26356,0.32982488200801524,0.1402432320439295,7585
20416,0.329803345496058,-0.0018661511203792447,7586
29105,0.3297995913603346,0.05379962799365845,7587
23245,0.3297565924481699,0.014454573646065283,7588
24059,0.3297488236391988,-0.03634553521937267,7589
26814,0.3297296645598358,0.08689005860339741,7590
21703,0.3296703705404314,0.0675706419611507,7591
25719,0.3295660018605925,0.03534435587030832,7592
27840,0.3294917843209747,-0.006988902138975794,7593
24036,0.3294160922023884,0.022491277137810795,7594
25948,0.32940657591309763,0.08381478816168997,7595
26019,0.32932625079952094,0.0032034648016535106,7596
25981,0.32926954339491016,0.12213804798277458,7597
28434,0.3291672880679394,-0.019623518982067545,7598
28650,0.32910965402463277,0.04709763961591312,7599
27888,0.32905082075444236,-0.0021483182928248024,7600
20705,0.3290396822428091,0.12634545984635195,7601
24187,0.32900477345740864,0.013652130860461076,7602
23580,0.32900134194803754,0.037031748721095215,7603
29137,0.32894775549864735,0.014432065422239682,7604
25858,0.3288969395036048,0.014847604884086596,7605
26717,0.3288803140628405,0.06031609418180989,7606
20164,0.3288645961223116,0.031166242719359638,7607
26772,0.3287762665602563,0.019906140311913456,7608
27446,0.3286993994019314,0.033050874909895056,7609
21848,0.32867263991273726,0.028546601836223484,7610
20603,0.3286405650831995,0.010908610233043958,7611
21584,0.3286167837541014,0.11764526810349818,7612
24927,0.3285531556680095,0.10434724401824907,7613
27096,0.32853559243789077,0.005289618505979254,7614
28194,0.3284412517142125,0.01356303046346391,7615
29781,0.3283847929555319,-0.011294158613909477,7616
23251,0.32837686691963597,0.008484662402097554,7617
25991,0.3282973704488455,0.0659793109103517,7618
21275,0.3282714642142425,0.02418578102621949,7619
22381,0.32826729728494114,0.05965525405287608,7620
20241,0.328176214891158,0.1156840738571844,7621
25733,0.3281015207778182,0.03842628800850012,7622
28793,0.3280938480552407,-0.011595745954457948,7623
20585,0.3279745664031159,0.0015682954894756795,7624
26375,0.32796057179049265,0.008571077542215588,7625
23337,0.327942288324103,0.14003740709016496,7626
22644,0.3279165837312291,0.021539777286341544,7627
22328,0.32780960571869694,0.03870596608986826,7628
28357,0.32779578984396457,0.006350685445735749,7629
23787,0.3277948222784569,0.04678386418785524,7630
24366,0.32776393674639626,0.08374458030407891,7631
25370,0.32776348543307426,0.03612593281468668,7632
26884,0.32775440792092314,0.018203213639215565,7633
20277,0.32774115162748946,0.005914975369419706,7634
20007,0.3277404186798138,-0.029586713470981685,7635
22141,0.32772873573295014,-0.0013465999486421687,7636
24273,0.327726430491635,0.029315427392091142,7637
23656,0.3276227949015804,0.02399222865770334,7638
23061,0.3276047989359692,0.023951255562389417,7639
24531,0.32756000806987223,0.008755564093119561,7640
25774,0.3275020887214247,0.007377173503160528,7641
27086,0.32725120166648136,0.03518551079629756,7642
20278,0.32713364129198896,0.012892136714737323,7643
24956,0.3269733576778937,-0.004496586541952119,7644
25985,0.3269345704071059,0.025276940632409484,7645
25550,0.3269267200181855,-0.015710188565778216,7646
22664,0.3268003716741743,0.0030132324681733103,7647
21661,0.3267843247403528,0.0047862016364437765,7648
28440,0.3267523799184332,0.030009535274700905,7649
26320,0.32673203630127884,0.1610957918364879,7650
23472,0.32673142740913147,0.012034512855273405,7651
26927,0.3267299372611213,0.005647021208462499,7652
23192,0.3266520602420354,-0.0021983275609905317,7653
21787,0.32662202036219506,0.011373424311636515,7654
23544,0.326547643743836,0.13333922308606497,7655
25594,0.3265430307370141,0.11584006562914131,7656
24228,0.3265200978330009,0.007488657243013008,7657
24448,0.3265140126786275,0.00827072120826522,7658
22831,0.32642490743402075,0.02211855270591434,7659
26948,0.32638750502013025,-0.0035644771226059913,7660
27721,0.32637466206080373,0.02747132221024745,7661
28633,0.3263504293555492,0.1513803792711813,7662
23205,0.3263285616140784,0.009204796578754004,7663
23634,0.32625445828613103,0.04028034836757538,7664
28594,0.32620549278127736,-0.0010952133094447314,7665
28901,0.3261599312738348,-0.011151553131967029,7666
29340,0.3260803304435884,-0.012516505078119244,7667
22371,0.32602875881190135,0.006803312162315389,7668
25633,0.3259978796955283,0.025236881568434677,7669
28044,0.3259531194155462,0.021336731856038238,7670
23579,0.32594600154992387,-0.006955390550690443,7671
23039,0.32594305041759813,-0.01487570132780569,7672
26933,0.3259328275514149,-0.009078147991857854,7673
21767,0.32583422094987347,0.0011196777833766824,7674
25634,0.3258072885905112,0.1510504354962515,7675
23629,0.32577252243848803,0.02688145170269185,7676
27722,0.3257030836547596,-0.01228979212934278,7677
20187,0.3256887563915162,0.08105704740921754,7678
27555,0.3256774864577135,0.003398688070015199,7679
21020,0.3256660337990439,-0.023478918067768417,7680
28581,0.3256166852294973,-0.002738167950165571,7681
27210,0.32549750178625686,0.01032339189096071,7682
28228,0.325486559696356,-0.0015617937212074051,7683
24957,0.3254523388440932,0.15668761922914642,7684
22539,0.3254351683145764,-0.010310411220546656,7685
24585,0.32539584196798066,0.011368956381925366,7686
29938,0.3253620816664061,0.09293392473699444,7687
20267,0.32533083894416825,0.047775866519664145,7688
21388,0.3252539267407799,0.01809528787829101,7689
27875,0.32524209403197923,0.004798238967589963,7690
27309,0.32514785109004063,0.03864283879050534,7691
29757,0.325143136802095,0.053455119253833616,7692
28034,0.3250247200076563,-0.0024214573797879946,7693
21279,0.32501980614261755,-0.00370616435622545,7694
25212,0.3249407284546106,0.11253166475562493,7695
27518,0.3249326028137082,0.012761086337848615,7696
26319,0.3248455570365703,0.014675445330103898,7697
21642,0.324840961971948,-0.006974505438247347,7698
27965,0.3248105374421636,-0.00045427592464830635,7699
23885,0.32480556547354256,0.013137134697532193,7700
23630,0.3247574579316702,0.1030670730023471,7701
28751,0.32475666668469527,-0.009207886580969549,7702
20806,0.32469553070177365,-0.015232359810083473,7703
23789,0.32469055309206385,0.008353422464600135,7704
22005,0.3246649833746676,0.04548539333846108,7705
25951,0.32465079797627533,0.12633199524152733,7706
22319,0.32458870193439077,0.16467168646708333,7707
27745,0.3245660983823213,0.025342617208432783,7708
24946,0.3245423902714593,0.06904559568478325,7709
24240,0.32442858330404806,0.027070704353937824,7710
23375,0.32442690378026434,0.07568109766271591,7711
22206,0.32438783392483217,0.01129198311651558,7712
21053,0.3243141136983678,0.1426544517687612,7713
22191,0.3242994986522626,0.009247965507587663,7714
25912,0.32426979505055925,0.13015129118825414,7715
21436,0.32425994698393656,0.04136731247426584,7716
22209,0.32419321245864763,-0.0031682926283612134,7717
22180,0.32418307408212677,0.048063215758270494,7718
20009,0.32409472343121143,9.668250405109324e-05,7719
23443,0.32404700965523003,0.0017268720599341036,7720
23407,0.32400197305650724,-0.015412805166243881,7721
28771,0.32399606696001004,0.003647597357411214,7722
23118,0.323888866936819,0.003388894086405858,7723
26193,0.3238689360436378,0.04607736358170256,7724
24613,0.32386110819101493,0.14648311649550944,7725
28706,0.32385233354780674,0.029223049663969658,7726
27622,0.32374281912907543,0.027278928850127837,7727
28238,0.32372112373631007,-0.01354801447858428,7728
24748,0.3236234510229719,-0.007962242255528995,7729
24607,0.32359484678950434,-0.00429325067638614,7730
25548,0.32349801463269084,0.009315663286061038,7731
20020,0.3233907663279382,0.00367179566206588,7732
25954,0.32336449847898124,0.15205160893486436,7733
21398,0.3232934144133088,-0.005569921811890199,7734
20860,0.3232362937047284,0.04630977107905071,7735
21773,0.3232238257807294,0.11287337507176787,7736
28369,0.3231415826522822,0.08972591076399286,7737
24307,0.32301015949173056,0.029483096089393757,7738
24852,0.3229682249464651,0.02901782861200991,7739
22708,0.32290358797876967,0.03096754711012767,7740
22386,0.3227779886337344,0.0641801802621989,7741
22670,0.32275626257928364,0.01151197283605071,7742
21530,0.32273947139325554,-0.002127063931320894,7743
22976,0.3226141531570321,0.014287573962043387,7744
25429,0.322481664990346,0.0446736100035896,7745
20070,0.3224425793347106,0.012645396726991553,7746
28320,0.3224050810316449,0.12844648083049764,7747
24092,0.3223384477014124,-0.015120679224338018,7748
20841,0.32232050237103765,0.10679081540079222,7749
21595,0.32230597987776993,-0.005168283552766939,7750
27995,0.3220677756081077,0.14761087831533204,7751
25252,0.32194046555358413,0.03643719878729812,7752
22967,0.3219376595651736,-0.01720854070230915,7753
20987,0.3218848761764124,0.003985818529799623,7754
24271,0.32186406654378097,0.12432995510677122,7755
23927,0.3217717978358894,0.08020707139499325,7756
26910,0.32177056228594303,0.0009994601188907382,7757
21623,0.3217594725731626,0.005930660706695179,7758
24632,0.32168960868327123,-0.005952300854393133,7759
22738,0.3216863016729711,0.027559065144333705,7760
23373,0.32160737178003407,0.04896272642525645,7761
25333,0.32152032308634076,0.026690296719461326,7762
21841,0.32145527152160186,-0.02079980246556895,7763
24510,0.32141104047411007,0.024322634957021194,7764
20240,0.3213841754510385,0.10415760703397481,7765
23724,0.32137270683704644,0.02564554225369281,7766
26478,0.32136786919367755,0.12657083802609506,7767
25040,0.3212884136709987,0.06376969953244477,7768
28604,0.3212556876326959,-0.002610831482320386,7769
28561,0.32120665193366654,0.004351627646590583,7770
23097,0.3211595109498346,5.228514755928337e-06,7771
21035,0.321133343854492,0.07325927205265267,7772
26425,0.3210968027785008,-0.015147594741380999,7773
29237,0.3210859789727031,0.01569967391704391,7774
29218,0.3210471373758623,-0.0007584538498613957,7775
23221,0.320971216587108,0.11182048765816965,7776
28713,0.3209266595106937,0.04150353340787688,7777
24107,0.32091749103969996,0.00428830544675507,7778
21707,0.3208859868879459,-0.007430202642616901,7779
28097,0.3208299625723201,0.020560369862056782,7780
24508,0.32069729919702195,0.042346619719322964,7781
29239,0.32061555486259863,0.11726759190706754,7782
25448,0.32060818866408275,0.004347297386184945,7783
21597,0.32053017070477674,-0.014600405070182787,7784
22075,0.32049641358582487,-0.018229281334926517,7785
24533,0.32043671628698006,0.005365601678977261,7786
26800,0.3203969074269366,-0.028029129663827312,7787
20055,0.3203856057470786,0.020074485296492584,7788
29433,0.3203649603443764,0.11759391158321372,7789
26889,0.32033814900520363,-0.03084662513547115,7790
20196,0.32033554554871,0.07321628253931961,7791
22266,0.3203204084391305,0.0787512177587899,7792
26640,0.32025075597409064,0.11930153590210871,7793
27947,0.32023887305110765,0.005108886740354701,7794
25653,0.320238839430643,-0.009278639370139452,7795
26638,0.3202122207235344,0.005931112969136565,7796
29921,0.32014419845464087,0.011248051569016204,7797
22770,0.32014039027777635,0.01372065738917655,7798
29848,0.3201355749425242,-0.03792410740275537,7799
26828,0.3201119733159788,0.015224617050580203,7800
25149,0.31998750739520077,0.03147146875731843,7801
23623,0.31997482083786133,-0.002542940558970752,7802
20271,0.31988781438614716,0.0072853846596690475,7803
24933,0.31976470404477975,0.14447008181137108,7804
20813,0.31975522651786026,0.019236666134002933,7805
25480,0.3197453001528698,0.012642426235276172,7806
20584,0.31973566669285813,0.15076816660737893,7807
20568,0.3197152124175083,0.07496299990027094,7808
20561,0.3197063721943376,-0.030666606300535026,7809
21523,0.3196866877419973,0.004340601992137927,7810
21072,0.3196789097914348,0.050406303367860006,7811
22286,0.31966511412981297,0.03948576825932243,7812
23998,0.31964392330250013,0.046115253771387976,7813
23805,0.3195569545404008,-0.03302074187432791,7814
26799,0.3195429331701685,0.010700486584032387,7815
23316,0.3194375918720793,0.03561586991670984,7816
22289,0.31938344237228483,0.01125483883300793,7817
22482,0.31926960342523353,0.03219525771969384,7818
29393,0.3192575708108132,0.0807484502688389,7819
28490,0.3192509310658229,0.1215733142901286,7820
21577,0.319222957230462,0.015006208978600388,7821
21373,0.31920025178045924,0.14479298701859256,7822
21263,0.319152200142236,0.13305711509889612,7823
20498,0.31909765166041193,0.004936445743946916,7824
28759,0.31908931225589987,-0.0013935719263160062,7825
20307,0.319085179553053,0.10606164168290724,7826
22361,0.3190740590048523,-0.011084083830927516,7827
25982,0.319060593201509,0.03936767089293142,7828
26237,0.3189746501559346,-0.03202840175208893,7829
28043,0.3188535526471522,0.004273501859422935,7830
23959,0.31881698097927696,0.1409686458392237,7831
22394,0.3187770618242823,0.05456319593707115,7832
29285,0.31874001514560024,0.04975412069185603,7833
25606,0.3187374834143815,0.0073141558590718025,7834
23796,0.3187236888723763,0.024516443170024826,7835
25569,0.3187113226760542,0.03046619008387469,7836
29320,0.31869767424298906,0.020678363357434226,7837
25225,0.3186401834340155,-0.012018377769494715,7838
23997,0.31860503406192875,0.05942317431831473,7839
29841,0.3185767917654723,0.016993425791939798,7840
28265,0.31840314771105865,-0.005006499958572885,7841
22576,0.3183786527235508,0.12529373101372646,7842
29426,0.31832775665187024,0.05906244143811451,7843
29341,0.3183096558355446,0.11260151497182261,7844
20811,0.3182635162989884,0.004092766723666819,7845
25651,0.31825607746946394,0.0013217014216500567,7846
26509,0.31818391385316386,0.07376067745045037,7847
27544,0.31813285484989867,0.03256129803141389,7848
24483,0.31800941100680824,-0.002110624814811557,7849
23931,0.318002342949017,0.050469932963754294,7850
25485,0.317937433548987,0.026064925591716137,7851
22873,0.3178754704343208,0.0048378046305363465,7852
29782,0.3178387985546575,0.13872645950102522,7853
28499,0.31769991274200315,0.06711537108929866,7854
20804,0.3176381302467277,0.018192479575393217,7855
25808,0.3176350621117463,0.021894874732087677,7856
24454,0.3176319568604144,0.1057190532879175,7857
23202,0.3175687590079873,0.02734672394356663,7858
27660,0.3175203253001812,0.023301006377277722,7859
21231,0.3174451078486599,0.0026312172969143455,7860
24913,0.31742003783213557,0.01258119464571722,7861
25323,0.31736164930849053,0.14949805540902653,7862
20374,0.31728039443843653,-0.003114210119233518,7863
25572,0.31724062695041616,-0.011889251896887887,7864
23575,0.3172037009055216,0.01057209719433716,7865
26969,0.31719894328363224,0.026100388936051655,7866
24436,0.31716429822670095,-0.017140964551349336,7867
28916,0.3171574105307926,0.02405721515789505,7868
24302,0.3168583289452526,0.025478488196133575,7869
25842,0.3168493076173017,0.015372688404155177,7870
29407,0.3167596617582014,0.0022978021541982807,7871
28730,0.3166930331500392,-0.010549191248334144,7872
25505,0.3166886685502241,0.014814231789560317,7873
29796,0.3166819232207635,-0.00704059404297358,7874
28365,0.3166493204040459,0.006742536357132789,7875
22588,0.31663895597560343,0.07467722088573236,7876
25870,0.31659572161407834,0.042421097133992,7877
29840,0.3165315726691965,0.0282873804243583,7878
27960,0.3165194463774127,0.011197095763420262,7879
25566,0.31649696100527164,0.00908509352731468,7880
21559,0.3164610868310911,0.054495137064411725,7881
22662,0.31642658297151977,0.02317665135113761,7882
24596,0.3164035430023421,0.012450450275331426,7883
20459,0.3163251210680159,0.010088796715391313,7884
27498,0.3162544713656875,0.025293276972904566,7885
26349,0.3162481411234106,0.1637123793304238,7886
22203,0.31622724779801015,0.003345826967990073,7887
24854,0.3162052615594728,0.0041802829175619505,7888
23235,0.3161846803935228,-0.0030831339090209298,7889
21815,0.31617888969577734,0.14831203406338975,7890
29976,0.3160841105535397,-0.006284626264704329,7891
26706,0.3160373437953026,-0.014356865496862603,7892
22648,0.31600982133916566,-0.004126284781929224,7893
24731,0.3160049969527077,0.021936490172800027,7894
22745,0.3159363115744899,0.008242550742877108,7895
23416,0.3158648720751685,-0.009142393361072698,7896
26201,0.31585464349323117,0.14629468446474478,7897
27436,0.31582119396507385,0.018649023074770565,7898
20928,0.31581440579943615,0.019336381040044204,7899
25933,0.31571417899171855,0.0880327897044976,7900
22113,0.31567976446842005,0.13154335173237608,7901
25968,0.31565884877358336,0.02711795367079145,7902
23309,0.31561683897784465,0.003232185988901959,7903
20636,0.31561134401746166,0.012141912452982018,7904
27609,0.3155488953728159,0.0012979594483732981,7905
29098,0.3154595188941214,0.01403525462113725,7906
20591,0.31545162811740274,0.1649562121201111,7907
26434,0.3154494236931376,0.03381062870251711,7908
23529,0.31538584850242285,0.023475987373886786,7909
28643,0.31529178047323553,-0.006559347575195218,7910
29333,0.3152736496917679,-0.024133391552746075,7911
29750,0.3151977093375615,0.023148094159081478,7912
23424,0.3151684179660806,0.11931173659645244,7913
24714,0.315085424041431,0.08152159034296338,7914
26750,0.31493310105413197,0.03220046831862128,7915
22049,0.3147625661541909,-0.02136700184110013,7916
23273,0.3147595526702068,0.08792509357293857,7917
24885,0.3147191998666075,0.03501290454244377,7918
21307,0.31469587894912404,0.005997096298041016,7919
24909,0.31466629472460844,0.06749565086950204,7920
29102,0.3146233003622214,0.017399784634565485,7921
27852,0.3146134707454189,-0.01914368390684623,7922
27559,0.3145596109501595,0.019664817738300144,7923
23112,0.3145163862919932,-0.0013178165263860175,7924
29647,0.3144539682283789,0.01706761863543138,7925
29377,0.31443874156933205,0.0013763547515367458,7926
29264,0.3142615140687219,-0.027932594355937757,7927
23878,0.31421836647761753,0.021467953846198484,7928
20074,0.31421802021474154,0.010782162197874645,7929
28291,0.3141700770062196,0.02551166067760352,7930
28869,0.31412235554423384,0.017919880748366646,7931
20886,0.31410035156431365,0.011592966079897682,7932
25306,0.3139696792180806,-0.003618256460585445,7933
30000,0.3139470782833467,-0.00998669070267516,7934
22572,0.31393091936091544,0.0034606459846185933,7935
29638,0.313854029110336,0.03375526293424652,7936
29846,0.3138001012050285,0.1467853716564102,7937
27738,0.31376688285192017,-0.02823367074291272,7938
24043,0.31376019782055625,0.0562450771754921,7939
26529,0.3137279322950549,0.05239299569933964,7940
29508,0.3137243246356796,0.14006877780988292,7941
24157,0.3136065409023589,0.019553955743813023,7942
29040,0.31360157777126363,0.019390087030758896,7943
26781,0.31338501484097786,0.024678710031939777,7944
27384,0.3133690153427731,0.02168070391114607,7945
21605,0.3133627091270298,0.010710581915452377,7946
28520,0.31332935355269775,-0.013089539768631087,7947
27612,0.31326077757774545,-0.036500450256768124,7948
29216,0.3132300982104956,0.009862023949270438,7949
21547,0.31321386976353094,0.03454604417002405,7950
25772,0.3130241509161898,0.02662733781509602,7951
26037,0.31302188197997816,0.032467263446487316,7952
29155,0.3129510019899276,-0.023166864871218107,7953
23229,0.3128713891940962,0.1268862050787685,7954
22587,0.3128672016017018,0.08523362717260533,7955
25725,0.3128611278868055,0.01954382908271124,7956
22124,0.3128127874640078,0.1161728148470535,7957
23800,0.31272033108907066,-0.021043332312349672,7958
29602,0.3126842693829316,0.10310026447113443,7959
28208,0.31260318506017404,-0.02983982979384936,7960
24073,0.3125768654132909,0.10781671411319069,7961
22884,0.3124676961715826,0.08368478758768189,7962
22502,0.3124079541762075,-0.012657895700473931,7963
25818,0.312343698672474,0.12109833273319798,7964
29683,0.31230330459021094,0.0897072992158276,7965
26528,0.31220825024210924,-0.026890225238084042,7966
25815,0.31218410152939063,-0.030769129020000563,7967
29639,0.31206091520115253,0.03187808833257366,7968
23986,0.31194917826821067,0.015049678791067278,7969
20149,0.31187741151395393,0.010059576935132264,7970
25019,0.31186941976952515,0.1458830290716782,7971
24041,0.3118036709662226,0.06509391564360495,7972
24499,0.31180360579057526,-0.001811961759758507,7973
24429,0.3117516253909071,0.046371687631116376,7974
23884,0.31171128733858483,0.02099635193127619,7975
29930,0.31168644256632455,0.00791110256263261,7976
20165,0.3116517155636927,0.16468222801780646,7977
29419,0.3115399211956114,-0.011205741354681109,7978
26448,0.311522174141492,-0.006863829513772068,7979
25677,0.31151130665811694,-0.011491677312922,7980
25030,0.3114218747967455,0.08991297788765673,7981
27462,0.3113716193737752,0.08344082666585861,7982
24416,0.3113567547633064,0.010175651363715787,7983
22387,0.3113163912749362,0.04952742254197212,7984
27048,0.3112968711507209,0.009653680934872955,7985
26770,0.3112305826456598,0.1340674913551621,7986
20344,0.3111855069475338,0.031768073772018846,7987
20820,0.31108777701317697,-0.008084570199700158,7988
20439,0.31104995363888344,-0.023726162357864844,7989
28220,0.3109575096588735,0.14099554019204336,7990
25090,0.310949120036329,0.14675419990783603,7991
22363,0.31087243599998793,0.12092049349308803,7992
21013,0.31084518998269683,0.03705437304063347,7993
27676,0.31081414947845004,0.025456061843392996,7994
20358,0.3107720013499124,0.1252564303370377,7995
29256,0.3107481909335903,0.03745717120111225,7996
20920,0.31073251399641566,-0.012371117700073264,7997
22153,0.31065154751189966,0.05534552734930703,7998
26556,0.31063879620748325,0.012121061585152304,7999
22264,0.31063170745306123,0.02223251029176415,8000
27651,0.31060835868626546,0.0013719200571864487,8001
20115,0.3104003636519999,0.02886694763265435,8002
29572,0.3103025063065719,0.09134574292879433,8003
24803,0.31027731743703385,0.0017740063119660032,8004
22087,0.3102573123416622,-0.0012868076612705392,8005
20048,0.31024678463132216,0.035624315883338864,8006
21145,0.3100295080797338,0.00044501349455244865,8007
28836,0.31000070703443383,0.13750890826763332,8008
20803,0.30992539065470487,-0.020938836610706002,8009
24976,0.3098440926188072,-0.04668372919775127,8010
29691,0.30979206082406596,0.10978305295935958,8011
25867,0.30977239693108166,0.00577723105703809,8012
26909,0.309763708104354,0.10194914661981966,8013
29912,0.30976035569537724,0.008252149053665725,8014
25900,0.30966746556509384,0.01888920051266152,8015
22978,0.3096649840224907,0.02445069830483687,8016
25501,0.3096514223138541,-0.014265765797611962,8017
22054,0.3096483404403589,0.021958928006899414,8018
20098,0.3095753835198326,0.04705692886944707,8019
20555,0.30951161559429696,0.012039081261135287,8020
25360,0.30949904537556344,0.13581549237569843,8021
23515,0.3094905796723779,-0.02995665198547265,8022
29720,0.309479293447089,0.13046337809412156,8023
20913,0.3094118793456759,0.084918313321762,8024
21612,0.3094082295221524,0.11365185475965087,8025
28114,0.3093993595304028,-0.005635638242652896,8026
26063,0.30933475849136743,0.05084540034793639,8027
29758,0.30933398051311045,-0.007387662891911728,8028
25925,0.3093107794990796,-0.01734981048592782,8029
20986,0.30927207032631626,0.07746101648046036,8030
29619,0.3092314630761828,-0.019202259396833232,8031
24526,0.3091556483238435,0.003490847147904652,8032
23497,0.3090290872794403,0.008650582378945393,8033
20930,0.30901967312412654,0.010807305504705378,8034
25486,0.3090027143807755,0.012312571132504169,8035
25188,0.3089842651082465,0.03366668435111503,8036
26977,0.3089311199462913,0.020032093565236997,8037
20034,0.30891051498798716,-0.02120180502804203,8038
24319,0.30886517272450975,0.017104553137197942,8039
25590,0.30883589057317307,0.006255266047922647,8040
28136,0.30882802260918274,-0.013370993697480793,8041
22934,0.30881207398325083,0.021192784641070994,8042
21207,0.308808176661748,0.033617119918497806,8043
26168,0.30877791061093063,0.044953226331931606,8044
26144,0.30868844809788903,0.03504776514165614,8045
23514,0.3086525641357484,0.03219644505379682,8046
22932,0.30856472282107833,0.026766682510976803,8047
20737,0.30851541390098075,0.09593731830304833,8048
22822,0.3085079366169089,-0.010060175772134416,8049
29745,0.3084569733539361,0.013501852418857596,8050
23425,0.30844044669453163,0.09293534752466706,8051
23068,0.30840597141618953,0.12890473697565066,8052
25621,0.3083866677083447,0.03306851560709567,8053
27725,0.3082977753445186,0.1126342945518066,8054
28670,0.3082262212518773,0.12779267450548962,8055
28389,0.3082153549449289,-0.012778660297493638,8056
23027,0.3081809595926108,0.12169119039382326,8057
21890,0.30807496812829877,-0.0100904517959029,8058
23147,0.307974612232416,0.024347390115290357,8059
29648,0.30791668649024323,0.011389103485483165,8060
23107,0.3078989043718046,0.11070894646995422,8061
23638,0.3078569437988612,-0.0055273610790713135,8062
29732,0.3078212162039992,0.004829677926750209,8063
20927,0.3076628468483611,0.1014846060822765,8064
23101,0.3076397373450422,0.006970714410236001,8065
21291,0.3076342975842007,0.02555582267111406,8066
23254,0.30757911332281374,-0.018805095817714113,8067
24944,0.30755996706656724,0.03158018286184866,8068
22880,0.30751761415418166,0.007737051306472287,8069
25455,0.30744544858618916,-0.013739186415799576,8070
24716,0.30731916554665484,0.07849383738762777,8071
28085,0.3072640118122823,0.0016778674097953084,8072
27774,0.3072365532806114,0.036248417115164355,8073
26094,0.30722832774797837,0.04719943903828483,8074
23016,0.3072121035562132,0.009096337151514311,8075
26570,0.30714195277129575,-0.0021583899454483135,8076
27873,0.3070711657810628,0.0746963289533365,8077
23315,0.30701213445736136,0.02006321597565025,8078
21575,0.30699598779486903,0.01400573551586376,8079
21965,0.3069588158807402,0.004576356563838313,8080
27042,0.30693535032492986,0.01257124423620698,8081
23645,0.30685170184882116,0.010619392661248062,8082
29669,0.30679432588568856,0.15733531217218208,8083
21578,0.3067721154711225,-0.0161363786903031,8084
29867,0.3067457074755288,0.020926188545906277,8085
25507,0.3066793939699893,-0.011131053114537659,8086
26499,0.3066364639619325,0.08928133796368262,8087
23041,0.30661141408883763,-0.01286461024388702,8088
24443,0.3066103967667064,0.016694110428848496,8089
23190,0.30659369034310857,-0.0078067700745173,8090
24552,0.30658641232692657,-0.011430457297504026,8091
26577,0.30656877750681016,0.00653980451449232,8092
25054,0.3063873938330103,0.007824681884569695,8093
25390,0.3060845815261568,-0.044339675836931935,8094
28485,0.3059443768498182,-0.014770462660196382,8095
27641,0.3058928712375318,0.004785289228674494,8096
21971,0.30584328492711194,0.0016735157610578977,8097
21780,0.30583812673329297,0.03279832228313634,8098
24308,0.3057629953030377,-0.03427815016101493,8099
24720,0.3057532113037816,0.0049189566179407285,8100
27293,0.30572159241996316,0.013973212600353502,8101
28728,0.3056795298126569,0.006506288718884423,8102
21693,0.30567860058956686,0.12614965030604516,8103
27837,0.3055691268830571,0.09664700801807069,8104
27051,0.30550826975531475,0.011141760936875855,8105
21587,0.3053264201475068,-0.0006573585902797663,8106
29573,0.30528243310000297,0.009165358906233712,8107
25032,0.30524119058758636,0.020735545376338205,8108
21395,0.3052302100911108,0.02518620046513348,8109
24873,0.3051770844492274,-0.005955950369275653,8110
29529,0.30516178316889303,0.04142595056461168,8111
22592,0.3051509824651284,-0.006784421644017269,8112
22584,0.3051475647526091,0.01157528420766274,8113
26234,0.30513361801386835,0.0038623536104169243,8114
24410,0.3050976497766784,0.16100247557977407,8115
24675,0.3050845348640922,0.022547652909547244,8116
28233,0.3049495558088277,-0.027897556215583375,8117
27507,0.3049323074702437,0.1092618341986227,8118
25217,0.3048836215651531,0.008463271491520596,8119
26591,0.30484676153551005,-0.006021888300373701,8120
27415,0.30481870357024454,0.050438280656218304,8121
21572,0.3048126742597701,0.0698304783529829,8122
28586,0.3047931984821748,-0.0042590256426642825,8123
23350,0.3047713314136919,0.07317466741574633,8124
22222,0.3047055356992998,0.008261457432383545,8125
21274,0.3046799596207631,0.002352096904864487,8126
28978,0.30467464408454864,0.02301567776943786,8127
28822,0.30467032362038093,0.10140777197969897,8128
28565,0.30459279135781825,-0.026550106929904005,8129
26782,0.30457429881536935,0.12559498187134932,8130
23562,0.30453945754289824,0.011621582772360917,8131
22077,0.30453518967005244,0.1350973640050089,8132
24066,0.3045241477877044,0.0076196009139357646,8133
23223,0.30448120671785567,-0.0025328628934002118,8134
23298,0.30442465469728214,0.08614381967346693,8135
20625,0.3043718910767827,-0.012003625118338968,8136
24920,0.3043688995520776,-0.0014944773071028372,8137
27276,0.30434591385900145,0.024313303918924,8138
21942,0.3043230622087224,0.039393641835253734,8139
29312,0.30427106672221066,-0.02356231267193587,8140
29625,0.30427035427939936,0.018938992626670648,8141
24230,0.3042520731035217,0.007484329163510939,8142
24608,0.3041949048942306,-0.01383622904317,8143
20796,0.30418390864557737,0.03880439017336351,8144
28344,0.3041504038886481,0.04461726729216686,8145
23034,0.30405351544428516,0.08254835431195123,8146
21762,0.3040440134971866,0.026086674089988826,8147
24000,0.30401325815909774,0.07020340182563908,8148
26488,0.30395894681862645,-0.00444080231030064,8149
26956,0.3038734826189563,0.041273616974124405,8150
20141,0.30368465410168743,-0.023307873836083737,8151
27804,0.30356528523243986,0.0014310790738935042,8152
22791,0.30349161490380056,0.0010295184262022472,8153
21300,0.30344184440930433,0.010871522728714389,8154
21913,0.30343822772295603,-0.011993657378112865,8155
28226,0.3033878539303985,0.0013807296419625081,8156
26219,0.30338752695442367,-0.01632695433689385,8157
25599,0.3033348399916334,0.008542036834322864,8158
20113,0.30331429571340207,0.012365506394756753,8159
29709,0.30313187992529794,0.16214154960912405,8160
29978,0.3031039257972451,0.0573354502518357,8161
20016,0.3030919361439498,0.01119864252649272,8162
26360,0.30305286622753486,0.008797894258620209,8163
22942,0.30304839148450613,0.13118708378349583,8164
27697,0.3028955670256118,0.02856665624351551,8165
26216,0.3028892234343594,0.02504875150506225,8166
29170,0.3028566718348243,0.09800605342911889,8167
25852,0.30277551185069096,0.04568754126295965,8168
28077,0.302767474248879,-0.013365162157282673,8169
26309,0.30267090242960515,0.03509187621864629,8170
22389,0.3025477470790975,-0.019337949109852648,8171
29362,0.3025273701307395,0.018166579867230748,8172
26964,0.30244760329782594,0.008837153686204025,8173
21147,0.3024352176968296,0.013646494865943604,8174
26012,0.3023775764131334,0.0038424558237118434,8175
29194,0.30218624854578896,0.06221357829414892,8176
20194,0.3021640539449021,0.013074019694897132,8177
28284,0.30209068213896,0.10900522836409146,8178
20724,0.30195972909166174,-0.0009616641437829587,8179
25018,0.30194119562143246,-0.020397328436057793,8180
25520,0.3017609200742661,0.04316955879132883,8181
25112,0.30171451277225414,0.011759804553951647,8182
22331,0.3016210801631298,0.02879286332115205,8183
24504,0.3016019276561599,0.12967615173391325,8184
29944,0.30149345251124315,0.09614894880198835,8185
22639,0.3014500782002856,-0.021884173541237006,8186
23102,0.301449767208641,0.026178869658675774,8187
27322,0.3013668014823102,0.04398921328434918,8188
27867,0.3013194840536284,-0.0025818489121098853,8189
29540,0.3012973289030345,0.008240333270820188,8190
22448,0.3011888013111662,0.010640931055419911,8191
24241,0.30118381861752436,-0.0240493059676522,8192
24536,0.3010023915099634,0.02814251380420646,8193
28093,0.3008798539635563,-0.0013493438466350982,8194
24939,0.3008438707842999,0.04488211895035088,8195
24027,0.30080514200655145,-0.0001698094749013057,8196
29322,0.3007246004246731,0.006757173042123532,8197
27240,0.3006831992558587,-0.013178489067427634,8198
26890,0.30065722547811147,0.05253000406032901,8199
20130,0.30062995972268874,0.09840748090675397,8200
22958,0.3005274236920058,0.029742422566713556,8201
27405,0.30050352457471713,0.03766833575309647,8202
28910,0.30046182689367595,0.06575487759693274,8203
23837,0.30045757966261016,0.009969846051740228,8204
22818,0.30041364328618236,-0.022049367080599402,8205
23326,0.30028895988436555,0.08546059731389538,8206
21160,0.3002107939020977,-0.009254276426501007,8207
26776,0.3001726687828768,0.06573001991229288,8208
26340,0.3000175883828565,0.004130713291753685,8209
29245,0.29985549217459273,0.07941626400981158,8210
24244,0.2997972065260567,0.014951868936796564,8211
25088,0.2997625112511518,0.02890921570397137,8212
20773,0.29966248731992606,0.13250191771511682,8213
29652,0.29963851635192823,0.10715489244325849,8214
24792,0.29961061546301376,0.07908841114061357,8215
21074,0.2995456612365375,0.026506383523272836,8216
20872,0.2995431524287835,0.019791940148506437,8217
27312,0.2995318337124163,0.006335397336585058,8218
20460,0.29952730239703357,0.0012432085146538707,8219
29271,0.2995167783519784,0.02492512644075856,8220
28862,0.29943228947211076,0.08304486289172852,8221
28483,0.2994032407667769,0.04716316861849962,8222
25564,0.299369893372496,0.006172399055234146,8223
22782,0.29928575142681774,0.11449502960792332,8224
28909,0.29926306071312686,0.13491811488771283,8225
29418,0.29924190614335416,-0.011159341795887179,8226
20538,0.29923330343835464,0.13563287880552824,8227
29005,0.29921864875431803,0.018379761866834377,8228
21037,0.2992078228875419,-0.013255156017007275,8229
26586,0.29915579097555384,0.0338892214358017,8230
27607,0.29910603572147365,0.07789024304975728,8231
27201,0.2990850286997599,0.0907088630775979,8232
20728,0.299080701995391,0.01286499854218498,8233
20384,0.2989983800241099,0.012796991650176004,8234
23903,0.2988225274661968,0.0441244352397297,8235
29935,0.29881658811810063,0.08535503604070471,8236
23210,0.2987229848861681,0.060247029312679806,8237
21750,0.298703062666507,0.15581217449676463,8238
28994,0.2986708116041714,0.01077371180114789,8239
21063,0.2985953799506811,0.08925110953988324,8240
29631,0.29858808840827633,0.02143221313135324,8241
25545,0.2985788986608437,0.014406137185346335,8242
23257,0.298511158372708,-0.00663498387213346,8243
27732,0.2984889116806403,0.05173686375978953,8244
21208,0.29844966155977204,0.007813197865358779,8245
25325,0.29840872377882094,0.026538884720375022,8246
28451,0.2983577382807169,0.007646606320932392,8247
29892,0.2982069099117412,0.08510867895234736,8248
28442,0.2981867934055512,0.0242668696206621,8249
20739,0.29815718772845234,-0.004033327534441022,8250
25161,0.29814752093300123,-0.014563641820444173,8251
24738,0.2981443715159112,-0.006071935508273896,8252
23876,0.29811203242182177,0.021051066179262945,8253
26718,0.2980352438377245,0.0032363322081510604,8254
28266,0.2980158850652085,0.10014637278890001,8255
25091,0.2979780152326977,0.13202836466181864,8256
20422,0.297972118199568,0.09356656944125608,8257
22924,0.29784378491890484,0.09049789995175381,8258
24610,0.2977960499436791,0.1091005804968661,8259
24096,0.2976780151320767,-0.00392600809462712,8260
21219,0.2976177336834052,0.1278077878994452,8261
22620,0.297564982541384,0.01759271907921478,8262
23898,0.2975528528952207,0.04959025951292814,8263
25024,0.29747423221788194,0.02148155105254762,8264
26777,0.2974088635201911,0.08715621908942675,8265
22965,0.2972589606881724,0.11638998917427046,8266
21203,0.29718399629145525,-0.006470637205514385,8267
28963,0.2971673941416903,-0.02385888419843396,8268
26932,0.29715881633921104,0.007539772927357469,8269
25837,0.29712260653581196,0.0012461871907466504,8270
28051,0.29707225867180953,0.06462693816821521,8271
27115,0.29690475702587005,0.052947341537031845,8272
27208,0.2968276618535054,0.009686994923615078,8273
20247,0.2967657883090019,0.14207734606478248,8274
23823,0.2966054993285458,0.01876458724137947,8275
25254,0.2965247018102017,0.11327079365127074,8276
20492,0.29651616777117945,-0.009840558201348382,8277
28799,0.2964261122257753,-0.009214248188468,8278
28066,0.29635594526910713,0.020984485245391316,8279
21544,0.29635117645628256,-0.004709547801775071,8280
21039,0.29634909510709395,0.11016011405298928,8281
29533,0.29624481893556937,0.004100448394265821,8282
29287,0.2961803238693057,-0.026770838449646672,8283
24115,0.29611441600681243,0.0009821111810262018,8284
24875,0.2960699317264296,0.12107844031372855,8285
22793,0.29605393211087144,-0.00300929329428834,8286
21148,0.29599101612967055,-0.01301405688584134,8287
28544,0.2958597735816303,0.009076944926095232,8288
29034,0.2957766500603528,-0.03080261211474583,8289
29202,0.2957745821700197,0.004672231492458712,8290
25369,0.2956086431055093,0.0005090396381435269,8291
21031,0.2956071337635355,-0.008845115776999757,8292
21428,0.29557468616007304,0.018166463023711166,8293
27946,0.2952263448885688,0.09143888380765908,8294
21733,0.29518628242566125,0.010529125715425636,8295
28653,0.29498192956337543,-0.018118233800911487,8296
22995,0.29496947789955597,0.1146088913455203,8297
25248,0.2949694407670758,-0.009154804913704684,8298
22742,0.2949415208041291,-0.010415721634422337,8299
22764,0.29477395877442675,0.0062718601312286015,8300
24974,0.29473588917817056,-4.7011527675888676e-05,8301
25666,0.2947041495904858,0.05112564974151415,8302
22616,0.2946080099471862,0.0032145650112024304,8303
28827,0.29459187463883807,0.11059152895516902,8304
26947,0.2945811559036581,0.015084865733523023,8305
21637,0.2945038537650878,-0.021730485812246958,8306
23270,0.2944937540746695,0.011683660711171717,8307
23338,0.29448294286383175,0.1200879228851949,8308
23751,0.2943810106477976,0.03127429650268981,8309
25051,0.2943432371914845,-0.008294899846258086,8310
25539,0.2943420836206608,-0.000822375136677933,8311
25063,0.29429030892087826,0.09469071362372539,8312
28343,0.2942854705652281,0.004754532305908443,8313
23159,0.2942359426041069,0.13259135774474667,8314
29685,0.29423244262989956,0.005828506085902907,8315
28127,0.29416124002251925,0.013921065808750188,8316
27674,0.294154418680238,0.0053091131766379585,8317
28375,0.29415415101172676,-0.032881585269994795,8318
27736,0.29410989971279916,0.0013562502365163653,8319
23534,0.29410900134070855,0.0679443809154533,8320
27207,0.29410084927320596,0.01586537393023907,8321
27669,0.29394259317617066,0.0009760516017586207,8322
23383,0.2939149247935831,0.08866529627180994,8323
27868,0.2938648676994653,0.04500127414517541,8324
22053,0.2937919222228291,-0.013053298148072323,8325
28159,0.2937663583239547,0.03557890942070285,8326
28614,0.29370305587747236,0.038509600597977034,8327
21590,0.293669036447819,0.01707304028414841,8328
20108,0.2936240608991174,0.11794093452248247,8329
27249,0.2936067332967885,-0.016942365496702638,8330
26911,0.29356023567040873,0.08865017789419702,8331
20103,0.29354050809407845,0.031234164647534868,8332
25489,0.29351471181471495,-0.00837309742127268,8333
28783,0.29342329600319383,0.10065696304932598,8334
20861,0.2933907844131315,0.08096999211459224,8335
23908,0.29328320404042785,0.021996711993283624,8336
23230,0.2932208792255087,0.04931703326367845,8337
21974,0.2931991354352351,0.08545276312136363,8338
23243,0.29311595565606424,0.1418724629393417,8339
25823,0.2931045926309746,0.0020697833938412846,8340
25768,0.2930894718184034,0.051093009747549156,8341
23693,0.2928970782274339,-0.0042718121505683215,8342
27901,0.2927009094613698,0.1299270997598999,8343
22355,0.2926916880105428,0.15203227467077826,8344
24373,0.29269125045178335,0.08342525805363546,8345
25475,0.29261855675293547,-0.014411713653334934,8346
26662,0.2926070225148562,0.01826210980028592,8347
24153,0.29260612770937494,0.08335364304469761,8348
25363,0.2926056716263086,0.05788715561326707,8349
26471,0.2925654420721043,-0.0008053343283119241,8350
26518,0.29253186508154894,-0.01313586741905337,8351
27139,0.29240740101275153,0.10306505760170015,8352
27206,0.29237025434403435,0.02227276948456708,8353
27167,0.2922785636914026,0.026799493595642487,8354
28175,0.29227614372553795,-0.0031969361153528775,8355
27764,0.29226150906425497,-0.0194570756947669,8356
25356,0.29225144147062837,0.006166493373168602,8357
28778,0.29223357886386,0.03161165882619049,8358
23921,0.29222220414033506,-0.020420725972318032,8359
29505,0.2921291717276465,0.006271671829730485,8360
28634,0.29208874999187434,0.11474436190617593,8361
20095,0.2920674493170408,0.13076259117776698,8362
25011,0.29194960893957334,0.03702430619434016,8363
26632,0.29180337383596533,-0.0020661551071399775,8364
24540,0.29171023456982026,0.032014316315613134,8365
25709,0.2916756830561327,0.1436810365240617,8366
24575,0.29160769474897036,0.006033139135564136,8367
24197,0.2915692748314688,-0.003540728863389131,8368
21218,0.29151135655314914,0.015065263434861975,8369
20273,0.2913468840636783,0.0141066637890494,8370
22258,0.29133409217605427,0.010569948583903144,8371
24421,0.2912576792961723,0.043742516979990764,8372
27654,0.29121858224532726,0.025025519872807767,8373
29955,0.29121341085410013,-0.017781373145338508,8374
27847,0.2912123123850443,0.11685699031790808,8375
27433,0.29118041618572393,0.025770200312662916,8376
23291,0.29116759752907023,0.04513341021152628,8377
29518,0.2911048077756079,0.1208116785327856,8378
21131,0.29086260894771315,0.058890594410745595,8379
27849,0.2908014096459357,0.01940044292599602,8380
29070,0.29066833034553535,-0.01722631910521427,8381
20881,0.2906542394826797,0.12608225114619076,8382
26701,0.2904411381938856,0.008799004861375914,8383
22131,0.2904093278680105,0.005621673590016585,8384
28734,0.2904004088140637,-0.010851121571615496,8385
29678,0.29026730869203415,-0.019441926045901725,8386
26052,0.2900353375858892,0.035951497533390775,8387
25977,0.2899609943983059,0.005853604531931289,8388
22013,0.28995077146196013,0.1010856808679832,8389
26847,0.28983962000558217,0.11129695645135962,8390
20659,0.2897672099121927,0.05069962126895175,8391
29409,0.2897451375698599,-0.020682776703853933,8392
23965,0.289736866604626,0.011390363340524623,8393
27084,0.2897362003341929,-0.0217626326899783,8394
25972,0.28970614440233905,0.010474377198280316,8395
28183,0.2896478342645062,-0.016509358272512653,8396
22646,0.28952326518936894,-0.0031687099856090306,8397
21393,0.2895178176963434,0.11254104256758038,8398
28146,0.28950007524691906,0.001621175752489934,8399
20294,0.28949345350855993,0.002328950796423257,8400
29033,0.2894123810796827,0.04227085768726635,8401
27389,0.28936310435445867,0.07514052442198288,8402
20832,0.2893552848031523,0.06018421000091931,8403
23422,0.2893345335645309,0.1316884106260492,8404
25605,0.28926222989804673,0.09863540819557484,8405
24543,0.28912140965531963,0.12651188650768955,8406
20505,0.2889836518659187,-0.0024238319595774604,8407
20191,0.28859785779373276,0.09137389963716439,8408
23786,0.28856715523762727,0.002287009153955244,8409
26202,0.2883568991760906,0.0624932639221443,8410
23546,0.2883247892471173,0.009438277019114316,8411
27376,0.28827624678325076,-0.021096719645831596,8412
29807,0.28818306539098787,0.009435454823370437,8413
25292,0.28817615078535874,-0.01734369794740015,8414
22353,0.2881722897882675,0.04599533173481263,8415
27313,0.28814143249107865,-0.026229966694867823,8416
26072,0.28801433044731706,-0.014640343056137872,8417
29018,0.28795388502423525,0.019470835345441417,8418
20143,0.28792812358945186,0.0002535789473640526,8419
25157,0.2878146757613774,0.10738596328352609,8420
27924,0.2877473567927226,-4.444076401183272e-05,8421
22634,0.287740269557398,0.019236669454354927,8422
20386,0.28768352067454556,-0.0006210123757931507,8423
27586,0.28768123162421677,0.01997826068875702,8424
26565,0.2876306054036522,0.08988062226005197,8425
24579,0.2875710878118957,0.016380419891278863,8426
21059,0.28745562488787135,0.11635242982806643,8427
29289,0.2873117974292978,0.019255559261727728,8428
23379,0.28718953751801235,0.11112729046188644,8429
25934,0.2871359034358174,-0.03951183510980916,8430
29275,0.28707614551271443,0.02076984919093683,8431
28058,0.28706459129929096,0.025438559262986993,8432
28560,0.28700410513937674,-0.0034580467232264156,8433
23330,0.2869005253983112,-0.006662549499984127,8434
23035,0.2868468517801341,0.020111867467096034,8435
25444,0.2867358807601793,0.01355661498193761,8436
21688,0.28668628814890457,0.008283214871230238,8437
24789,0.2866003094080398,0.11727282539001191,8438
26690,0.28647632375689486,0.0303759180220482,8439
29522,0.2864374048584016,0.008506717160242094,8440
28995,0.28641272250784156,-0.006945172327971594,8441
24106,0.2862404105281585,0.09779060661681985,8442
21878,0.28622316105674134,0.09368314886064097,8443
26348,0.28615201261144446,0.014879009174168178,8444
21111,0.2861374281176678,0.05727183982153092,8445
24820,0.28607281022235703,0.10539424538361375,8446
24911,0.2860387754171457,0.007310260715077566,8447
21357,0.2860347838975193,-0.012971273223440716,8448
22690,0.28600538875127296,0.008215837599942766,8449
26378,0.28594459693517693,0.07662540454223224,8450
21675,0.28593274342144426,-0.007964524631772663,8451
24044,0.2859289936612903,0.008348379731171363,8452
25905,0.2859129354163986,0.10744484387313419,8453
24207,0.28582380350394615,-0.008826674696979508,8454
25503,0.2857871399132355,0.023336129412214413,8455
28261,0.28571557538446324,0.05539923757171225,8456
26590,0.28559912073799415,0.13375561728008378,8457
23386,0.2855936715215601,-0.0007449140154602851,8458
29524,0.28557739859833714,-0.01869429045709825,8459
28126,0.28552946364127785,0.06938946514863101,8460
20148,0.2855043935685553,-0.007540736292477257,8461
21338,0.2855011285212596,0.13867689084790596,8462
27735,0.28547916703433407,0.09961883624565687,8463
25017,0.28544699956034364,0.10434078922748796,8464
26119,0.28538287504486337,0.015584116452857344,8465
28527,0.28536384849808233,-0.0015634331691856684,8466
22828,0.2852848476030066,0.011380888781370668,8467
21044,0.28525786635131367,0.02477728439519683,8468
29550,0.2852543994211725,-0.013344432065048373,8469
25378,0.2851566197397556,0.005026690195782779,8470
28378,0.28511413913652695,0.11713439620552979,8471
27531,0.2850719877146601,0.0718997766714225,8472
25441,0.2850154357584966,0.01796717174867979,8473
25049,0.2849863953159263,0.02680406999920959,8474
25064,0.2849035554956037,0.007434191760442022,8475
21906,0.28483523686917805,0.10934426576807163,8476
28180,0.28481977578251483,0.05280229729008826,8477
22547,0.28475206944120834,0.09910362357309871,8478
27860,0.28466901148241197,-0.0057229834679183855,8479
29586,0.2845459550589488,0.00853829588473709,8480
25861,0.28451137142370697,0.017744000421036188,8481
24212,0.28447705612359264,0.03780954417636248,8482
28470,0.28444881955685225,0.020798801096959307,8483
21854,0.2844484098405427,-0.009534825816573611,8484
21833,0.2843775199334763,0.0362925145715815,8485
26994,0.2841052585549352,-0.004834011403987648,8486
27345,0.2840757095104907,-0.0020335437128190526,8487
21489,0.28400524232792745,-0.01266168395585554,8488
29211,0.2839098260429102,-0.0007529745668520826,8489
28473,0.2837507576187774,-0.006057633316381095,8490
26608,0.2836927882432964,0.09357059817855665,8491
23313,0.2835549768103646,0.004903625716509319,8492
21024,0.2834897258849039,0.0056370123777089165,8493
21687,0.2833966495418929,0.0012202299171679698,8494
28883,0.28323638963370895,0.06584903305905287,8495
20235,0.28314865736281136,-0.011742770076649922,8496
26892,0.2831220283916875,-0.02625834302433544,8497
22042,0.28311519343590413,0.028269650158028015,8498
23593,0.2831015055556016,-0.013568242366216454,8499
29676,0.2830607758983065,0.03184401263246367,8500
25302,0.28301627913589283,0.0180091183198261,8501
29920,0.28298787430558636,0.039461367964665095,8502
22425,0.2829839845888039,0.028144588211267807,8503
24349,0.2829737649647035,-0.03935674522294791,8504
29266,0.28296184954496906,0.011981709919289929,8505
27079,0.28292448007313564,0.017660092531209315,8506
22886,0.28284678022972976,0.012762286984793259,8507
27510,0.2828409392813352,-0.004418476720323639,8508
22809,0.28279139747740734,0.01882537172200044,8509
27602,0.28276531726717397,0.012532879350982296,8510
21027,0.2825218368898511,-0.02692616975537604,8511
21889,0.2824160572707251,-0.005621105688242312,8512
23505,0.28231026072335735,0.0015968207698880965,8513
20434,0.2822007962847348,0.13813107607428732,8514
27372,0.2821961482900667,0.0009308441764413478,8515
22172,0.2821162010241715,-0.026148465878970073,8516
29279,0.28209872877895725,-0.006873561832438091,8517
28081,0.2820889118782063,0.008498333008544579,8518
26059,0.28203802441734954,0.004245767916429499,8519
26840,0.282033235505175,0.04542598084629987,8520
21769,0.2819931232203236,0.09293319791556576,8521
28673,0.28194702553019135,0.05067647383343532,8522
25656,0.28194239194400555,0.030721737996361298,8523
27032,0.2819135002227889,0.0002659843635202108,8524
23163,0.2818898406908765,0.07446338824708837,8525
27881,0.2818482285906419,-0.01783597926343744,8526
20977,0.28183644645815403,0.014669447209229303,8527
26343,0.28182917718124684,0.021648629599392566,8528
23819,0.2817835884352734,0.010458050902607319,8529
22836,0.28164559291159147,0.0055628737497550595,8530
26239,0.28163858370452377,0.05388459383189945,8531
20379,0.28157175107952753,0.10777625989394032,8532
27522,0.28153993645189346,0.1023531762839163,8533
20689,0.2814671157226651,-0.008659983398203841,8534
25327,0.28143147062917023,0.08105525154332091,8535
29744,0.28124934356497083,0.02050246742067585,8536
27893,0.281115277631752,0.11076527106251521,8537
21480,0.28110574987078746,-0.024003722394818294,8538
28366,0.2810991325825406,0.03368627651201045,8539
27085,0.2809811187228457,0.038833981972546255,8540
28117,0.28097322913871753,0.01234028931131298,8541
29173,0.2809402572756414,-0.008621018565591665,8542
29050,0.2809347375052633,0.04108157480932681,8543
22230,0.28092312989345086,0.015799342429480723,8544
23252,0.2808611714799202,0.015797142318344448,8545
27404,0.28082286320297545,0.0868989426673629,8546
24052,0.2807581809500622,0.11331635908447718,8547
22260,0.28072173921642485,0.11998681650544085,8548
22369,0.2807138018921127,0.007553671695800457,8549
25863,0.2806781295514889,0.09154967431955716,8550
28596,0.2806743698779242,0.07919088343214314,8551
23802,0.28065760406237666,0.03423731287738027,8552
27579,0.28025491316043033,0.019489233829866615,8553
25062,0.2801206629467423,0.036783089509442646,8554
24263,0.2801128296843586,0.032203221445698454,8555
25097,0.2800978928220579,0.03638324525042219,8556
22043,0.28008701851844225,0.11067303260686845,8557
21540,0.2800780951011641,-0.00285388846443807,8558
29055,0.27999687029051834,0.10607735991691003,8559
28902,0.27985205977746436,0.10232812941868302,8560
28679,0.2798504510292305,0.06131406172138046,8561
26759,0.279781274879453,0.031591864069471176,8562
29950,0.27977902059116366,0.10434115436724506,8563
27151,0.27975911828558997,-0.03905290340749362,8564
23166,0.2796672804549649,0.030263647886625,8565
23569,0.27959410979168264,0.006865418103557008,8566
29624,0.27958497953878664,0.024061046283229248,8567
22253,0.2795614360819675,-0.012639561218665607,8568
27306,0.2795523046289972,0.1138367199829613,8569
25639,0.2795391032144555,0.009764635523084708,8570
21290,0.27941935032440485,-0.01546913397991656,8571
21135,0.2794090911806822,0.053498856118500276,8572
23762,0.2792953591234012,0.02472675389970541,8573
23729,0.279263919490779,0.0297730645496469,8574
27524,0.2792127178933217,0.010319787840112948,8575
28429,0.27919782035713586,-0.01120995742393277,8576
26122,0.2789304134523833,0.016599353059800204,8577
22312,0.27891195034492444,0.1142845064286632,8578
24784,0.27889803920017747,0.019708166830788854,8579
22382,0.27888865246007666,-0.04180164050223745,8580
25033,0.2788651303428763,-0.011427162734610807,8581
28445,0.27879455830986616,-0.014439490206377026,8582
25641,0.2787417717818602,0.009698806256923598,8583
21905,0.2786854878612976,0.00854052303856212,8584
20204,0.2786434533557494,0.07492270375648422,8585
22424,0.27858262459124605,0.06285185793333592,8586
23207,0.27857959701457363,0.07312042707004404,8587
25262,0.27857454241131546,0.009273529368983124,8588
24910,0.2784492836438574,-0.04444929060566316,8589
27501,0.278357450575063,-0.014155518762622388,8590
20366,0.2783521176727883,-0.003915934367785701,8591
29042,0.2782728383887456,0.010138223460754214,8592
25563,0.27815633247262056,0.03324785971337765,8593
27592,0.2781330409589616,0.05550186696194678,8594
28324,0.278077479624969,-0.020654204994097092,8595
24965,0.2780361678324253,0.06135271182787083,8596
26562,0.27802278195769314,0.018991308162306486,8597
24322,0.2778941511221198,0.022621264450048473,8598
29225,0.2778683818859346,0.010366863190743647,8599
21007,0.27783635979196725,-0.047176709226804836,8600
28569,0.27783408456820075,0.02716252350313464,8601
20082,0.27782281591511415,0.04441860183831195,8602
27304,0.2778105311977669,-0.013894828922910885,8603
25256,0.2777077050874801,0.003999941590139722,8604
27448,0.27759337846129273,0.0219194713029206,8605
21078,0.2774545885570108,0.12858584888583222,8606
21652,0.2774501076949188,-0.007087145615218171,8607
28163,0.27737308322722076,0.016524237033489986,8608
21749,0.27735721023603493,0.06844811175005952,8609
26741,0.2773093340392968,0.033007059618960555,8610
29007,0.2771331090170117,0.016181389575127603,8611
25471,0.2770845434343269,0.01990501322895949,8612
27357,0.2770465594648482,0.08770983757307385,8613
21796,0.27698503631956883,0.03690159956113048,8614
28831,0.2769771407770414,-0.01256967877307874,8615
29809,0.27695340747016667,0.11491751846926984,8616
29858,0.27674160853989416,0.010429433539447752,8617
27239,0.2766556955203972,-0.006982155235565113,8618
23232,0.27661289520490234,-0.00043812863876047103,8619
29295,0.27660709124926697,0.09379355341683585,8620
24112,0.27660563197187754,-0.012129894398287044,8621
29166,0.2765608412207589,-0.021355012635409787,8622
29186,0.2765280843483204,0.052397019379069765,8623
25530,0.2764976214996544,0.10025714029987678,8624
24881,0.2764452889299418,0.007593495099109837,8625
22378,0.2764262221626612,0.0018379009868488283,8626
20899,0.27637407074990367,-0.0059720754918485275,8627
28239,0.276314069779807,0.03126508810430609,8628
24471,0.2762470635494643,0.10531388645114678,8629
28840,0.276242696389843,0.01945211818350856,8630
21858,0.27616586688222045,-0.04075727892770942,8631
27046,0.27614807871182495,-0.012076761227860888,8632
26477,0.27606470108885156,0.06843251924672747,8633
28070,0.27605088699790603,-0.024979685541150654,8634
22024,0.275981570381103,0.003208634159841295,8635
23545,0.2759356598653312,0.054712349527359455,8636
20790,0.27582714159948285,0.020490718929311258,8637
25128,0.2757501009704671,0.002628035306439458,8638
24812,0.2757478464147288,-0.007370788236536585,8639
28852,0.2757346081073305,0.09600716667592574,8640
29553,0.27573383370285043,0.10312805832704036,8641
26727,0.27561838413719786,0.09941485429885874,8642
20834,0.27545518106856826,0.11932371629616376,8643
28104,0.2754009469306253,0.048509931830832714,8644
24396,0.27533088960186075,0.06206470790316551,8645
25057,0.27530802129258686,0.0034607101181988176,8646
20185,0.2752211317041539,0.024247368785905887,8647
26522,0.27515995000256366,0.0013478307289321312,8648
20494,0.27513270115401905,0.01679253841344225,8649
27358,0.2751114214857585,0.07083226516928634,8650
21093,0.27508174672786595,0.11660213993030566,8651
22144,0.2750243230304521,0.02052205758790243,8652
27699,0.2749400939958701,-0.018181777990028403,8653
27205,0.27491155338551837,0.03165437827645526,8654
22693,0.2748771441054232,0.0062427748459739085,8655
23759,0.27478324373462,0.029118490275227005,8656
23728,0.27476200522889344,-0.02621243040076826,8657
24691,0.27463871784921445,0.03798103211591941,8658
22294,0.27463624315300467,0.008229332297484904,8659
24363,0.27454224983736064,0.02152821984017539,8660
20997,0.2745406772141302,0.018469600002929243,8661
21121,0.27451701647745685,0.020302050621943624,8662
26868,0.2744811154868855,-0.011745582016934708,8663
23151,0.27437970197134626,0.017740052367096748,8664
24463,0.27437168156521774,0.03244073232197231,8665
29038,0.2743039692388824,-0.008554218794490198,8666
24147,0.2742957482323706,0.005639190765223012,8667
27482,0.27421285230875425,-0.004043986373013231,8668
27554,0.2741514319579008,-0.021772822274019554,8669
23123,0.2741512475529454,0.019694464067318895,8670
29315,0.2741273437993015,0.057150810589745554,8671
20415,0.27375633170849356,0.040287387213066184,8672
29467,0.27365954547889054,0.0854665743743073,8673
29382,0.27361328536669327,0.08439337642674732,8674
28329,0.27353124778387555,0.008829213383035495,8675
29701,0.2734503877718883,-0.022216121051555515,8676
25919,0.27318395073904517,-0.004665858339720441,8677
25537,0.2731826643993011,0.08881216612067339,8678
25638,0.27315166575298055,0.03500756632849816,8679
27144,0.2729446834179221,0.07883406262036818,8680
24071,0.2728710773245368,0.06913409826227399,8681
23332,0.27282484021223147,-0.010004357141180809,8682
25316,0.2728240987955231,0.0010109613178117538,8683
28882,0.272814212931233,0.06779412514546054,8684
23926,0.27278393985978977,0.016605937992348885,8685
20947,0.27275227605109476,0.03711798015182666,8686
22633,0.2727496363912144,-0.0351079863460928,8687
25926,0.27272381161777803,-0.006289787312405315,8688
28021,0.27267536638786505,-0.015174302685673213,8689
23718,0.27262181733903346,-0.01575485888269501,8690
26745,0.2726050561110122,0.07917593620231947,8691
27647,0.27258668045573603,0.012519325744898724,8692
27465,0.2725687402444304,0.022959361861913413,8693
23227,0.2725309655482185,0.00814099591674644,8694
26919,0.2724969488621675,-0.033980857879471915,8695
22385,0.27247675632078405,0.1306875055953322,8696
26644,0.2724488183569697,-0.0011887886129492986,8697
24719,0.2722670990624917,0.051005562956383144,8698
29654,0.271940533371001,0.06351031180904587,8699
28268,0.2716609191417896,0.11228350641269413,8700
23769,0.27137965587733026,0.02914347368246034,8701
25778,0.27134475466421887,0.022567605996323986,8702
24393,0.27112292364048435,-0.029753435412244567,8703
24660,0.27112204686582936,0.025556980616536523,8704
22227,0.27111016717766534,0.014921728634906484,8705
27956,0.27108206646821154,0.003884396244707211,8706
24859,0.2710805460690033,0.09484768131355839,8707
20184,0.27107839933238714,0.06594396292213422,8708
23461,0.2709596275073391,0.11359886220303841,8709
26675,0.2708750673265055,0.09411125575886786,8710
25744,0.27085238332271844,0.016849519217790543,8711
25721,0.27079682614583567,-0.014781756767353271,8712
27972,0.2706224306724404,0.09046920519159746,8713
27124,0.2706010720333428,0.07107242446142362,8714
25697,0.27058361737960956,-0.021151137765602623,8715
22402,0.27052920884565296,0.0555250283975616,8716
28754,0.27052027555490155,0.036681766561698914,8717
21555,0.27045837710813303,-0.013758820159723129,8718
20484,0.27038242926048783,0.059419410960341146,8719
21349,0.2699642704379651,0.08042285012904576,8720
22262,0.26995899366897597,0.021627983594165817,8721
20325,0.2699226232783942,-0.0072089705781572255,8722
26925,0.2698867694902526,0.0069584396459465014,8723
27872,0.2698822558405421,0.0193202938348791,8724
22164,0.2698187692727566,-0.015023922045219074,8725
29875,0.26967080085081296,0.07963210108491256,8726
22311,0.26958887914288804,0.13479275508797886,8727
20532,0.26948160610054234,0.0778000042362178,8728
20674,0.26938158209396346,0.11466091364905845,8729
25767,0.2693357734413483,0.07093242912245115,8730
25244,0.2692508511054231,-0.009293977395793684,8731
29441,0.26921178227775,0.0046105274314725,8732
28240,0.2691764136836176,0.01837595909508244,8733
27428,0.269105711925565,0.027144694112371914,8734
29765,0.26897292416975865,0.0019737366756772956,8735
23710,0.2687424782081129,0.008907334882909845,8736
23556,0.2686411062041735,0.05235355588730012,8737
24781,0.2685850337097415,-0.02279715449856662,8738
25707,0.2685577339006325,-0.001260333490911203,8739
22833,0.2685223303131119,0.0621859101115608,8740
21994,0.2684691439409512,0.05361747243031045,8741
28833,0.26841911974386273,-0.024464755090190138,8742
29756,0.2684016207300179,-0.0022655917494375233,8743
26605,0.2683943487638407,0.07590420159978681,8744
20133,0.26838433595038563,0.030933669017470022,8745
28626,0.2683556587411919,0.008300795904959912,8746
22193,0.2683359180586805,0.06903936212883244,8747
29251,0.2683158219389362,0.1373030385413259,8748
21743,0.2682777554974689,0.0776737536188074,8749
27091,0.2682665845080827,-0.004310013140563174,8750
20734,0.26820381755751516,0.08362667873741025,8751
26920,0.26819191751694266,0.04056392343531379,8752
23447,0.2681820013262336,0.0874224376518436,8753
21460,0.2681478238494922,0.007169422820136773,8754
27908,0.2681021522419918,0.07920182671947237,8755
26740,0.26808890876028346,0.1082528969879736,8756
20697,0.2680321285732644,-0.01790330072493529,8757
26845,0.268008677379906,0.0034902542359177002,8758
20348,0.2680055328121707,0.029432071711707225,8759
21475,0.2679659653445637,0.08404983615882164,8760
23831,0.2679590943431214,0.01593657493599493,8761
21449,0.2678878487218344,0.08897014603898629,8762
26344,0.2678693867269554,0.0019785382715196143,8763
22340,0.26786110169348654,0.0775630542136295,8764
21880,0.2678275991657104,-0.012119043328154167,8765
22442,0.2677265623789003,-0.0009285631362006552,8766
28479,0.2677054767451225,0.05714085418896117,8767
23357,0.2676035427608805,0.025443888764109274,8768
21365,0.26735034271678787,0.09990055448733393,8769
24345,0.2673412127696393,-0.011137298552724273,8770
27829,0.2672525097969134,-0.023224439702462796,8771
28998,0.26720410367407443,-0.01113375661278182,8772
29132,0.2671898683143484,0.10148773388703233,8773
27509,0.26698665786906434,0.020552312232629655,8774
27850,0.2669282237132062,0.01568773688268288,8775
28166,0.26692121954889897,0.031807666340637614,8776
26117,0.26687994871749043,0.010102676205198724,8777
24317,0.2668510032916869,0.08476331865595979,8778
22187,0.26673104054702534,0.0019114498453423057,8779
21866,0.2666531166685027,0.0670177526489737,8780
20214,0.26661371696481384,0.025846291114746983,8781
24837,0.2665720979040875,0.005250516452321274,8782
28982,0.2663968992045694,0.09075290313487983,8783
27379,0.26627732458076747,0.025581972378356577,8784
21113,0.2661602269705281,0.022806470488205333,8785
21166,0.26608904401498024,-0.020075707458114045,8786
28372,0.26607932585123617,0.04029734183832184,8787
28475,0.26596886910835743,-0.0019008943269772094,8788
22151,0.26583846229504504,0.015409002764768975,8789
20254,0.26575155605484063,0.026843336846839705,8790
24008,0.26565134169247556,0.03571274716124631,8791
25426,0.26549537029029197,0.03401695174765759,8792
22790,0.2654278232382438,-0.01593285395377747,8793
21535,0.2654235789000227,0.009536642074982726,8794
21055,0.2653511499800922,0.05122531075551684,8795
26546,0.26533705421351583,0.03663699799972964,8796
25104,0.2653367700027056,0.04778342721962997,8797
28149,0.2653001623020523,0.06310987999055911,8798
20627,0.2651848219856501,0.047058729189808274,8799
25045,0.2651421839372811,0.003884419058614419,8800
26149,0.265088509280553,0.03218983735288447,8801
28986,0.2650515704263122,0.007883485388190281,8802
29189,0.26498917005309053,-0.0037907994709911463,8803
27394,0.26498850875262464,0.08273964979111259,8804
25575,0.2649859180174057,-0.01574763534740997,8805
28648,0.2649219070312515,0.024113731583479875,8806
29174,0.2648138737969575,0.020769432259588827,8807
29866,0.26477686897236385,0.003009857869058441,8808
27532,0.26473524289910044,0.028906573656416273,8809
27019,0.26473189670342356,0.019075644934196917,8810
28215,0.26460489230764495,-0.024018204789690523,8811
23552,0.26458929036731704,0.0038246428469595473,8812
21920,0.2645772978592626,0.09192144871354715,8813
23851,0.2643482642847412,0.006054528249023472,8814
25277,0.2641959706240084,0.06607561931970085,8815
28645,0.264120502486225,0.01491268645628821,8816
29653,0.264110518906896,0.0434106708261493,8817
26790,0.26402600123196174,-0.007945169898850357,8818
28625,0.2639363368664228,0.0312981177852005,8819
23409,0.26383957275616066,0.017208603369870706,8820
21350,0.26375456379558543,0.0011136221887841913,8821
28745,0.2636181547929921,-0.015417635497029514,8822
23568,0.26353330096104177,0.019790413093131787,8823
27348,0.2635313048287899,0.08767317030179997,8824
23709,0.26352128591478763,0.10895125611217829,8825
23476,0.26350199660631207,-0.013539320987337122,8826
23238,0.26344091692961685,0.07864270749609553,8827
25512,0.26343481575193667,0.003835241584445037,8828
22375,0.2632229443614868,0.05478077565367054,8829
25247,0.26320577417400853,0.009480832377259663,8830
28287,0.26317666459863776,0.06387312832716907,8831
20328,0.2630474319214339,0.019558509021949028,8832
21326,0.263039626755023,0.019246752960373537,8833
26137,0.2630384029018201,-0.0024729024959762036,8834
23482,0.26289597172124446,0.06415803949728643,8835
23128,0.2628937090093625,-0.011753604968354536,8836
23465,0.2626700707697453,0.006033525781845517,8837
21840,0.2626320317182603,0.08279514650723802,8838
21956,0.2625978020319414,-0.0037689873215610015,8839
29566,0.2625659577954695,0.06894585034647657,8840
22935,0.2625283845925927,0.08798892236463313,8841
21212,0.26251805079906265,-0.03491211777693115,8842
21790,0.2624477421468396,0.10895984024228142,8843
26500,0.26232977125185397,0.008577989392193952,8844
20758,0.2622965735419185,0.046117159872890695,8845
23157,0.262249942638766,0.08792481566184429,8846
29064,0.2622173066198092,0.01967746807503168,8847
21443,0.2622056764280715,-0.008373644355505916,8848
26991,0.2619681201370721,0.10230286261826171,8849
23590,0.261909167229666,-0.012941958196914405,8850
29871,0.26182722523699037,0.04620824198009352,8851
24394,0.2617528077442987,-0.011694558410999478,8852
25204,0.26157727362286215,0.0003318734020642533,8853
24770,0.26136549209871507,0.007875824794561337,8854
26624,0.2612912378099355,-0.01746132327847033,8855
24706,0.26119163701154574,0.1002304085665538,8856
28048,0.261103989006121,-0.001237899421022426,8857
28055,0.26092852855249193,0.003660460367900853,8858
22097,0.2608525380670112,0.04520265493491041,8859
24522,0.26078296606564266,0.06827811603937711,8860
23811,0.26077667917772657,0.03751125653770404,8861
27413,0.2607709202958207,0.039936660126434625,8862
26939,0.26074823866058916,0.0130431681160256,8863
21319,0.260704521460056,0.08560380739620829,8864
25664,0.26059655692485645,0.015997380613212903,8865
28336,0.2605960100892865,0.047338283765162775,8866
25950,0.260591388485599,0.08831029175604124,8867
22016,0.2603971135835004,0.08730670924816783,8868
26894,0.26026705495812147,0.00378395478861987,8869
25635,0.2602417704803428,-0.02796502220450081,8870
28921,0.26021126601190697,-0.02823668688535269,8871
21041,0.26015269523732953,0.026642443212084976,8872
25048,0.2600772427657711,0.053820081493690636,8873
29300,0.26003187886638995,0.03559200243922578,8874
24450,0.26000614201657624,-0.008272872536265019,8875
26075,0.259905212020898,0.02192691844615574,8876
21616,0.2598329770177848,0.07048845076385829,8877
26090,0.2597820946947434,0.05018866122536378,8878
25371,0.2597531139055884,0.009583973379278576,8879
24031,0.2597419121196234,0.09228872327415902,8880
29431,0.2596826883564337,-0.012133258096724386,8881
26897,0.2594768115533011,0.004703869397748639,8882
28618,0.25944093904072285,-0.01353363309192196,8883
27265,0.2592829402069503,0.07238435697841364,8884
22948,0.25928144580963675,0.05447534946951513,8885
24297,0.2591817504571315,0.09076788314398754,8886
20577,0.2591530713971755,0.011082037140386775,8887
20699,0.2590979563981186,0.01532256988892361,8888
20857,0.25908438423369995,0.021742772486575968,8889
25139,0.2589474159170117,0.01560175697577243,8890
26358,0.2589075389325539,-0.005788677614385673,8891
23457,0.2587455193736491,-0.009188851994662017,8892
29344,0.258671849740721,0.11505843980821828,8893
20542,0.2583479900321155,0.019554381297887974,8894
22456,0.25832625714039054,0.025906009932241375,8895
25231,0.2581557014807251,-0.016369654694258218,8896
21468,0.25810309819123073,0.007397674637323881,8897
24848,0.25799728109480824,0.015089638589940252,8898
21689,0.25798444278427085,0.035633282053043336,8899
20398,0.2579192137455258,0.10442837506714875,8900
29397,0.2578979304380111,0.06924989166662585,8901
22145,0.2578852045625794,-0.011088165016681972,8902
22909,0.2578071043537293,-0.012813578697233485,8903
26233,0.25758962756192316,0.020274738750151178,8904
21165,0.25752220101587187,0.08059562674222057,8905
23003,0.2575053062625511,0.018724029116232416,8906
24422,0.2574957494365525,0.024682789598955257,8907
24336,0.25741539436946337,-0.016761545412159295,8908
22437,0.25737959417899725,0.020052212596081642,8909
20837,0.2573570848194905,0.010295223448287455,8910
21348,0.25733887023548124,0.08161836556445293,8911
23141,0.25728695187225464,0.007309839066990287,8912
26426,0.2572513481973545,0.08599320653639014,8913
23799,0.25717901095553375,-0.001566635166436403,8914
24919,0.25712533641675783,-0.0038520711959280085,8915
25515,0.257095464499176,0.05587558472001608,8916
24004,0.2570535361234373,0.007138212507928426,8917
25152,0.2570462826193013,0.012917056247785719,8918
29162,0.2570146001277966,0.06854048163299525,8919
20368,0.2569378980227299,0.023842233900128434,8920
20786,0.25679041752587883,0.08672844535065069,8921
29876,0.2567784453218315,-0.030899284605934663,8922
29589,0.2567028610877586,0.0015034822441422069,8923
25533,0.2566941099006419,-0.005455053367707574,8924
29365,0.25667084983927246,0.07091721855871858,8925
27801,0.25656438312733243,0.09159351244774172,8926
20794,0.2564606128423704,0.0742274356005016,8927
20958,0.2564236335386451,0.06115918084750083,8928
25250,0.256376280866543,-0.015793763550468187,8929
24234,0.2561984019192126,0.0024496175366451878,8930
21641,0.25616512860916,0.013635113435253143,8931
28976,0.25611979002274426,0.056130929983734174,8932
22068,0.2560772663473366,0.09123236169345697,8933
24627,0.25595660839416245,0.08104264892597485,8934
26209,0.2558364733616456,0.08030913318164792,8935
28891,0.255794937778927,0.0729241163800288,8936
21980,0.2557435387565842,0.13822311061546522,8937
23698,0.2555732254798218,0.01589364602885973,8938
29267,0.25556039478406234,0.01659592621886591,8939
26182,0.2553715893137821,-0.02292864475934331,8940
27827,0.25524539145302727,0.002560719962418634,8941
26826,0.2552351884661989,0.01911565818762509,8942
20132,0.2551675643494956,0.004554661664617932,8943
20163,0.2551173646918583,0.08301163726023897,8944
23372,0.2550490517724567,0.1359740159942177,8945
28549,0.25496254969023086,0.03750858660843823,8946
21929,0.25494304651986355,0.020655620857432194,8947
29525,0.25493754355811915,0.0321310649685691,8948
23587,0.25465500872029156,-0.0021976849110593166,8949
26564,0.2546350563627686,0.005424637928679643,8950
25540,0.25456797039028894,0.0029335267189922742,8951
26387,0.25456398802131996,-0.012631304067233229,8952
22775,0.254544656181433,-0.0074651022937476386,8953
27031,0.25447112192177773,0.0022561843108782065,8954
29506,0.25446204680314116,-0.0026774759788580904,8955
28491,0.25428643296246844,0.007303107687242544,8956
24936,0.25425314848476593,0.02231990962666866,8957
20256,0.25396352267260536,-0.007016484915849941,8958
25388,0.2539072145329366,0.01775722831482518,8959
29880,0.25389518321062987,0.04693002625433032,8960
21277,0.253884480279837,0.06705354475637357,8961
28063,0.25385615606640227,-0.0077934640041882886,8962
22516,0.25374163679549167,0.06136894808854035,8963
29503,0.2535993691493941,0.06532905592820973,8964
23307,0.2534544228256235,-0.010617661481665264,8965
21305,0.253345351166879,0.021308304560785002,8966
21257,0.2533248180992806,0.06668738080079209,8967
25680,0.2533015178828444,0.017737022496851135,8968
24108,0.25312835902540154,0.010426664264030383,8969
26774,0.25301288655607496,0.04735002076201325,8970
23825,0.25299123010536123,-0.01046420180216684,8971
28955,0.25289058149208377,-0.008181428203641927,8972
25373,0.2528534790210873,0.03411307633331975,8973
29707,0.2527932773522744,0.031757456866518596,8974
20541,0.25279275299453163,-0.03682384175459835,8975
29075,0.25276525049495074,0.027288024703186253,8976
24404,0.2527612430146895,0.02736289010355339,8977
27141,0.25273501818966054,0.03443734594648595,8978
20700,0.2526657883859077,0.013896200622925431,8979
23643,0.25266186180597683,0.0997095480414314,8980
26967,0.2526425352605899,0.05969401070730879,8981
23681,0.25262164502472945,-0.004330369136110568,8982
29408,0.25255067834884526,0.037069515516857665,8983
26899,0.2524830163683133,0.0181680449024417,8984
26091,0.2523875421151664,0.11297210730055737,8985
20217,0.25228267975391083,-0.008659554424072013,8986
23176,0.25220434353463994,0.04470779721746651,8987
24009,0.2521980990944787,0.06581581170298872,8988
27333,0.252190829056904,-0.04128964206825203,8989
26055,0.252179411054961,0.08875610503252299,8990
20975,0.2519703298791821,0.002719347502498304,8991
23591,0.25192714410129874,0.06349354242016161,8992
22605,0.2518601106504599,-0.004261233999238445,8993
27296,0.2518513691238656,-0.009759794890872586,8994
21636,0.2518510865929014,0.014243549695511643,8995
28547,0.251831435112471,0.09071817756461345,8996
27211,0.25168000267082674,0.05904816561284382,8997
21643,0.2515685973345525,0.01145513015942251,8998
27862,0.25147735343282906,0.0026510808134525,8999
22350,0.251473242239138,0.019404497573225904,9000
21087,0.2513685633261336,-0.00035822877828184385,9001
20105,0.25121508351629707,0.07363468175842078,9002
25763,0.25120769960250905,0.07250545234476763,9003
23890,0.25112737270838703,0.07203647680401151,9004
24799,0.25095927523651096,0.006442749711488616,9005
28993,0.25085465651478356,0.017970311475187073,9006
26169,0.2506385592468571,-0.024280738818896308,9007
26115,0.2506230005044419,0.01982317283615656,9008
28403,0.2506145622378464,0.028032032530725393,9009
25541,0.25059490467922346,-0.027009115611740686,9010
21159,0.25058411225476024,0.009482416285372275,9011
22459,0.2505262055385001,0.022295587130702704,9012
28456,0.25045451891423925,0.020079499316490307,9013
29257,0.2504311399442723,-0.011800770786159487,9014
21324,0.25040611112234545,0.06268309753899698,9015
20063,0.250345477479038,0.10036693915100264,9016
24465,0.2503108847490018,0.005566777925016503,9017
29804,0.25028556084823306,0.03079885425848619,9018
27778,0.2502197494316261,0.018904100238286203,9019
26833,0.2501199918567801,0.015216064613515795,9020
20253,0.24996017232417897,0.07072737090304246,9021
24506,0.2498702112031569,0.000491732398635758,9022
26835,0.24985223750854457,0.009669271961319087,9023
21857,0.24980706695135865,0.058981667627262035,9024
28022,0.24980641245902757,-0.021711984982443977,9025
24630,0.2496553027999502,-0.018583131216708487,9026
24634,0.24961645808770366,0.052056400403589,9027
27112,0.24959115066851417,0.05796632424280196,9028
24963,0.24952813344062585,0.03223679228180412,9029
21990,0.2494052735529747,0.019061285392883875,9030
26923,0.24936825976438287,0.011721325776306107,9031
23650,0.2493144327014137,0.024953725085504086,9032
25408,0.24923132166743167,0.11005191279663001,9033
20978,0.2492304928027449,-0.0012001305747773583,9034
21493,0.24912353867065212,0.07986778099093095,9035
28286,0.24890611185598124,-0.0026394902988177427,9036
20696,0.24887150011689385,0.09829144297781348,9037
22748,0.24880685786923423,0.10683138584146024,9038
26134,0.24876417847336263,0.004144515813021499,9039
28664,0.24874719925180044,0.00440331839776778,9040
24466,0.24873289086423578,0.03455391241587544,9041
24903,0.248718492681987,0.05990992271640452,9042
27423,0.24860109760492485,0.05117396800650095,9043
21633,0.24840226507216787,0.00653984687427378,9044
28628,0.24839782028891963,0.020439976524122327,9045
24183,0.24839113070053903,0.005479316776642762,9046
21469,0.24837874583297634,0.10636708626712546,9047
26302,0.24836725137343618,0.08462610795213221,9048
24795,0.24830189952366868,0.046344628713808594,9049
29270,0.2482922536622081,0.05610010752532013,9050
27131,0.24816204672923756,0.07391370357514268,9051
29751,0.2480782557896246,0.001469727986263436,9052
25399,0.2480129876278348,0.005437605624263736,9053
20993,0.24788981735955848,0.010436906700777293,9054
21738,0.2478109669479541,0.08565342250122049,9055
29454,0.24767188573948923,-0.009943185862332338,9056
28593,0.24757802871736426,0.004585146550557528,9057
20756,0.2474691856784096,-0.006369630005109428,9058
29947,0.24744563516415657,0.015123338689198879,9059
26486,0.24738529293049608,-0.017651270805608882,9060
21164,0.24736529680584318,0.006784218224009431,9061
28462,0.24733048166485214,-0.0012980509290317077,9062
25988,0.247210675171683,0.030506270706287753,9063
27646,0.2472063473713216,0.0290019336773375,9064
29826,0.24720529658292748,0.0708610839380428,9065
22058,0.24715785957180922,0.04233382576014619,9066
22175,0.24710354522633177,0.017121088193465278,9067
20614,0.24705996406078465,-0.007110680582493228,9068
27300,0.24680439919785155,-0.005659887438019678,9069
23659,0.24678828352021825,0.0014645790264824488,9070
22728,0.2467487382941273,0.052585678067404884,9071
25414,0.24671789014952478,0.027539485167260014,9072
27803,0.24670420237885227,0.025816942312213792,9073
24876,0.24665340730294497,0.027159812203984834,9074
21046,0.24664507417881396,-0.01207009178566118,9075
22315,0.2464029743034913,0.029399712452010507,9076
21187,0.24624614740331618,0.06123066045902664,9077
20073,0.2462272408663113,0.011383156466014094,9078
22759,0.24614780706863695,0.019299046179057394,9079
24754,0.24613263550099537,0.07573470750519112,9080
25303,0.24586605597856478,0.035678245616451526,9081
23370,0.24585552853506942,0.009563320416053123,9082
29027,0.24585288284295814,0.01637627566267985,9083
25532,0.24580888647511215,5.1426945412880176e-05,9084
24982,0.24578173671011286,0.004536190358702952,9085
28352,0.2457737610333872,0.057238886441768694,9086
22919,0.24563344070328214,-0.01578614546109358,9087
23946,0.2454112641792313,0.06815772698128195,9088
26120,0.24535240962196356,0.07445138449628452,9089
21729,0.24528542339636172,0.05993705988650572,9090
21607,0.2452418848750261,0.01724924006030748,9091
22726,0.24519531699125163,0.10634713791971773,9092
20198,0.24513799994468685,-0.012396558140555874,9093
26158,0.2450627437685118,0.016563050679769625,9094
27943,0.24500730744207647,0.01377618430833566,9095
27269,0.24491931866429348,0.005277096126630909,9096
21820,0.244769907160864,0.06115127908875315,9097
28600,0.24474811526320817,0.03234705881217667,9098
22681,0.2447315504606534,0.016247848401268306,9099
24586,0.24455436217164686,0.027308450890740743,9100
24827,0.24451905578199784,0.0026158939989935626,9101
20197,0.24444945244431784,0.020025727401232846,9102
26346,0.2444139184267323,0.0028544336704410533,9103
25609,0.2443600862489425,-0.005073668991224356,9104
29231,0.24432666032854566,0.11132920354320391,9105
21065,0.24411268667049774,0.03327312858439033,9106
20201,0.2440215487818183,0.0011081613076441288,9107
25886,0.24402119776387513,0.002260627296902379,9108
27267,0.24392766815318564,-0.009313575575001704,9109
20026,0.24388432114629846,0.09810164468153795,9110
21697,0.24374555476780216,0.04094158815704321,9111
26128,0.24361648701469887,0.004846400918060129,9112
21565,0.24343984119983986,-0.007978571611810259,9113
22085,0.24343070514283152,-0.004854584294654463,9114
21709,0.24342674952645166,-0.005664204386325061,9115
28209,0.2433662251448027,0.013041844826101961,9116
20069,0.24331485533793265,0.0014505849056008768,9117
23129,0.24324608250677773,-0.00662654633024673,9118
25679,0.24322668066923964,-0.0066037983269718326,9119
24260,0.24320657360266604,0.007442175469052265,9120
20221,0.24312683762861195,-0.015741150763101425,9121
20767,0.2430658924807012,-0.011572726716503445,9122
29019,0.24306154616906833,0.08260999484509088,9123
24133,0.2426701773890648,0.0011039853948776046,9124
20356,0.24264324312977248,0.03690762128057726,9125
24929,0.24263343671552973,0.05645096311980327,9126
27219,0.2425299490475538,0.07078896599095094,9127
22121,0.24246603288325577,0.020284875692982873,9128
24224,0.2424413424358968,-0.005118227083646371,9129
21100,0.24236843164820146,-0.0018368241452436929,9130
22834,0.2423066198814996,0.005393469726518468,9131
21220,0.24226725964143841,0.07006064196994732,9132
21077,0.24221862701410216,0.006831973957310972,9133
22069,0.2421082371589251,0.07945294145389695,9134
26769,0.2420968933739491,-0.018459030583292596,9135
26595,0.24188643248102662,0.1255670230154296,9136
27818,0.2417955221765433,0.0702440650188412,9137
20065,0.24171201937899084,-0.022777309229810194,9138
21222,0.24153200228236865,0.08626715416001093,9139
25995,0.2413656196427743,-0.027620937607435836,9140
25155,0.24134219849683597,0.052083274638915295,9141
20910,0.24122593865027717,-0.011294454467786735,9142
27521,0.24121193663163376,0.04072171618449094,9143
27166,0.24120568677824303,0.07414195322984685,9144
28281,0.2411539859676689,-0.009477496343079927,9145
29222,0.24111227657291323,0.011539326328863703,9146
20496,0.24100391060784618,0.0041166248015614415,9147
26022,0.2409355723854497,0.04772635035930478,9148
22137,0.24089116046810435,-0.00937382304795717,9149
26147,0.2407272835467624,0.04517902025221507,9150
22567,0.24067763639795986,0.08829448876119228,9151
24101,0.24067315993237212,0.028833472643519237,9152
21751,0.24040799677784838,0.02285852850070519,9153
29963,0.24038833682203237,0.0010968845653482051,9154
20688,0.24035621164184995,0.08199668056506063,9155
20669,0.2403430124736774,-0.0035984799991470584,9156
21156,0.24030652670938202,0.004819025676677469,9157
28979,0.24018089649034538,0.046746800529928245,9158
22470,0.24011766877144342,0.034678529553206244,9159
23019,0.24008270329498282,0.06528098032432325,9160
28828,0.24007565837762265,0.05323010316466317,9161
27103,0.24006892174955166,-0.02408243866550422,9162
27168,0.23988652435636007,0.0373591693384952,9163
29725,0.23976244556373452,0.03056867673610833,9164
29992,0.23961049951823585,0.0016736132855592334,9165
21927,0.2393803206059362,-0.011800667950723626,9166
22291,0.2393600981353798,0.03971051861763786,9167
26064,0.2392939019667622,0.005151766213392112,9168
20392,0.23914555785760297,0.0715273152265658,9169
29152,0.2388828531736534,-0.037372307819589806,9170
20608,0.23884172016075841,-0.034170805386917164,9171
27599,0.23882462229502344,0.0770562642124264,9172
23138,0.23877724703729983,0.05237253646974285,9173
24847,0.23874457038994326,0.009370846484693662,9174
23133,0.2387117122590435,0.05494772721867197,9175
23304,0.23868836836476093,-0.0018177877535647258,9176
28857,0.23866631231456634,0.098308266714664,9177
26780,0.23853887821262215,0.07977511745019114,9178
29559,0.2385124712872957,0.07650353737742319,9179
21328,0.2384676482536192,-0.015770561879949796,9180
22487,0.2384335983413236,0.0649311458040249,9181
22195,0.2382527038085684,-0.0030855077511856843,9182
28385,0.23821538792676955,-0.0016005620622875638,9183
27833,0.23819423435061962,0.011046829888346765,9184
24934,0.23817425564603467,-0.01348944140876901,9185
26262,0.23811247497850047,-0.004458589966424759,9186
25918,0.23810003919155326,0.012608677801160484,9187
25132,0.23809613572893343,0.00012935588665269337,9188
29907,0.23809317860728563,0.07433213441985018,9189
25893,0.2380677315270013,-0.010000148508769846,9190
27688,0.23806333643439662,0.03143349820529698,9191
24619,0.23789735552592214,0.07269584337907872,9192
22333,0.2378952224898093,0.0004756250154590025,9193
29967,0.23780876879442236,0.0398113111650259,9194
27495,0.23777168701039228,0.001088665092936869,9195
20151,0.23776427007944356,0.08336224908253007,9196
25752,0.2376727383174896,0.024889320123881342,9197
20509,0.23754008314330738,0.08318967665451196,9198
23144,0.2375347915042971,0.021232246726080706,9199
22147,0.23729468996062972,0.0021523609803478227,9200
23017,0.2371129859121001,-0.011725462282134586,9201
24074,0.237111729360288,0.031101582400994643,9202
20769,0.2370578729698713,-0.006460376902308829,9203
22130,0.2370386777275604,0.07763426185309252,9204
27566,0.23695894325984013,0.005938743392142953,9205
28102,0.23691568544162103,0.022637620525705004,9206
22081,0.2368938597990416,0.019773780617009212,9207
21128,0.23680119862834673,0.027168788513322106,9208
20161,0.23680039675860248,0.0021488242911109068,9209
27057,0.23669156007844164,0.00740783571121828,9210
29800,0.2365862448107844,0.007027935414171682,9211
28717,0.23655494356191073,0.02190391871717806,9212
28691,0.23646157502011184,0.0009859041604228236,9213
22110,0.23639936800220823,0.057788531065673054,9214
22485,0.23629837676925786,-0.012872143368391292,9215
25116,0.2362673268062735,-0.025511412000224276,9216
21813,0.23623716257886412,0.004060110116200971,9217
26412,0.2362055445331814,0.019047849082759832,9218
22477,0.23608645181930954,0.017165048429955948,9219
28710,0.23606472795164823,0.011253010185584111,9220
29012,0.23600330890590498,0.05802154871285037,9221
23075,0.23595667480145655,0.016544668709625177,9222
28141,0.2359550365466025,0.04506665209260377,9223
20534,0.23579544548394218,0.003567192830793847,9224
26415,0.23570143500741203,0.025632098927340474,9225
27605,0.23566088467985596,0.040753877070572875,9226
27508,0.23549649442223133,0.011702378189813872,9227
26785,0.235445338746687,-0.007489389285736697,9228
23246,0.23541352554956618,0.05526673141812477,9229
20535,0.23539084022038018,0.0034430325613713786,9230
23889,0.23527517798146907,0.07516335563740761,9231
28351,0.2352520591700924,-0.001079207116614439,9232
25236,0.23517643680700093,0.017809921398570516,9233
24705,0.23506362682787557,0.005229868146957112,9234
22136,0.2350159613222075,0.09531506335377032,9235
27154,0.23501368545150997,0.009865363597383103,9236
29563,0.2349624303513612,0.0687955531760176,9237
27513,0.23482593831534246,-0.04133271097234073,9238
28821,0.23473783175783938,0.007029954222104673,9239
24179,0.23470268610176478,0.05229884463897419,9240
27248,0.2346873731903694,-0.02613110595197979,9241
24159,0.23462371762889989,0.0031627219084391367,9242
25167,0.23448104551180537,0.05960600673969499,9243
24801,0.2344732717870891,0.004737422441064898,9244
24908,0.2343348964505235,0.010393243721379924,9245
29215,0.23418803731842236,-0.009548182799102384,9246
29838,0.23414828309773691,0.017925721818268542,9247
22396,0.23410293042116825,0.006342417493708646,9248
24922,0.23408968255479348,0.06669773165317822,9249
27496,0.23405457911752095,0.026300027239794882,9250
27653,0.23399310253062489,0.02274910441802719,9251
24809,0.23397112042920132,0.04852672595075927,9252
28113,0.23395915145138038,0.07605160727252688,9253
23351,0.23392127376315366,0.09136307849419092,9254
23835,0.23382259943265954,0.05974153975936175,9255
29973,0.23377160828061458,0.0662493777858019,9256
20493,0.2337658194652973,0.001052268147591573,9257
23022,0.23350936798688632,0.05422486443231689,9258
23044,0.2334361061797146,0.03252597962036566,9259
23516,0.23343279729962918,0.004599031961339289,9260
24578,0.2332370997621455,0.05482375747599852,9261
23984,0.23314064334958828,0.04255040362422355,9262
28895,0.23306227523826448,0.03268702112339178,9263
20417,0.2328725629875285,0.01796916123745973,9264
21306,0.2327603082676622,-0.0011668282864729096,9265
21008,0.23274438576622825,0.010753069678437116,9266
28954,0.2327006675747843,0.07254841816985969,9267
26555,0.23268819344325797,-0.01846419155594886,9268
20183,0.23244219040213215,0.0370539871999577,9269
23430,0.23223460513920632,0.008561798741216126,9270
20318,0.23221297404630017,0.0031699545432827825,9271
29086,0.23219163517525304,0.006628780043524546,9272
23540,0.23217526655834092,0.014705423630374442,9273
23604,0.23217382311291737,0.08442496211177161,9274
22882,0.23204846289295197,-0.03989458787491093,9275
23772,0.23174784171869045,-0.02318804231518362,9276
23744,0.23172640748244352,0.005540790140154739,9277
20329,0.23171335169205287,0.06279560280883106,9278
22787,0.231709930887392,0.05565691877899648,9279
22040,0.23167052842545874,0.06495249782660892,9280
29380,0.2316273805350859,0.0711887939082064,9281
27780,0.2315091003855674,0.05941747783317347,9282
24280,0.23136126260845732,0.011274006034948297,9283
20613,0.2312652626790714,0.06576034602793707,9284
21149,0.23118150697367526,0.08990235601409272,9285
20227,0.23110876067205,0.09990675137099184,9286
27748,0.23110091130209204,0.04467372789677704,9287
24470,0.23103549143504482,0.02048330110602037,9288
22348,0.2309445651623014,-0.03816368108153176,9289
29118,0.23093649677723,0.07252883062983337,9290
26243,0.23089651351941867,-0.002845682035468533,9291
21325,0.23075881595424283,-0.006488067303228207,9292
23615,0.2307127977525245,0.05681152123428709,9293
22306,0.23068888897550271,0.013273392759719976,9294
28427,0.23064840904124878,0.034389470072172634,9295
26081,0.23061206926641395,0.058881822606447004,9296
27977,0.23054836008991145,0.023234015866266722,9297
27859,0.2305430989582859,0.05423853669314477,9298
29008,0.23041037122318175,-0.00015784742264998708,9299
20068,0.23016676859118856,0.04237212398224574,9300
25034,0.23014628985349705,0.07302376908106523,9301
25911,0.2299683939888916,0.03186371387618028,9302
28788,0.22974872814562783,0.032842339317356445,9303
22254,0.22963743986339327,-0.011452879456282844,9304
21981,0.22929472138756146,0.05123254438381747,9305
27434,0.22928246655393344,0.005499374795585432,9306
28169,0.22922987803348374,-0.003828010713269353,9307
25453,0.2291962108769488,-0.024266799133546346,9308
20152,0.2291881229949837,0.03174930117109473,9309
26241,0.2291674188579192,0.022686884196937818,9310
25698,0.22909800404370748,0.06095227421632818,9311
23300,0.22907523673995048,0.07982899793217854,9312
21137,0.22906027052754802,-0.005117462848334586,9313
23432,0.22894790011599828,0.053491173979850176,9314
22556,0.22891763748283575,0.0020985516615213695,9315
22012,0.2288959634486996,0.009505934483702988,9316
26988,0.22888276350061815,-0.030577321619593922,9317
22636,0.2286981868588202,0.062331667312623434,9318
20974,0.22859955677486243,-0.0054662241270579115,9319
25728,0.22857699069089998,0.0008717493181625846,9320
21105,0.22854849961036947,0.05087596190043467,9321
25742,0.22850373206671543,-0.007362441140256165,9322
22589,0.2283898766193328,-0.012491158005884684,9323
29337,0.22827565082584583,0.07327826233011825,9324
23846,0.22814611986750097,0.07159546639502065,9325
23113,0.22813941785080236,0.014756361518015737,9326
20748,0.22813480597233113,0.010379199371282094,9327
21837,0.22804147175019854,0.025774082172846186,9328
26848,0.22801320420847834,-0.019599697950873685,9329
25980,0.22790727348057077,-0.01329065253249831,9330
25766,0.22787360059221834,0.009066798716053343,9331
25523,0.22787356234905343,0.06652558347127963,9332
22632,0.22757989481925867,0.00558250640787375,9333
21917,0.22754521681707573,0.029884310671881853,9334
24199,0.22752162456961636,-0.0009342898798360144,9335
21924,0.2274200100018498,0.07083673298039886,9336
23833,0.22734390684920677,-0.026623077546103463,9337
29584,0.22713519816750918,0.017535760180071247,9338
25845,0.2271068907876427,0.050296898001458784,9339
24330,0.2270061765357006,0.02256486908814609,9340
21844,0.2269335019069219,-0.018153403947863467,9341
25769,0.22690116872767493,0.03346299481423931,9342
20979,0.22688254030093252,-0.0038338111004588005,9343
28768,0.22658974801108606,0.009030109320875918,9344
24206,0.22628050768104227,0.027839527926398405,9345
28029,0.22623377638491024,0.02490579197078191,9346
23046,0.2262145583518223,0.006413797528462412,9347
20821,0.2261945183751075,0.06188435447350368,9348
28611,0.22610476584760283,0.04708604051986315,9349
23543,0.22608247175883553,0.013391241460222664,9350
20208,0.2260186365707924,0.002079693941951427,9351
27387,0.22586929713521114,0.009325409042844457,9352
24109,0.22586207151238344,0.0620880797978689,9353
20399,0.22576285442458024,-0.029356728209271293,9354
29618,0.22574487507422258,0.03356063047232058,9355
22874,0.22571773055613126,-0.012445786058194686,9356
25105,0.22558943863714304,0.02246104910662111,9357
26353,0.22544905159857337,0.043601417439790735,9358
23456,0.22539479983277164,0.05547770160741833,9359
22014,0.22536187152233583,0.10070750951359607,9360
22357,0.22535300864966518,0.03147264377731965,9361
28970,0.22532241445930584,0.023463702845837403,9362
22506,0.22529245673956547,0.04747604515283127,9363
25259,0.22528335273697134,0.08699437565306517,9364
22719,0.22521246613600046,0.0025132660079075497,9365
20355,0.2250049851046922,0.022830222384028764,9366
29908,0.22497434054446053,0.011146943976733437,9367
21705,0.22495763251362152,0.04995060869953913,9368
25758,0.2246757396058814,0.07157113377350868,9369
29453,0.22463261557525374,0.05718455926202873,9370
22514,0.2244743979596976,0.07434482615828139,9371
27081,0.2243629816068432,0.05953188915284818,9372
20019,0.2243171397777803,0.058668551933050206,9373
29415,0.22429000421689152,0.008210041682225527,9374
22901,0.22428132100568413,0.025243240273796486,9375
26392,0.22426452106700567,-0.03454449742417237,9376
20041,0.22408432221468794,0.04426871724956652,9377
23395,0.2240016004149463,0.07274187500554816,9378
25125,0.22392742760288017,0.0034131182480388045,9379
26259,0.2237040698942492,-0.0014245202081051567,9380
20630,0.223688428678279,0.010880832750769509,9381
24787,0.2236418237433926,-0.008166459488038846,9382
25662,0.2235934376271041,0.013869516980918789,9383
24139,0.2232762826872669,0.05420408137870997,9384
23233,0.22319062084330094,-0.005362058587292051,9385
26733,0.22293525704193212,-0.0032895820413244847,9386
26188,0.2228163414460136,-0.015700914677741235,9387
21653,0.22264049677403577,0.015812654145921257,9388
27889,0.22259394215237086,0.018633552469974085,9389
23617,0.2225319371325578,-0.036387517114763734,9390
20908,0.22240729505379328,0.09160813043464433,9391
29977,0.2224064027473377,0.05017333105347088,9392
20755,0.222316829988983,-0.013840504006782495,9393
21528,0.22219389552953903,0.013284541950805556,9394
29233,0.22214124370749233,0.00981321554596054,9395
25992,0.2220238441701161,0.04200529366645933,9396
21533,0.22196787791599262,0.008896661514231796,9397
22993,0.22193918213896904,0.06733256881227548,9398
27418,0.22186131935866538,-0.00952612649620263,9399
28688,0.22163226775235478,0.07072747408885988,9400
20885,0.22139885935017092,0.0606949309022804,9401
28300,0.22112553038472416,0.006439590319347349,9402
23145,0.22105303623727368,0.0072536804262692545,9403
29748,0.22097298446370578,0.026727831579023392,9404
29436,0.22086488905682192,0.05609488829060602,9405
22303,0.2207672771939625,-0.011158414729807081,9406
29276,0.22076481375851012,0.0713504268563506,9407
28877,0.22076343179606092,0.02465062909412713,9408
21592,0.22072245785819394,-0.009491693929047057,9409
29865,0.22069324435868554,-0.049839428404537145,9410
23293,0.22068528627341505,0.025181206108942172,9411
21760,0.2205919022767482,0.0015129525885964612,9412
22205,0.2205908434677352,-0.031793034812426985,9413
24998,0.22057094113384917,0.07196295228998176,9414
22582,0.22052118553902714,0.005046673041519983,9415
24999,0.22042805015437547,0.038055684065389506,9416
24046,0.2203497138040154,0.004798084042747619,9417
22532,0.22034378148833406,-0.0032503183193058616,9418
28377,0.22026762377906148,0.016263945342104097,9419
29946,0.22002977447768976,0.06257193166786246,9420
26370,0.21997244953852518,0.0229137062636654,9421
25419,0.21992598795030405,0.0547778862633011,9422
24583,0.2197920819564276,0.06420699675739358,9423
21485,0.21969172282303656,-0.004458039299266386,9424
21195,0.21968206479570365,-0.026218321797871202,9425
22756,0.2196340755244992,0.08465022945765954,9426
21432,0.2196304297518117,-0.009657572856727054,9427
23030,0.2194920508693425,0.012590534729680192,9428
22695,0.21944125684257243,0.07842818030812596,9429
27711,0.21934202822468543,0.07437252610148001,9430
22128,0.21920850951897883,0.009999441507504037,9431
24076,0.21913529435330364,0.0033863080868529183,9432
21538,0.2189129687037118,0.003466962444209354,9433
27454,0.21888451369942877,0.008806446786572442,9434
28779,0.21887914167478706,0.03690568468683916,9435
27967,0.2188074288955721,0.05686708762069165,9436
22223,0.2187951680199867,0.004080801237824339,9437
25319,0.21870983441578304,0.06318712580243005,9438
29347,0.21848395917098143,0.024780529105384197,9439
24126,0.21845449533092337,0.005763537039384314,9440
24274,0.21827900428657676,0.008819480971856891,9441
29549,0.21817379959677616,-0.011331952746649138,9442
20784,0.2180974458912512,0.04169505299645304,9443
27125,0.21807633865257908,0.04274840677794092,9444
26194,0.21802263918009537,0.08357605859065181,9445
27174,0.21755186168396143,0.015229520766658455,9446
28938,0.21753746059538112,0.06337783090084764,9447
27980,0.2174455991794836,-0.004244802745255738,9448
27563,0.2171866605238847,0.053034712962391484,9449
22546,0.21718625647703138,-0.00664988041250103,9450
28441,0.21712577738205335,0.07964959357551327,9451
22433,0.2169151112574476,0.018533134527089934,9452
29564,0.2167715751401531,0.050032935588439714,9453
24173,0.21675502801828134,0.006443325189874283,9454
21582,0.21675381384133638,-0.00298810920111367,9455
26966,0.21675224348671668,-0.014769559156488199,9456
25906,0.21674235366374217,0.005572289776028083,9457
29476,0.21667998424449733,0.06331347995706121,9458
29721,0.21659836360182338,0.08627179456982687,9459
27104,0.2165205552248804,-0.023259368212512288,9460
27950,0.2163430674266491,0.0017009312901888063,9461
25882,0.21627366573658047,0.015614115041750531,9462
20968,0.21619951407658058,0.019086774479393193,9463
26658,0.21616319583155597,0.023795978785349642,9464
27176,0.2161037192715841,0.030740085517809546,9465
21801,0.21609286407035735,0.03049283906105968,9466
23504,0.21604589480274713,0.017187195835873165,9467
29073,0.21596758192177398,0.05286376069630119,9468
26671,0.21580740549393002,0.04765169912323933,9469
28609,0.21579948760621073,0.008609491572662914,9470
20486,0.2156953988241792,0.0031676690433740107,9471
22308,0.2156759190746738,0.07727526926798453,9472
21995,0.21519618291440173,0.05945067229210779,9473
24343,0.2149231307400755,-0.021979437326970858,9474
22417,0.21481152685770852,0.022220664799649098,9475
24742,0.21480969609882905,0.039137533058711815,9476
21146,0.21465175518043433,0.003945543095317583,9477
28530,0.21459240616872974,0.08905257226018023,9478
22074,0.21457983019604732,-0.010753654675325075,9479
23651,0.21455808529711828,0.03511692847575715,9480
23411,0.21444706574747652,0.05563672150990956,9481
25657,0.214414297969613,0.011967385787404583,9482
21499,0.2144096772952641,0.019139514551776537,9483
20983,0.21428994659113876,0.017193762384143607,9484
21502,0.21422490722754756,0.04513593017295242,9485
24460,0.21418465058156874,0.001761969161378385,9486
26198,0.21411989898012176,0.053943775213510736,9487
28428,0.2139931181620204,0.04304145388928446,9488
20158,0.21390738020500238,0.05627265690219216,9489
25500,0.21373794920067923,-0.007112060876561521,9490
25636,0.2137079074868318,0.013896834309650719,9491
29726,0.2133681971809804,0.05107465137044942,9492
27299,0.21321337191279668,-0.01578015245708464,9493
28894,0.2131750810155981,-0.016404939690846082,9494
28854,0.21312957083017514,0.011403497382127398,9495
24992,0.21310844244971322,0.04474557375398608,9496
22226,0.2129927882510938,0.013558125391709724,9497
29140,0.21294297617237445,0.03880163445610388,9498
21004,0.212893262222907,0.06004271800991823,9499
27076,0.2128561527405926,0.03071766384632904,9500
22679,0.21285401041885715,-0.006828069598544401,9501
23745,0.21256907967230781,0.008040701745398837,9502
24348,0.21255382241366266,0.0093613993137234,9503
24581,0.2124820750081053,-0.003817129377229944,9504
23982,0.2123231234837879,0.02724006272246285,9505
24753,0.2121831120101083,0.010443225483177249,9506
22268,0.21215518514246406,0.07394757277604211,9507
23537,0.21203136075676868,-0.01225725506984443,9508
24131,0.21202534046764687,0.06916016690823229,9509
26230,0.21195765059622565,-0.021895151654173883,9510
20389,0.2119562718467196,0.043637408149267115,9511
22112,0.21193286798287406,-0.01016455591746021,9512
22414,0.211870016219017,0.03381757672800201,9513
22212,0.21183770210134828,0.01790261223681644,9514
23571,0.2117685793337984,0.056504684190632176,9515
24907,0.21173762817996628,0.06748362823268092,9516
28042,0.2114919388459309,-0.019858395979578586,9517
26743,0.21117509065031964,0.05276279018740568,9518
28601,0.21114215145633225,0.0004369256062605187,9519
26160,0.211134519652144,0.018965733581708,9520
25965,0.2109388945251543,0.06252858045909834,9521
21659,0.2108139357615947,0.05179108364928173,9522
26653,0.21079976547583704,-0.0315089154876175,9523
24303,0.21068575785250998,0.07231339513947432,9524
28307,0.21066833585891157,0.013447240791197995,9525
27254,0.21031398793842143,-0.0037942226577209193,9526
25354,0.21028738401182398,0.052889381245264766,9527
27427,0.21012986653994095,0.018719280859037374,9528
21296,0.20990979567319418,0.016584482341278295,9529
28481,0.20988376970974532,0.03767121636870563,9530
28460,0.20986898016938857,0.00997155111351572,9531
29697,0.20985062059609144,0.004651198668409906,9532
25559,0.20974774641545058,0.005833119083951843,9533
24626,0.20958498325265826,0.014467102980212199,9534
20635,0.20953131954337825,-0.01919036116436948,9535
25570,0.20928918930460663,0.01660647414407143,9536
29307,0.20921500132066606,0.04644598322505142,9537
21512,0.20918912459832392,0.047687482131485354,9538
23305,0.2091890694477097,-0.023767332106519323,9539
28928,0.20905309537604333,-0.021889272409053445,9540
25990,0.20901822863986166,-0.015008889337878611,9541
29388,0.20890445970747454,0.04830411262227438,9542
22854,0.2088994055542086,-0.008982846107088271,9543
29510,0.20888622307205465,0.07133229610310418,9544
26393,0.20870026761972968,0.011838405292754817,9545
23760,0.20860482967006663,0.05049088741149557,9546
28980,0.20819348399996915,0.008783616851408632,9547
24625,0.208169291835895,0.04539379813051714,9548
21708,0.20803777002563859,0.002757432820987199,9549
29243,0.2080191750646502,-0.01476887390832926,9550
27467,0.20788543860277714,0.010393640988169,9551
26253,0.20786544106790197,0.008380431558094759,9552
28170,0.20766680404507076,0.006643524418049329,9553
20261,0.20762937130061082,-0.013750002615739554,9554
26875,0.20749509203020675,0.012370132422475588,9555
24313,0.2073026384440928,0.061769341054799226,9556
23980,0.20729964735621279,0.04529479090826058,9557
26418,0.20720218320805853,0.04906923714629349,9558
22696,0.20717704715340793,-0.010657970846508436,9559
21949,0.2071340400745574,0.024097227945351074,9560
29196,0.20701634525522342,0.06224845095078646,9561
22022,0.20698687466677007,0.0613912951043786,9562
26635,0.20682562170517885,0.061397107479235186,9563
22538,0.2066852541744433,-0.009695776108638338,9564
23964,0.20667143348490552,0.008735454461976155,9565
27538,0.20663166912156092,-0.01598561695842854,9566
25337,0.20657608322871807,-0.017487427035058817,9567
27650,0.20646941443221664,0.05982489217508205,9568
29771,0.20591980056029757,-0.002913463646064457,9569
28407,0.205878149463918,0.05958226002880651,9570
23397,0.20587037901153948,0.007623768602647046,9571
20438,0.20572173562251647,0.02296946983628223,9572
25890,0.20548311111133527,0.014564489750592824,9573
25923,0.20541837039284974,0.016376219232801636,9574
24588,0.2052279993423389,-3.688990356193189e-05,9575
28526,0.2050423109214305,0.08606202384032427,9576
27999,0.20451617621995838,0.059963943104488715,9577
20157,0.2044463048287064,0.01584592994894793,9578
29477,0.20435813980049447,0.06000959697919647,9579
26576,0.204338353323283,0.048789998760634695,9580
22863,0.2042827619014286,0.039314502214928965,9581
25434,0.20416379192025452,0.06798538113763719,9582
23584,0.2041160137319131,0.05739761759941253,9583
20882,0.20388474038853446,-0.013331006962143843,9584
25450,0.20388254984679946,0.0500577260817483,9585
23723,0.20374529350335766,0.032141289676956425,9586
20381,0.20369700827124815,0.07923411415224473,9587
25879,0.2036546147778694,0.05891565670279206,9588
22269,0.20363835452124066,-0.009476022480943036,9589
22640,0.20363355038079184,-0.010225732148213457,9590
21302,0.2036288219429056,-0.0062921973132480935,9591
24135,0.20357681656685062,0.023259687477906854,9592
27968,0.20355517611872728,0.02211814849118207,9593
27695,0.20351285730077107,0.011560970466634957,9594
22982,0.20348305726069862,-0.019363175121354242,9595
23761,0.2034304922319404,0.023179652800010414,9596
29205,0.20340556934399104,0.06755631257203759,9597
25632,0.20319139576365003,0.05393108286567763,9598
27474,0.20302720237178085,0.0027976164587532604,9599
27691,0.20292220555061982,-0.010342828211035965,9600
26292,0.20276770223951354,-0.00980638235718248,9601
22211,0.20256183321163043,0.057792731159981986,9602
21399,0.20248252935258626,-0.0033895666420493686,9603
27393,0.20232131670942904,-0.011310372253159645,9604
28186,0.2022059879889703,0.04650740118231625,9605
20138,0.20207871983107858,-0.0011246760486361973,9606
23854,0.20205915180788162,0.03123327018254063,9607
24606,0.202044256389815,0.013466900949259786,9608
28273,0.2020382211829126,-0.013242920689760879,9609
27825,0.20191435733179627,-0.011290889383145153,9610
29885,0.20174596005991227,0.03795457730741145,9611
29997,0.2013694593114997,0.007767829800915282,9612
21278,0.20095802874097113,-0.033279818913446835,9613
21557,0.2006590627631476,0.061682496026873174,9614
21936,0.20059617405267344,-0.005524520954796691,9615
25061,0.20054672080714614,0.06664502083536736,9616
22794,0.20046629573860653,-0.004779260051714501,9617
29970,0.20029107437272423,-0.0061918188301304244,9618
20003,0.2001703224041828,-0.00414048606064954,9619
23092,0.20004346928347466,0.011607302023037697,9620
27551,0.2000312979144552,0.008234170381784839,9621
29449,0.1998436087160937,0.015402408860878125,9622
25987,0.19982215994664085,0.04835452929785583,9623
27102,0.1998046251142394,0.006562587417394405,9624
23067,0.19977034425879903,0.013989699977758258,9625
27262,0.19956209184667426,0.02331604378679361,9626
24365,0.1993753372154682,0.05576196859561999,9627
24473,0.19928565639098425,0.06664189008277954,9628
22107,0.19918464317401494,0.062015631804420324,9629
22972,0.1988903989537068,0.06002868820979351,9630
28900,0.1988716124220468,0.03778698787345108,9631
26540,0.1987084120265831,-0.006232235845767847,9632
29339,0.19861331912491068,0.03314057851138025,9633
20609,0.19860752473674806,0.02090405701805717,9634
23263,0.1984301564349266,0.02731237832583991,9635
21157,0.19807019747083246,-0.011953815667596318,9636
24377,0.19802972870339472,0.045862547398761916,9637
22975,0.1980269098262803,0.06252987147286501,9638
25243,0.19799703066809946,0.06137246007315317,9639
26647,0.19791307025341717,-0.0411808383022651,9640
26145,0.19774818302300554,-0.010195282070512707,9641
22157,0.19762979348778897,0.02031462576437798,9642
27439,0.1975327131993716,0.04614568430883642,9643
28703,0.19723164323066314,-0.010079903845051225,9644
29853,0.19716208085813092,-0.02559976740140238,9645
23376,0.19715674557956928,0.05775964153112301,9646
27007,0.19708666944807152,0.0037021795855732287,9647
22251,0.197076074391195,0.037570850634583264,9648
23181,0.197062348799386,0.010764574367786217,9649
24806,0.196769400776567,0.06477552540678325,9650
22864,0.19672330765177307,0.051263309214680086,9651
27145,0.19662743129301832,0.004956777272291185,9652
22750,0.19652878934708082,0.0064213469412325586,9653
24420,0.19651252230219202,0.052452264900669565,9654
21797,0.19647614937585442,0.0409406301241442,9655
24830,0.19638743901755498,0.048317911841138705,9656
22276,0.1962384046253034,0.06526545206676213,9657
21238,0.19620985464659063,0.0039123133931494025,9658
24023,0.1961752873307674,0.016754241892116134,9659
24124,0.1961412679155475,0.007705777344865633,9660
21655,0.19604897231274054,0.05161179696335605,9661
28787,0.1959563077141596,-0.005195188728886219,9662
27962,0.19580458402526976,0.06514805789943459,9663
24745,0.19570228096749834,-0.012465622441487884,9664
27020,0.19569512240088466,0.04477239112204601,9665
26808,0.19553941313477244,0.04395729226140305,9666
20096,0.19552914680560343,0.05963128575116938,9667
27955,0.19550482683322648,0.001187786422990944,9668
20170,0.19540794888747184,0.03711728693213573,9669
25888,0.19508121074753737,0.0548617527533774,9670
25272,0.19469868345973687,0.014790469902492803,9671
25196,0.19466164080156914,0.0018630373821242052,9672
28835,0.1945950001311352,0.06912126613806766,9673
23352,0.1945932233863702,0.03715231551540507,9674
27795,0.1943261537754901,-0.006456721919922664,9675
28107,0.19416238982864054,0.00675388899945395,9676
29960,0.19414799726087126,-0.009871432278515724,9677
22239,0.1940140250478052,0.0037752998689747075,9678
28374,0.19399005157882943,0.048718955430150784,9679
28308,0.1939623736577475,0.016851049073263902,9680
21916,0.19394894040275126,0.007666463211949026,9681
27964,0.19390591947521602,0.05721376577355272,9682
25894,0.19387868189258098,0.07606921733476157,9683
22313,0.19383664456828315,0.01622957846704523,9684
29181,0.19379865131641286,0.017003977401635395,9685
20199,0.19379404505903172,0.06412939444662719,9686
20400,0.19336447367200157,0.04889698160723355,9687
25121,0.19335954096680488,-0.0060309634126883005,9688
22843,0.1933501658480765,0.057610684596579476,9689
21951,0.1932257411395275,0.05612521209626642,9690
23713,0.19308481835172794,-0.012807480057607012,9691
28732,0.193070350089802,0.04289554536563642,9692
28721,0.1928774978862986,0.02659796501673145,9693
27045,0.19265618320132136,0.008639718327519919,9694
29074,0.1925267248612949,0.05188145281546083,9695
20310,0.1924937971794207,0.010615871776062213,9696
22525,0.1924058087887908,-0.00012754049965871261,9697
20599,0.19209212222041755,0.06361710439452864,9698
29546,0.1919024064555659,0.038227946605984,9699
23995,0.19181756485057913,-0.0025953967144615453,9700
27680,0.1917801626522891,0.01162050057921224,9701
22752,0.19171758850656642,-0.014326054385693288,9702
23197,0.19155878459015568,-0.006172086685468342,9703
21735,0.19117844991977567,0.019508315450431996,9704
27266,0.19114902177651238,0.040421061258607005,9705
28322,0.19093361272361795,0.0029793862781107017,9706
27360,0.19084670267369902,0.011055774662110801,9707
24943,0.1906453086129264,0.005066555556912933,9708
27470,0.19053376615627182,0.014048768440906162,9709
23479,0.19052926732149095,0.08514579330983754,9710
24546,0.19052860207256148,0.00023413923304582696,9711
22104,0.19052124775463739,0.001214584080607789,9712
25036,0.19031384543490693,-0.011671875758700101,9713
22608,0.190271185400781,0.04351188004906778,9714
29763,0.1902060494871132,-0.0009887465769682358,9715
20611,0.19019507165760183,0.004727321364735998,9716
20351,0.19002638687841028,0.026478676989289573,9717
22617,0.1899643612032343,0.04843926766226053,9718
27234,0.1899538180733893,0.011152715080718661,9719
28646,0.18980438432402844,-0.006801042643195088,9720
24905,0.18967009404903865,0.00201942119993187,9721
26170,0.18956693147735512,0.05152530128535743,9722
21327,0.18943685880339028,0.04767425844533016,9723
28659,0.1892625875119387,0.04249505550171312,9724
27659,0.18918077605602487,-0.002793421632605736,9725
22663,0.18898024384947051,0.036654683114586695,9726
29937,0.188956630439354,0.027482951703442365,9727
20904,0.1889413212019493,0.052049657557714624,9728
21713,0.188817367362959,0.05806179799675307,9729
29139,0.1887627356822695,0.07263925698596592,9730
26420,0.1885391181880778,0.02783332382067183,9731
28247,0.18850445924548292,0.033493441454688105,9732
29601,0.1884439253890018,0.013219903124839671,9733
22198,0.18844162759326308,0.0532693355034797,9734
21795,0.18831742203201038,0.05259582318075509,9735
28243,0.18828663651702818,0.029670556403773696,9736
26999,0.18806750851583523,0.029679045772560114,9737
29957,0.18798161444630254,-0.0025555301877229764,9738
22204,0.18777189826258645,0.04994233313262286,9739
23427,0.18726590173096466,0.008987483234473431,9740
20848,0.18723881927204775,-3.441826412126092e-05,9741
23642,0.18701773198708965,0.015168619786038506,9742
25946,0.18691186925869674,0.03258645802339566,9743
26768,0.18683638451044746,0.009123335689683987,9744
27282,0.18654857090714433,0.05156496202879515,9745
24208,0.1865373894153239,0.05016588291438259,9746
26821,0.186491509573982,-0.0004160957225420592,9747
24082,0.18645077113824765,0.009123859121769634,9748
26673,0.1863160187887728,0.029993237092543895,9749
22913,0.18622430580058744,-0.012053569028594557,9750
29662,0.18602404075698636,-0.013651395494178542,9751
23040,0.18592792483729392,0.057756593547985624,9752
29673,0.18585026680015457,0.03751945224999226,9753
27256,0.1857188058635945,0.007413104678504839,9754
21426,0.18569807612518907,0.0571268470667039,9755
22426,0.185690969285562,0.00911232143678442,9756
21439,0.18561968584364907,0.0076873149485375825,9757
20147,0.18542955464629915,0.013199268624181304,9758
25069,0.1852886891352173,-0.0022688966251869502,9759
27821,0.18518155892234053,0.03392597407268924,9760
27717,0.1849367952386257,-0.014251821038794105,9761
25622,0.18485729071836482,-0.02121879895639875,9762
28662,0.18484653066027257,0.04891262881121344,9763
23973,0.18455648751106285,0.05306403882617419,9764
22914,0.18406962292840937,0.0014826000431136799,9765
27693,0.18395489948656446,-0.006760580898926588,9766
21289,0.18367611623337687,-0.01784947353419325,9767
25335,0.18309264062150582,-0.019954382810391913,9768
21114,0.18299345331923814,0.05320099168601336,9769
25127,0.18273816559708528,-0.0013222739437019626,9770
26474,0.18268992141616916,0.021321353274556254,9771
25476,0.18268309556069343,-0.0009585084731472127,9772
20335,0.1825374172725798,0.04924250437276981,9773
28263,0.1824790446562041,0.003488952520363797,9774
24289,0.1824699945040655,0.04764852162369346,9775
22688,0.18240005623160718,0.043514608817583206,9776
21756,0.18221727820144146,0.030358890371803976,9777
23582,0.182214851348701,0.061428744867715976,9778
29777,0.18213045167695788,-0.012177873229097969,9779
27270,0.18210023996551578,0.04423619104954246,9780
28054,0.18208584500051936,0.02575877844327501,9781
28398,0.18157540465644778,0.036415065551815534,9782
22551,0.18155359552622144,0.041327863135598136,9783
24778,0.1812181184735574,0.01500396425776468,9784
23211,0.18107341377485575,0.007461891860005843,9785
27052,0.18100152002946648,0.05393497137440115,9786
28292,0.18088900381490644,-0.015111857657555045,9787
25806,0.18088236026271684,0.0024569668138213208,9788
28761,0.18072804005755996,-0.0057995784600375355,9789
26827,0.18059200579993287,0.004794692520998539,9790
20497,0.18039016598610627,0.05114501808151642,9791
27214,0.18031749008661535,0.03375910644124103,9792
25963,0.18026315999941192,0.03667652939289878,9793
25731,0.18001010312238336,0.004117862861443583,9794
29020,0.17996273922397305,-0.0021775644256934734,9795
22906,0.1799193072701943,0.01036523834145539,9796
25562,0.17991010883021205,-0.006410633163437179,9797
20694,0.17971175631593922,0.05250042289908552,9798
26020,0.1796887121751343,-0.0190588667825472,9799
24977,0.17961347293628127,0.04134735668560735,9800
21316,0.17959729029919677,0.05691929213511754,9801
24290,0.17949510538503824,0.04006857291479954,9802
28364,0.17944217450707636,0.041062713333546,9803
25110,0.179208120114137,-0.011987568724682846,9804
25175,0.17906713051555934,-0.0008799848289176848,9805
26541,0.17906337229300026,0.006261362895914363,9806
27196,0.1790027754874703,0.05876263485441689,9807
26368,0.17895318701236482,0.013842777010053903,9808
23528,0.1786021840873602,0.05335751745815129,9809
26812,0.17846709752616863,0.020657173564707032,9810
26330,0.17833397814114113,0.05971179719081003,9811
26126,0.17808813472576313,0.018704924702553083,9812
28744,0.1780820993323459,0.05905150330488655,9813
25829,0.17807224412394548,0.057325383940412936,9814
25430,0.17774090650892668,-0.01985529338501657,9815
26377,0.1771392635317024,-0.001077325874558166,9816
27110,0.17695979521986813,-0.004138520356094105,9817
20825,0.17654612505138398,0.041997883474174075,9818
27204,0.17627108131227628,0.04348869661543292,9819
22423,0.17599917990044092,0.028244543415834128,9820
26724,0.17596380134692566,0.043289968307270305,9821
27961,0.17580888158458297,0.049286461183877084,9822
21755,0.17576214443189514,0.04662047267792227,9823
25736,0.17527493443177333,0.009472353017813517,9824
23979,0.17506524828259204,0.04660026319062452,9825
24604,0.174916192167507,0.04202871621616025,9826
26207,0.17472889910074185,0.018696828782448133,9827
26942,0.17468835856297205,0.053020946240174754,9828
25287,0.1744859074337774,0.03508430539383478,9829
24461,0.17448277519523853,-0.01693243551365986,9830
28858,0.17447934303599905,0.03241529895373485,9831
20893,0.17437558170315454,0.020937444475688433,9832
23344,0.17424480404217518,0.059172260354286396,9833
27897,0.17399564249738378,0.024911361597785925,9834
28798,0.1739213720191192,0.0017069866024069513,9835
23470,0.1737438970053536,0.057968118451139306,9836
28466,0.1736977568526616,-0.014168108898818338,9837
20418,0.1736606117311776,0.018036137432890675,9838
22255,0.17364009670646158,-0.0032817164118429387,9839
27367,0.17361641408160935,0.003354792184896649,9840
21551,0.17358731979409847,0.039658521600169805,9841
29658,0.17292319834869388,0.010102767956043923,9842
20709,0.1727538049380082,0.03439649516873172,9843
24856,0.17274968312372654,0.04857012359800246,9844
25289,0.17274297091476445,0.011520871407305844,9845
21952,0.1726919334172379,0.00016552837835309697,9846
25693,0.1724511893951622,0.04596008329199208,9847
26610,0.1723274009601655,0.011798854444017376,9848
27808,0.17213468287986575,0.009011879071350398,9849
26651,0.17212842687933283,0.03456492364162633,9850
22548,0.17210845879281114,0.014611666062420703,9851
28781,0.1720713719007884,0.012956219498136523,9852
22541,0.17191160802833746,0.01349953233431564,9853
26685,0.1719076393498766,-0.003036244063690574,9854
27336,0.1717400190677391,0.03647570612863127,9855
28532,0.1714843317873832,0.04216142124258501,9856
22534,0.1714099514378864,0.017710219853268816,9857
25349,0.17136625214441537,0.016359464170000393,9858
28860,0.17128488891181007,-0.011682602727284996,9859
27024,0.17109146320450802,0.032312833638475535,9860
21118,0.17106312669838974,-0.00933662285442588,9861
25490,0.1709484818999255,0.001421238059441693,9862
28927,0.17058519877247147,0.03898322109427885,9863
21785,0.17024375230478977,0.03616773738042281,9864
25435,0.1702388740128003,0.03919158689284838,9865
20298,0.170053724648365,0.004424991509200921,9866
22006,0.1699635256157274,0.040257219885603185,9867
23886,0.16983914525319066,0.04299954512343285,9868
24243,0.16962694787627783,0.012155976391432205,9869
24623,0.1693163424313089,-0.0040088843779801375,9870
26949,0.16920154339856716,0.023747405115967624,9871
20021,0.1689854854553814,0.039411872185607794,9872
23877,0.16896756005363595,0.060841109938755925,9873
28199,0.16887124710407256,0.02923727468934198,9874
23843,0.16881375949038938,0.03237275322698163,9875
26548,0.16875056073212216,0.027674080911531312,9876
23620,0.1683449595254849,0.01208139400573674,9877
26247,0.16831153168865196,-0.0121589890237922,9878
26990,0.1683063009457144,0.051363740327859536,9879
23414,0.1683061880701765,0.017644982481538646,9880
21939,0.16819016443659818,0.011850456676324561,9881
23154,0.16809716869409838,0.05758602256120336,9882
23276,0.16808553870042134,-0.0054798281103895785,9883
26526,0.1680756076677039,0.01885404394659676,9884
25873,0.1679030515482752,0.01425486256810965,9885
26838,0.16784237120661916,0.03120564342426299,9886
26904,0.16772094797924064,0.052307891320953356,9887
23782,0.16750330456168733,0.06319441009758903,9888
29472,0.16730296519720206,0.03727847815329047,9889
28315,0.16724068512677498,0.005097944755751538,9890
28579,0.167087447663445,0.03738621172952028,9891
23189,0.16699859045353319,0.031706705080921105,9892
23066,0.16650448017098,0.0681204396621164,9893
20995,0.16646899376523117,5.039275743201621e-05,9894
29462,0.16610718742142788,0.03362838320376274,9895
29984,0.16605437636602635,0.031448105889642836,9896
21843,0.16595063633156432,0.007987122591618379,9897
20441,0.1658782060287803,0.07372100966200851,9898
27994,0.16564341014983264,0.04732426044240845,9899
22037,0.1654383177676956,0.05374367198897044,9900
25044,0.16540166391383362,-0.0077555616735615895,9901
28299,0.16501175252075495,-0.0020335080289125007,9902
29250,0.16492969597885046,0.00040903328693406293,9903
26345,0.16472019463310605,0.04954497269005738,9904
29905,0.16388000804369537,0.03297158137904074,9905
22574,0.16260890124021865,0.0005520156425777301,9906
24879,0.16201091547320415,0.05687287284231542,9907
27069,0.16183899369611018,0.014674611054999787,9908
22330,0.16153450696582858,0.05275043430357934,9909
29531,0.16111254115018483,0.045690459115767745,9910
28716,0.16084721003840396,5.570593115161726e-05,9911
28224,0.16082638475372904,0.037736096734165975,9912
24981,0.16003064109530432,-0.0018777200647603909,9913
28797,0.15997065190409607,0.004211858901825571,9914
27401,0.15970757588782822,0.033473555848154396,9915
29113,0.1593953107039536,0.002713449801116957,9916
24713,0.15919503626837558,-0.005247277563677627,9917
26039,0.1587643740662492,0.04647613161356039,9918
29971,0.15831706933870637,0.01454035445181126,9919
21181,0.1581215374141424,0.04507195065594763,9920
25573,0.15806431949577057,0.006599717353765272,9921
26324,0.15806305357127162,0.01762589910022272,9922
20237,0.15782278852535353,0.040550800191420655,9923
26007,0.15775133036855962,0.03849796279914465,9924
21459,0.15760826910687853,0.038869404855034234,9925
28503,0.15756262749540378,0.0029682351606712953,9926
21759,0.1571405848029953,0.03498343017925876,9927
20595,0.1560126199039866,0.004366116676534304,9928
25183,0.15595267638496593,0.0016251306066968618,9929
25322,0.1552397650409885,0.020852831069068628,9930
22073,0.15506379953048835,-0.00219469170601741,9931
21706,0.15497706611210868,0.05578922155011204,9932
28573,0.1544147705771565,0.028303040645988597,9933
20024,0.15432806967230522,0.05875551429181443,9934
26822,0.15397059367848928,0.04106916725390264,9935
26175,0.15332904414726867,-0.0029696485414090756,9936
27061,0.1530948512553396,0.036372777478472854,9937
22184,0.15298573782562402,0.03481494987941157,9938
23748,0.1528115689439462,0.03434609781000614,9939
28545,0.15245863052330513,0.05380557700463186,9940
27856,0.15228753212662452,-0.01998789797099848,9941
24993,0.15191320017339346,0.006305021494274365,9942
26133,0.15178569685680898,0.009597566577291938,9943
21045,0.15161971192641224,0.030538885581051667,9944
24704,0.1510414743228457,0.009414588467025559,9945
21867,0.1507899675394659,0.03815038704985771,9946
22455,0.1507587275692242,0.031666850315934386,9947
20330,0.15069767190846411,0.009125820538495505,9948
21501,0.15038433562495065,0.004003443304622739,9949
22248,0.15032403322905422,0.04151112862649714,9950
28808,0.1500913288077383,-0.0002044002810207557,9951
27606,0.1500238209725381,-0.007808587816980933,9952
23700,0.14976603840409036,-0.02319472275399631,9953
25165,0.14968985632901147,0.01340063264287819,9954
29547,0.14908664413194242,0.019330129459121104,9955
28384,0.14897262443636441,0.010201475815062366,9956
24661,0.1486602810709369,-0.0028954108216353303,9957
24979,0.14865553129239342,0.0473160876395432,9958
21868,0.1483233646635508,0.011463681743061477,9959
20717,0.1478409123539052,0.02499964535902234,9960
27355,0.14769683628131133,0.027380733977220198,9961
21033,0.14752670550924396,0.05510536155512401,9962
29313,0.1473914922737876,-0.01684574215588716,9963
28164,0.14709700768269574,0.027850555664560267,9964
29945,0.14692236628790334,-0.01680242065612486,9965
27246,0.14635261985867354,0.006002398623861455,9966
26205,0.1452255810706956,0.0040689027640087305,9967
22963,0.14503588452794336,0.009974676244320524,9968
27245,0.1443393359672565,0.01743810630151424,9969
21770,0.14399454074979512,-0.018948637991092143,9970
23750,0.14348256873423818,0.0008423252189807273,9971
20429,0.14273215285306529,-0.0007175145289590457,9972
21253,0.14200474462596752,-0.0011431963499810571,9973
24687,0.14095649730051313,0.00498799572529407,9974
22673,0.1392287621596129,0.03688277144671717,9975
25454,0.13843909515560204,0.01072512275541751,9976
26952,0.1381704296788912,0.028220983503866537,9977
21261,0.13769402780685075,-0.0027170511640814132,9978
29723,0.1376103164078072,0.0019702733704654585,9979
27661,0.1371406152161779,0.013542144311832996,9980
20559,0.13649217740857683,0.0029937358917680457,9981
22362,0.13609966672338347,0.0034251880619539654,9982
28040,0.13595313726420646,0.003496378662523003,9983
27514,0.13491808998459648,0.011656999459612377,9984
21273,0.1348559026174739,0.008614997038707078,9985
21232,0.1331432759391522,0.014968132065927453,9986
21660,0.1324300677354937,0.014306215839540976,9987
24132,0.12981529729335659,0.02904367982477231,9988
29487,0.1291661451452265,0.006305334493656431,9989
23417,0.12662109209596234,0.03254844759536882,9990
26056,0.12488115090442838,0.008720163927034938,9991
23668,0.12274425199056588,0.02112773699618492,9992
22580,0.12231217637309501,-0.013043319108409265,9993
24123,0.12149530115063295,0.02753089084502966,9994
29294,0.121139224457813,0.017861747834066022,9995
29168,0.11889561480900876,-0.002398288251143521,9996
24462,0.11795334149280448,0.026501410240723444,9997
29774,0.11473234188610958,0.03443251474709645,9998
23143,0.11311253556518439,0.018385014910205874,9999
24270,0.09815176892206849,-0.0010614791894209413,10000
